clonotype_id,consensus_id,length,chain,v_gene,d_gene,j_gene,c_gene,full_length,productive,cdr3,cdr3_nt,reads,umis
clonotype100,clonotype100_consensus_1,687,IGK,IGKV3-15,None,IGKJ4,IGKC,True,True,CQQYNNWPLLTF,TGTCAGCAGTATAATAACTGGCCTCTTCTCACTTTC,141351,51
clonotype100,clonotype100_consensus_2,578,IGH,IGHV3-23,IGHD6-13,IGHJ4,IGHM,True,True,CAVRLDSSSWYYFDYW,TGTGCGGTCCGTCTAGATAGCAGCAGCTGGTACTATTTTGACTACTGG,41501,26
clonotype101,clonotype101_consensus_1,692,IGL,IGLV3-25,None,IGLJ2,IGLC2,True,True,CQSADSSGTYVVF,TGTCAATCAGCAGACAGCAGTGGTACTTATGTGGTATTC,75880,10
clonotype101,clonotype101_consensus_2,581,IGH,IGHV4-61,IGHD3-22,IGHJ5,IGHM,True,True,CARVCEGSSGYYYVGWFDPW,TGTGCGAGAGTCTGTGAGGGTAGTAGTGGTTATTACTACGTAGGCTGGTTCGACCCCTGG,67838,6
clonotype102,clonotype102_consensus_1,664,IGK,IGKV1D-39,None,IGKJ1,IGKC,True,True,CQQSYPSLWTF,TGTCAACAGAGTTACCCTTCCCTGTGGACGTTC,156613,64
clonotype102,clonotype102_consensus_2,764,IGH,IGHV4-31,IGHD6-6,IGHJ4,IGHG3,True,True,CARTQAHRAFDFW,TGTGCGAGGACACAAGCTCACAGGGCTTTTGACTTCTGG,11656,9
clonotype103,clonotype103_consensus_1,759,IGL,IGLV3-1,None,IGLJ2,IGLC2,True,True,CQAWDSSTVVF,TGTCAGGCGTGGGACAGCAGCACTGTGGTATTC,66210,11
clonotype104,clonotype104_consensus_1,698,IGL,IGLV1-40,None,IGLJ3,IGLC2,True,True,CQSYDSSLSGSRVF,TGCCAGTCCTATGACAGCAGCCTGAGTGGTTCGAGAGTGTTC,88790,37
clonotype104,clonotype104_consensus_2,753,IGH,IGHV1-2,IGHD3-10,IGHJ5,IGHM,True,True,CARNYKYGSGRDDWFDPW,TGTGCGAGAAACTACAAATATGGTTCGGGGAGAGATGACTGGTTCGACCCCTGG,88879,38
clonotype105,clonotype105_consensus_1,765,IGH,IGHV1-2,IGHD6-13,IGHJ6,IGHG1,True,True,CARALAAGTIYYYGMDVW,TGTGCGAGAGCATTAGCAGCTGGCACGATCTACTACTACGGGATGGACGTCTGG,4263,6
clonotype105,clonotype105_consensus_2,690,IGK,IGKV3-11,None,IGKJ2,IGKC,True,True,CQQRSNWPPGYSF,TGTCAGCAGCGTAGCAACTGGCCTCCGGGGTACAGTTTT,185084,117
clonotype106,clonotype106_consensus_1,749,IGH,IGHV4-39,IGHD6-19,IGHJ4,IGHM,True,True,CARIYSSGWYRYPRDHQFDYW,TGTGCGAGGATCTATAGCAGTGGCTGGTACCGGTACCCTCGAGACCACCAATTTGACTACTGG,60720,30
clonotype106,clonotype106_consensus_2,715,IGL,IGLV3-19,None,IGLJ3,IGLC2,True,True,CNSRDSSGNHLVF,TGTAACTCCCGGGACAGCAGTGGTAACCATCTGGTGTTC,100875,49
clonotype107,clonotype107_consensus_1,759,IGL,IGLV3-1,None,IGLJ2,IGLC2,True,True,CQAWDSSTVVF,TGTCAGGCGTGGGACAGCAGCACTGTGGTATTC,138397,61
clonotype107,clonotype107_consensus_2,592,IGH,IGHV3-33,IGHD3-22,IGHJ2,IGHM,True,True,CAKNAHYDSSRLWYFDLW,TGTGCGAAAAATGCCCACTATGATAGTAGCCGGCTTTGGTACTTCGATCTCTGG,34405,19
clonotype108,clonotype108_consensus_1,771,IGL,IGLV1-51,None,IGLJ3,IGLC3,True,True,CGTWDSSLSAGVF,TGCGGAACATGGGATAGCAGCCTGAGTGCTGGGGTGTTC,6106,1
clonotype108,clonotype108_consensus_2,753,IGH,IGHV1-2,IGHD2-8,IGHJ5,IGHD,True,True,CARDQQVYAIFRGVDPW,TGTGCGAGAGATCAACAGGTGTATGCTATTTTTCGGGGGGTCGACCCCTGG,102045,33
clonotype109,clonotype109_consensus_1,778,IGL,IGLV1-47,None,IGLJ3,IGLC3,True,True,CTTWDDSLSAWVF,TGTACAACATGGGATGACAGCCTGAGTGCTTGGGTGTTC,111471,90
clonotype109,clonotype109_consensus_2,666,IGH,IGHV3-7,IGHD2-2,IGHJ4,IGHA1,True,True,CARDFAAVPAYW,TGTGCGAGAGATTTCGCGGCAGTACCTGCCTACTGG,70966,47
clonotype10,clonotype10_consensus_1,582,IGH,IGHV1-69-2,IGHD3-9,IGHJ3,IGHM,True,True,CARDLKERYFDWLLYPGDAFDIW,TGTGCGAGAGATCTCAAGGAACGATATTTTGACTGGTTATTATACCCAGGTGATGCTTTTGATATCTGG,33774,35
clonotype10,clonotype10_consensus_2,661,IGK,IGKV1D-39,None,IGKJ4,IGKC,True,True,CQQSYSTPLTF,TGTCAACAGAGTTACAGTACCCCCCTCACTTTC,90473,52
clonotype110,clonotype110_consensus_1,683,IGK,IGKV1-8,None,IGKJ1,IGKC,True,True,CQQYYSYPPAF,TGTCAACAGTATTATAGTTACCCTCCGGCGTTC,94072,18
clonotype110,clonotype110_consensus_2,576,IGH,IGHV3-23,IGHD4-4,IGHJ4,IGHM,True,True,CAKDNDYMALCIDYW,TGTGCGAAAGATAATGACTACATGGCCCTTTGTATTGACTACTGG,57116,19
clonotype111,clonotype111_consensus_1,618,IGH,IGHV3-33,IGHD3-10,IGHJ4,IGHM,True,True,CAKDLVYYGSGSHTPFDYW,TGTGCGAAAGATCTCGTATACTATGGTTCGGGGAGTCACACCCCCTTTGACTACTGG,67112,18
clonotype111,clonotype111_consensus_2,660,IGK,IGKV1D-39,None,IGKJ2,IGKC,True,True,CQQSYSTPYTF,TGTCAACAGAGTTACAGTACCCCGTACACTTTT,102858,16
clonotype112,clonotype112_consensus_1,732,IGH,IGHV4-31,IGHD3-22,IGHJ2,IGHM,True,True,CARVGESSGYYHWYFDLW,TGTGCCAGAGTGGGGGAAAGTAGTGGTTATTATCACTGGTACTTCGATCTCTGG,60751,27
clonotype112,clonotype112_consensus_2,771,IGL,IGLV6-57,None,IGLJ3,IGLC3,True,True,CQSYDSSNPWVF,TGTCAGTCTTATGATAGCAGCAATCCTTGGGTGTTC,69909,36
clonotype112,clonotype112_consensus_3,785,IGL,IGLV3-21,None,IGLJ2,IGLC3,True,True,CQVWDSSSDHPVF,TGTCAGGTGTGGGATAGTAGTAGTGATCATCCGGTATTC,44255,24
clonotype113,clonotype113_consensus_1,684,IGL,IGLV3-25,None,IGLJ1,IGLC1,True,True,CQSADSSGTYVF,TGTCAATCAGCAGACAGCAGTGGTACTTATGTCTTC,92640,33
clonotype113,clonotype113_consensus_2,735,IGH,IGHV4-59,IGHD3-22,IGHJ4,IGHM,True,True,CARRINYYDSSGRKPVYYFDYW,TGTGCGAGACGAATTAATTACTATGATAGTAGTGGTCGAAAACCCGTGTACTACTTTGACTACTGG,63644,24
clonotype114,clonotype114_consensus_1,781,IGL,IGLV1-47,None,IGLJ3,IGLC2,True,True,CAAWDDSLSAHWVF,TGTGCAGCATGGGATGACAGCCTGAGTGCCCATTGGGTGTTC,67710,22
clonotype114,clonotype114_consensus_2,740,IGH,IGHV4-34,IGHD6-13,IGHJ6,IGHM,True,True,CARGRGIPRYSSSFTYYYYGMDVW,TGTGCGAGAGGCCGCGGAATCCCCCGGTATAGCAGCAGCTTTACCTACTACTACTACGGTATGGACGTCTGG,108093,35
clonotype115,clonotype115_consensus_1,606,IGH,IGHV3-33,IGHD7-27,IGHJ4,IGHM,True,True,CARALGWTFDYW,TGTGCGAGAGCACTGGGCTGGACATTTGACTACTGG,63313,15
clonotype115,clonotype115_consensus_2,696,IGL,IGLV1-40,None,IGLJ1,IGLC1,True,True,CQSYDSSLSGYVF,TGCCAGTCCTATGACAGCAGCCTGAGTGGTTATGTCTTC,120329,32
clonotype116,clonotype116_consensus_1,675,IGK,IGKV3-11,None,IGKJ5,IGKC,True,True,CQQSNNWPLTF,TGTCAGCAGAGTAACAACTGGCCTCTGACCTTC,164220,63
clonotype116,clonotype116_consensus_2,577,IGH,IGHV3-53,IGHD6-19,IGHJ4,IGHM,True,True,CAGRYSGDWYRFW,TGTGCGGGGCGATATAGCGGTGACTGGTACCGCTTCTGG,20714,13
clonotype117,clonotype117_consensus_1,671,IGK,IGKV3-11,None,IGKJ1,IGKC,True,True,CQQRSNWPWTF,TGTCAGCAGCGTAGCAACTGGCCTTGGACGTTC,135984,63
clonotype117,clonotype117_consensus_2,657,IGH,IGHV3-21,IGHD2-2,IGHJ4,IGHM,True,True,CARAALGYCSSTSCSPAYYFDYW,TGTGCGAGAGCTGCCCTAGGATATTGTAGTAGTACCAGCTGCTCACCCGCGTACTACTTTGACTACTGG,25554,22
clonotype118,clonotype118_consensus_1,721,IGH,IGHV1-69-2,IGHD1-14,IGHJ6,IGHM,True,True,CARLPDYYYYGMDVW,TGTGCGAGATTACCGGACTACTACTACTACGGTATGGACGTCTGG,67015,38
clonotype118,clonotype118_consensus_2,658,IGK,IGKV1-5,None,IGKJ2,IGKC,True,True,CQQYNSYLYTF,TGCCAACAGTATAATAGTTATCTGTACACTTTT,70759,25
clonotype119,clonotype119_consensus_1,776,IGH,IGHV3-33,IGHD5-18,IGHJ6,IGHD,True,True,CANNPVDTAMDNYYYYGMDVW,TGTGCGAACAATCCCGTGGATACAGCTATGGACAACTACTACTACTACGGTATGGACGTCTGG,82832,10
clonotype11,clonotype11_consensus_1,658,IGK,IGKV1D-39,None,IGKJ2,IGKC,True,True,CQQSYSTPYTF,TGTCAACAGAGTTACAGTACCCCGTACACTTTT,137955,32
clonotype11,clonotype11_consensus_2,578,IGH,IGHV3-21,None,IGHJ6,IGHM,True,True,CARDRGVW,TGTGCGAGAGACAGGGGCGTCTGG,30199,12
clonotype120,clonotype120_consensus_1,695,IGL,IGLV4-69,None,IGLJ3,IGLC3,True,True,CQTWGTGIRVF,TGTCAGACCTGGGGCACTGGCATTCGGGTGTTC,76558,30
clonotype120,clonotype120_consensus_2,761,IGL,IGLV3-1,None,IGLJ2,IGLC3,True,True,CQAWDSSTVVF,TGTCAGGCGTGGGACAGCAGCACTGTGGTATTC,36224,15
clonotype120,clonotype120_consensus_3,515,IGH,IGHV2-5,IGHD3-22,IGHJ4,IGHM,True,True,CAHVYYDSRLSVW,TGTGCACACGTTTACTATGATAGTAGGTTATCGGTCTGG,68644,26
clonotype121,clonotype121_consensus_1,708,IGL,IGLV1-40,None,IGLJ2,IGLC2,True,True,CQSYDSSLSGSGVF,TGCCAGTCCTATGACAGCAGCCTGAGTGGTTCGGGGGTATTC,122069,57
clonotype121,clonotype121_consensus_2,936,IGH,IGHV1-69-2,IGHD6-13,IGHJ6,IGHD,True,True,CARPGGAPGIAAAGSGTYYYYYGMDVW,TGTGCGAGACCGGGGGGGGCCCCGGGTATAGCAGCAGCTGGTTCCGGAACTTATTACTACTACTACGGTATGGACGTCTGG,70004,28
clonotype122,clonotype122_consensus_1,680,IGK,IGKV2-30,None,IGKJ1,IGKC,True,True,CMQGTHWPWTF,TGCATGCAAGGTACACACTGGCCTTGGACGTTC,80306,9
clonotype123,clonotype123_consensus_1,713,IGH,IGHV4-39,IGHD6-19,IGHJ3,IGHM,True,True,CARHYFSGAVANNDAFDIW,TGTGCGAGACATTACTTTTCGGGGGCAGTGGCTAATAATGATGCTTTTGATATCTGG,108490,30
clonotype123,clonotype123_consensus_2,747,IGL,IGLV3-1,None,IGLJ2,IGLC2,True,True,CQAWDSSTAVF,TGTCAGGCGTGGGACAGCAGCACTGCGGTATTC,66353,20
clonotype124,clonotype124_consensus_1,738,IGH,IGHV4-61,IGHD3-22,IGHJ3,IGHM,True,True,CARRLAYYYDSSGYREAFDIW,TGTGCGAGAAGGTTGGCGTATTACTATGATAGTAGTGGTTATCGGGAAGCTTTTGATATCTGG,63606,25
clonotype124,clonotype124_consensus_2,684,IGL,IGLV2-14,None,IGLJ2,IGLC2,True,True,CSSYTSSSTRCVF,TGCAGCTCATATACAAGCAGCAGCACCCGATGTGTATTC,105185,48
clonotype125,clonotype125_consensus_1,676,IGK,IGKV2D-28,None,IGKJ1,IGKC,True,True,CMQGIQIPWTL,TGCATGCAAGGTATACAAATTCCGTGGACGTTG,184800,102
clonotype125,clonotype125_consensus_2,738,IGH,IGHV3-15,IGHD3-3,IGHJ4,IGHG2,True,True,CATGSGYANGGHWGADW,TGTGCCACAGGGAGTGGCTATGCGAATGGGGGCCATTGGGGGGCTGACTGG,5536,11
clonotype126,clonotype126_consensus_1,756,IGK,IGKV4-1,None,IGKJ3,IGKC,True,True,CQQYYSSPFTF,TGTCAGCAGTATTATAGTAGTCCATTCACTTTC,131022,106
clonotype126,clonotype126_consensus_2,666,IGH,IGHV3-15,IGHD1OR15-1A,IGHJ4,IGHA1,True,True,CTKGGPEGTYFDYW,TGCACCAAAGGGGGTCCGGAGGGAACATACTTCGACTACTGG,23913,29
clonotype127,clonotype127_consensus_1,599,IGH,IGHV3-66,IGHD3-22,IGHJ2,IGHM,True,True,CARGTPYYYDSSGYYPHWYFDLW,TGTGCGAGAGGGACCCCTTATTACTATGATAGTAGTGGTTATTACCCTCACTGGTACTTCGATCTCTGG,25137,17
clonotype127,clonotype127_consensus_2,790,IGK,IGKV3-15,None,IGKJ1,IGKC,True,True,CQQYNNWLWTF,TGTCAGCAGTATAATAACTGGCTTTGGACGTTC,165739,69
clonotype128,clonotype128_consensus_1,569,IGH,IGHV1-69-2,IGHD5-12,IGHJ6,IGHM,True,True,CAREGVATIYYYYGMDVW,TGTGCGAGAGAAGGGGTGGCTACGATTTACTACTACTACGGTATGGACGTCTGG,71077,23
clonotype128,clonotype128_consensus_2,701,IGK,IGKV2D-28,None,IGKJ3,IGKC,True,True,CMQALQTLLFTF,TGCATGCAAGCTCTACAAACTCTTTTATTCACTTTC,112409,23
clonotype129,clonotype129_consensus_1,700,IGK,IGKV1-12,None,IGKJ4,IGKC,True,True,CQQASSFPALTF,TGTCAACAGGCTAGCAGTTTCCCCGCGCTCACTTTC,116565,54
clonotype129,clonotype129_consensus_2,553,IGH,IGHV1-69-2,IGHD2OR15-2B,IGHJ5,IGHM,True,True,CASSFSNWFDPW,TGTGCGAGCTCCTTTTCGAACTGGTTCGACCCCTGG,34035,29
clonotype12,clonotype12_consensus_1,602,IGH,IGHV3-33,IGHD5-18,IGHJ4,IGHM,True,True,CARGKYSYPSYYFDYW,TGTGCGAGAGGGAAATACAGCTATCCCTCCTACTACTTTGACTACTGG,48014,42
clonotype12,clonotype12_consensus_2,676,IGL,IGLV3-19,None,IGLJ1,IGLC1,True,True,CNSRDSSGNLHVF,TGTAACTCCCGGGACAGCAGTGGTAACCTCCATGTCTTC,61366,48
clonotype130,clonotype130_consensus_1,733,IGH,IGHV3-33,IGHD3-16,IGHJ4,IGHM,True,True,CARGGGYYFDYW,TGTGCGAGAGGGGGGGGATACTACTTTGACTACTGG,81470,23
clonotype130,clonotype130_consensus_2,658,IGK,IGKV1D-39,None,IGKJ3,IGKC,True,True,CQQSYSTPFTF,TGTCAACAGAGTTACAGTACCCCATTCACTTTC,93155,18
clonotype131,clonotype131_consensus_1,555,IGH,IGHV4-59,IGHD4-17,IGHJ6,IGHD,True,True,CARDPPFYGMDVW,TGTGCGAGAGATCCCCCATTTTACGGTATGGACGTCTGG,28829,14
clonotype131,clonotype131_consensus_2,679,IGK,IGKV3-11,None,IGKJ1,IGKC,True,True,CQQRSNWPWTF,TGTCAGCAGCGTAGCAACTGGCCGTGGACGTTC,156010,51
clonotype132,clonotype132_consensus_1,728,IGH,IGHV1-46,IGHD1-26,IGHJ6,IGHM,True,True,CARASGSYFYYYYMDVW,TGTGCGAGGGCTAGTGGGAGCTACTTCTACTACTACTACATGGACGTCTGG,37829,49
clonotype132,clonotype132_consensus_2,665,IGK,IGKV1-27,None,IGKJ1,IGKC,True,True,CQKYNSAQTWTF,TGTCAAAAGTATAACAGTGCCCAGACGTGGACGTTC,111008,90
clonotype133,clonotype133_consensus_1,577,IGH,IGHV3-11,IGHD1-1,IGHJ4,IGHM,True,True,CARVGTTGTTLDYW,TGTGCGAGAGTCGGTACAACTGGAACGACTCTTGACTACTGG,59059,28
clonotype133,clonotype133_consensus_2,690,IGL,IGLV2-14,None,IGLJ1,IGLC1,True,True,CSSYTSSSTSNYVF,TGCAGCTCATATACAAGCAGCAGCACTTCTAATTATGTCTTC,128704,53
clonotype134,clonotype134_consensus_1,599,IGH,IGHV3-48,IGHD3-9,IGHJ5,IGHM,True,True,CAREPDPPTYTIFYTEQNWFDPW,TGTGCGAGGGAACCCGACCCCCCCACCTATACGATATTTTATACGGAGCAGAACTGGTTCGACCCCTGG,47603,8
clonotype134,clonotype134_consensus_2,660,IGK,IGKV1D-39,None,IGKJ2,IGKC,True,True,CQQLNSYPVHF,TGTCAACAGCTTAATAGTTACCCCGTACACTTT,129092,14
clonotype135,clonotype135_consensus_1,677,IGK,IGKV1-33,None,IGKJ4,IGKC,True,True,CQQYDNLPPLTF,TGTCAACAGTATGATAATCTCCCTCCACTCACTTTC,155384,39
clonotype135,clonotype135_consensus_2,589,IGH,IGHV3-30,IGHD2-2,IGHJ4,IGHM,True,True,CAKDPRVPAASHRSGQFDYW,TGTGCGAAAGATCCGCGAGTACCAGCTGCTAGTCACCGAAGTGGGCAATTTGACTACTGG,28502,11
clonotype136,clonotype136_consensus_1,680,IGL,IGLV3-21,None,IGLJ2,IGLC1,True,True,CQVWDSSSDHVVF,TGTCAGGTGTGGGATAGTAGTAGTGATCATGTGGTATTC,65854,11
clonotype136,clonotype136_consensus_2,578,IGH,IGHV3-74,IGHD6-13,IGHJ4,IGHM,True,True,CARVRYSSSWYLSGDFDYW,TGTGCAAGAGTTAGATATAGCAGCAGCTGGTACCTATCAGGAGACTTTGACTACTGG,20212,4
clonotype137,clonotype137_consensus_1,606,IGH,IGHV1-18,IGHD2-2,IGHJ6,IGHD,True,True,CARDGPAARAYYYYYYMDVW,TGTGCGAGAGATGGACCAGCTGCCCGGGCCTACTACTACTACTACTACATGGACGTCTGG,48528,33
clonotype137,clonotype137_consensus_2,700,IGK,IGKV3-20,None,IGKJ4,IGKC,True,True,CQQYGSSPTF,TGTCAGCAGTATGGTAGCTCACCCACTTTC,133518,61
clonotype138,clonotype138_consensus_1,661,IGK,IGKV1-33,None,IGKJ4,IGKC,True,True,CQQYDNLPLTF,TGTCAACAGTATGATAATCTCCCTCTCACTTTC,167770,85
clonotype138,clonotype138_consensus_2,674,IGH,IGHV3-30,IGHD3-3,IGHJ6,IGHM,True,True,CAKEGNGSQDFWSGYLMDVW,TGTGCGAAAGAAGGGAATGGATCTCAGGATTTTTGGAGTGGTTATCTAATGGACGTCTGG,21821,18
clonotype139,clonotype139_consensus_1,612,IGH,IGHV1-46,IGHD2-2,IGHJ6,IGHM,True,True,CARVYRGVVPAALEWGMDVW,TGTGCGAGAGTGTATAGAGGGGTAGTACCAGCTGCTCTCGAGTGGGGTATGGACGTCTGG,40891,69
clonotype139,clonotype139_consensus_2,665,IGK,IGKV1-5,None,IGKJ2,IGKC,True,True,CQQYNSYPYTF,TGCCAACAGTATAATAGTTATCCGTACACTTTT,152478,159
clonotype13,clonotype13_consensus_1,680,IGL,IGLV2-14,None,IGLJ2,IGLC2,True,True,CSSYTSSSTVVF,TGCAGCTCATATACAAGCAGCAGCACTGTGGTATTC,42242,68
clonotype13,clonotype13_consensus_2,676,IGK,IGKV2D-29,None,IGKJ2,IGKC,True,True,CMQGIHLPYTF,TGCATGCAAGGTATACACCTTCCGTACACTTTT,79269,75
clonotype13,clonotype13_consensus_3,714,IGH,IGHV5-51,IGHD5-18,IGHJ4,IGHM,True,True,CARHHRGYSYVDYW,TGTGCGAGACACCATCGTGGATACAGCTATGTTGACTACTGG,45365,63
clonotype140,clonotype140_consensus_1,599,IGH,IGHV4-39,IGHD6-19,IGHJ5,IGHM,True,True,CARHAVAVAGRRTNWFDPW,TGTGCGAGACATGCGGTGGCAGTGGCTGGCAGGAGGACTAACTGGTTCGACCCCTGG,96258,31
clonotype140,clonotype140_consensus_2,661,IGK,IGKV1D-39,None,IGKJ1,IGKC,True,True,CQQSYSTPPTF,TGTCAACAGAGTTACAGTACCCCTCCCACGTTC,90180,20
clonotype141,clonotype141_consensus_1,661,IGK,IGKV1D-13,None,IGKJ4,IGKC,True,True,CQQYYSTLLTF,TGTCAACAGTATTATAGTACCCTCCTCACTTTC,65378,14
clonotype141,clonotype141_consensus_2,739,IGH,IGHV4-34,IGHD4-23,IGHJ3,IGHM,True,True,CAGRTNTMTTVVTPVMDAFDIW,TGTGCGGGACGGACCAATACCATGACTACGGTGGTAACTCCGGTAATGGATGCTTTTGATATCTGG,125308,33
clonotype142,clonotype142_consensus_1,727,IGH,IGHV4-34,IGHD4-17,IGHJ5,IGHD,True,True,CARRGATVKQSGWFDPW,TGTGCGAGACGGGGAGCTACGGTGAAACAGAGTGGGTGGTTCGACCCCTGG,63333,26
clonotype142,clonotype142_consensus_2,724,IGL,IGLV1-40,None,IGLJ1,IGLC1,True,True,CQSYDSSLSGSYVF,TGCCAGTCCTATGACAGCAGCCTGAGTGGTTCTTATGTCTTC,113800,54
clonotype143,clonotype143_consensus_1,610,IGH,IGHV3-33,IGHD2-2,IGHJ6,IGHM,True,True,CARDKARLGYCSSTSCPPYFYYGMDVW,TGTGCGAGAGATAAGGCGAGGCTAGGATATTGTAGTAGTACCAGCTGCCCCCCCTACTTTTACTACGGTATGGACGTCTGG,47847,31
clonotype143,clonotype143_consensus_2,661,IGK,IGKV1D-39,None,IGKJ2,IGKC,True,True,CQQSYSTPYTF,TGTCAACAGAGTTACAGTACCCCGTACACTTTT,140164,49
clonotype144,clonotype144_consensus_1,737,IGH,IGHV1-18,IGHD2-2,IGHJ1,IGHM,True,True,CARDTRGVVPAAPTSSRYFQHW,TGTGCGAGAGATACACGGGGAGTAGTACCAGCTGCACCTACGTCCTCAAGATACTTCCAGCACTGG,91845,66
clonotype144,clonotype144_consensus_2,876,IGK,IGKV4-1,None,IGKJ4,IGKC,True,True,CQQYYSTPQLTF,TGTCAGCAATATTATAGTACTCCTCAGCTCACTTTC,101092,44
clonotype145,clonotype145_consensus_1,693,IGK,IGKV1D-17,None,IGKJ3,IGKC,True,True,CLQHNSYPFTF,TGTCTACAGCATAATAGTTACCCATTCACTTTC,142235,30
clonotype145,clonotype145_consensus_2,738,IGH,IGHV3-33,IGHD3-3,IGHJ4,IGHM,True,True,CARGHDFWSGPIDYW,TGTGCGAGAGGGCACGATTTTTGGAGTGGCCCGATTGACTACTGG,46142,20
clonotype146,clonotype146_consensus_1,663,IGK,IGKV1-33,None,IGKJ4,IGKC,True,True,CQQYDNLPLTF,TGTCAACAGTATGATAATCTCCCGCTCACTTTC,102361,40
clonotype146,clonotype146_consensus_2,744,IGH,IGHV1-69-2,IGHD5-12,IGHJ6,IGHM,True,True,CARAILVGIVATIEKNYYGMDVW,TGTGCGAGGGCTATACTGGTGGGGATAGTGGCTACGATCGAAAAAAACTACTACGGTATGGACGTCTGG,78461,48
clonotype147,clonotype147_consensus_1,769,IGL,IGLV1-44,None,IGLJ3,IGLC2,True,True,CAAWDDSLNGWVF,TGTGCAGCATGGGATGACAGCCTGAATGGTTGGGTGTTC,72508,61
clonotype147,clonotype147_consensus_2,745,IGH,IGHV1-2,IGHD1-26,IGHJ4,IGHM,True,True,CARGRWVNSGSYSYFDYW,TGTGCGAGAGGCCGGTGGGTTAATAGTGGGAGCTACTCATACTTTGACTACTGG,95944,82
clonotype147,clonotype147_consensus_3,659,IGK,IGKV1-9,None,IGKJ4,IGKC,True,True,CQQLISYPLTF,TGTCAACAGCTTATTAGTTACCCCCTCACTTTC,6894,3
clonotype148,clonotype148_consensus_1,672,IGH,IGHV3-53,IGHD1-26,IGHJ4,IGHG2,True,True,CARDLFQVGATDYW,TGTGCGAGAGATCTGTTTCAAGTGGGAGCTACTGACTACTGG,13880,28
clonotype148,clonotype148_consensus_2,686,IGK,IGKV3-20,None,IGKJ2,IGKC,True,True,CQQYGSSPGYTF,TGTCAGCAGTATGGTAGCTCACCCGGGTACACTTTT,165235,188
clonotype149,clonotype149_consensus_1,754,IGK,IGKV4-1,None,IGKJ4,IGKC,True,True,CQQYYSTPQTF,TGTCAGCAATATTATAGTACTCCTCAAACTTTC,79048,44
clonotype149,clonotype149_consensus_2,795,IGL,IGLV3-21,None,IGLJ3,IGLC2,True,True,CQVWDSSSDHPVF,TGTCAGGTGTGGGATAGTAGTAGTGATCATCCGGTGTTC,49960,53
clonotype14,clonotype14_consensus_1,649,IGK,IGKV1-33,None,IGKJ5,IGKC,True,True,CQQYGTF,TGTCAACAGTATGGAACCTTC,103029,40
clonotype14,clonotype14_consensus_2,568,IGH,IGHV4-61,IGHD2-2,IGHJ4,IGHM,True,True,CARSHCSYSNCYYFDYW,TGTGCCAGATCACATTGCAGTTATAGCAACTGCTACTACTTTGACTACTGG,63850,37
clonotype150,clonotype150_consensus_1,678,IGK,IGKV3-11,None,IGKJ2,IGKC,True,True,CQQRSNWPPGYTF,TGTCAGCAGCGTAGCAACTGGCCTCCGGGGTACACTTTT,142061,21
clonotype150,clonotype150_consensus_2,604,IGH,IGHV1-2,IGHD3-10,IGHJ6,IGHD,True,True,CARERGIGSGSHYYYYGMDVW,TGTGCGAGAGAGCGGGGAATCGGATCGGGGAGTCATTACTACTACTACGGTATGGACGTCTGG,38760,11
clonotype151,clonotype151_consensus_1,721,IGH,IGHV1-18,IGHD3-22,IGHJ4,IGHM,True,True,CAKDLPGAHYDSGGLGYW,TGTGCGAAAGATCTCCCGGGCGCTCATTATGATAGTGGTGGCCTGGGCTACTGG,4800,5
clonotype151,clonotype151_consensus_2,684,IGK,IGKV3-15,None,IGKJ1,IGKC,True,True,CQQFNKWPRTF,TGTCAGCAGTTTAATAAGTGGCCTCGGACGTTC,174610,65
clonotype152,clonotype152_consensus_1,794,IGH,IGHV3-33,IGHD3-10,IGHJ6,IGHD,True,True,CARDHDGSGSSPSPNYYYYYGMDVW,TGTGCGAGAGATCACGATGGTTCGGGGAGTTCGCCCTCCCCGAATTACTACTACTACTACGGTATGGACGTCTGG,53998,49
clonotype152,clonotype152_consensus_2,691,IGK,IGKV5-2,None,IGKJ4,IGKC,True,True,CLQHDNFPLTF,TGTCTACAACATGATAATTTCCCTCTGACTTTC,51166,27
clonotype153,clonotype153_consensus_1,583,IGH,IGHV3-23,IGHD3-9,IGHJ4,IGHM,True,True,CARFRLDTSAYYEFDCW,TGTGCGAGGTTCCGGCTGGATACCAGTGCCTATTACGAGTTTGACTGCTGG,13564,10
clonotype153,clonotype153_consensus_2,675,IGK,IGKV3-15,None,IGKJ4,IGKC,True,True,CQQYHKWPLTF,TGTCAGCAGTATCATAAATGGCCGCTCACTTTC,146164,64
clonotype154,clonotype154_consensus_1,635,IGH,IGHV3-43,IGHD2-15,IGHJ6,IGHM,True,True,CAKDILCRVAAVTVPYYYYGMDVW,TGTGCAAAAGATATATTGTGTCGGGTAGCAGCAGTCACGGTCCCCTACTACTACTACGGTATGGACGTCTGG,27636,11
clonotype154,clonotype154_consensus_2,678,IGK,IGKV3-20,None,IGKJ4,IGKC,True,True,CQQYGSSPRLTF,TGTCAGCAGTATGGTAGCTCACCTCGGCTCACTTTC,147518,39
clonotype155,clonotype155_consensus_1,630,IGH,IGHV3-33,IGHD3-10,IGHJ6,IGHM,True,True,CARDQVRITMVRGVIPYYYYYGMDVW,TGTGCGAGAGATCAAGTACGTATTACTATGGTTCGGGGAGTTATCCCTTACTACTACTACTACGGTATGGACGTCTGG,36671,22
clonotype155,clonotype155_consensus_2,664,IGK,IGKV1D-39,None,IGKJ1,IGKC,True,True,CQQSYSTPLWTF,TGTCAACAGAGTTACAGTACCCCCTTGTGGACGTTC,140749,47
clonotype156,clonotype156_consensus_1,728,IGH,IGHV1-2,IGHD3-10,IGHJ4,IGHM,True,True,CARDQAFSMVRGGLDYW,TGTGCGAGAGATCAGGCGTTTAGTATGGTTCGGGGAGGGCTTGACTACTGG,49670,38
clonotype156,clonotype156_consensus_2,682,IGL,IGLV2-11,None,IGLJ3,IGLC2,True,True,CSSYAGSNNWVF,TGCAGCTCATATGCAGGCAGCAACAATTGGGTGTTC,101247,87
clonotype157,clonotype157_consensus_1,706,IGH,IGHV4-59,IGHD5-24,IGHJ4,IGHM,True,True,CARHRKRWLQFGALDYW,TGTGCGAGACACCGGAAGAGATGGCTACAATTTGGGGCCCTAGACTACTGG,23803,15
clonotype157,clonotype157_consensus_2,687,IGK,IGKV3-20,None,IGKJ1,IGKC,True,True,CQQYGSSPPTF,TGTCAGCAGTATGGTAGCTCACCTCCGACGTTC,106337,46
clonotype158,clonotype158_consensus_1,672,IGK,IGKV3-11,None,IGKJ1,IGKC,True,True,CQQRSNWPKTF,TGTCAGCAGCGTAGCAACTGGCCTAAGACGTTC,171069,62
clonotype158,clonotype158_consensus_2,624,IGH,IGHV3-21,IGHD3-22,IGHJ5,IGHD,True,True,CAREFDYYDSSGYYWDWFDPW,TGTGCGAGAGAGTTTGATTACTATGATAGTAGTGGTTACTACTGGGACTGGTTCGACCCCTGG,11404,9
clonotype159,clonotype159_consensus_1,680,IGK,IGKV3-15,None,IGKJ2,IGKC,True,True,CQQYNNWPPETF,TGTCAGCAGTATAATAACTGGCCTCCGGAAACTTTT,141238,40
clonotype159,clonotype159_consensus_2,756,IGH,IGHV3-23,IGHD2-2,IGHJ4,IGHM,True,True,CANAGRYCSSTSCYWGYFDYW,TGTGCGAATGCGGGTCGATATTGTAGTAGTACCAGCTGCTATTGGGGCTACTTTGACTACTGG,38032,19
clonotype15,clonotype15_consensus_1,689,IGL,IGLV2-14,None,IGLJ1,IGLC1,True,True,CSSYTSSSLYVF,TGCAGCTCATATACAAGCAGCAGCCTTTATGTCTTC,112783,11
clonotype160,clonotype160_consensus_1,676,IGK,IGKV3-15,None,IGKJ2,IGKC,True,True,CQQYNNWHLYTF,TGTCAGCAGTATAATAACTGGCATTTGTACACTTTT,150939,46
clonotype160,clonotype160_consensus_2,624,IGH,IGHV3-33,IGHD2-2,IGHJ4,IGHD,True,True,CLVVPAAITSADYW,TGCTTAGTAGTACCAGCTGCTATAACATCAGCAGACTACTGG,39794,15
clonotype161,clonotype161_consensus_1,693,IGL,IGLV1-40,None,IGLJ2,IGLC2,True,True,CQSYDSSLSGSVF,TGCCAGTCCTATGACAGCAGCCTGAGTGGTTCGGTATTC,12207,4
clonotype161,clonotype161_consensus_2,711,IGH,IGHV5-51,IGHD2-15,IGHJ5,IGHM,True,True,CARCRVGGWFDPW,TGTGCGAGATGCCGGGTTGGTGGCTGGTTCGACCCCTGG,90671,32
clonotype161,clonotype161_consensus_3,777,IGK,IGKV4-1,None,IGKJ2,IGKC,True,True,CQQYYSTPHTF,TGTCAGCAATATTATAGTACTCCGCACACTTTT,84678,19
clonotype162,clonotype162_consensus_1,658,IGK,IGKV1D-39,None,IGKJ3,IGKC,True,True,CQQSYSTRWAF,TGTCAACAGAGTTACAGTACCCGGTGGGCTTTC,91442,19
clonotype162,clonotype162_consensus_2,653,IGH,IGHV4-39,IGHD5-18,IGHJ4,IGHM,True,True,CARHGYSYGLDYFDYW,TGTGCGAGACATGGATACAGCTATGGTCTCGACTACTTTGACTACTGG,84692,29
clonotype163,clonotype163_consensus_1,677,IGK,IGKV2D-29,None,IGKJ5,IGKC,True,True,CMQGIHLPITF,TGCATGCAAGGTATACACCTTCCGATCACCTTC,139231,27
clonotype163,clonotype163_consensus_2,650,IGH,IGHV3-21,IGHD3-3,IGHJ6,IGHD,True,True,CARGGVPKFGKVVLRFFEMDVW,TGTGCGAGAGGAGGGGTTCCCAAGTTCGGAAAAGTTGTATTACGATTTTTTGAGATGGACGTCTGG,40670,13
clonotype164,clonotype164_consensus_1,660,IGK,IGKV1D-39,None,IGKJ4,IGKC,True,True,CQQSYSTPLTF,TGTCAACAGAGTTACAGTACCCCTCTCACTTTC,95372,22
clonotype164,clonotype164_consensus_2,605,IGH,IGHV1-24,IGHD5-12,IGHJ4,IGHD,True,True,CATPIGGYDGPFDYW,TGTGCAACCCCGATCGGTGGCTACGATGGACCATTTGACTACTGG,43709,17
clonotype165,clonotype165_consensus_1,585,IGH,IGHV4-61,IGHD3-10,IGHJ5,IGHM,True,True,CARAPYGSGSYYSGTYIGAFDPW,TGTGCGAGGGCCCCGTATGGTTCGGGGAGTTATTATTCGGGGACCTACATAGGGGCCTTCGACCCCTGG,53993,12
clonotype165,clonotype165_consensus_2,666,IGL,IGLV3-1,None,IGLJ1,IGLC1,True,True,CQAWDSSTAYVF,TGTCAGGCGTGGGACAGCAGCACTGCTTATGTCTTC,110966,24
clonotype166,clonotype166_consensus_1,566,IGH,IGHV5-51,IGHD6-13,IGHJ4,IGHM,True,True,CARLSYSSSFGGYW,TGTGCGAGACTCTCGTATAGCAGCAGCTTCGGGGGCTACTGG,57936,70
clonotype166,clonotype166_consensus_2,682,IGL,IGLV2-14,None,IGLJ1,IGLC1,True,True,CSSYTSSSTYVF,TGCAGCTCATATACAAGCAGCAGCACTTATGTCTTC,97234,108
clonotype167,clonotype167_consensus_1,776,IGL,IGLV1-44,None,IGLJ2,IGLC2,True,True,CAAWDDSLNGPVF,TGTGCAGCATGGGATGACAGCCTGAATGGTCCGGTATTC,72768,27
clonotype167,clonotype167_consensus_2,548,IGH,IGHV4-39,IGHD2-2,IGHJ4,IGHM,True,True,CARLYCSSTSCYYYYW,TGTGCGAGGTTATATTGTAGTAGTACCAGCTGCTATTACTACTACTGG,101704,32
clonotype168,clonotype168_consensus_1,749,IGH,IGHV1-2,IGHD1-1,IGHJ6,IGHM,True,True,CARVAGTTGHNYGMDVW,TGTGCGAGAGTGGCTGGAACGACGGGGCACAACTACGGTATGGACGTCTGG,82907,42
clonotype168,clonotype168_consensus_2,684,IGL,IGLV2-14,None,IGLJ3,IGLC2,True,True,CSSYTSSSTWVF,TGCAGCTCATATACAAGCAGCAGCACTTGGGTGTTC,105656,59
clonotype169,clonotype169_consensus_1,705,IGH,IGHV3-21,IGHD5-12,IGHJ6,IGHG1,True,True,CARYVGYSAYDFGEYYYAMDVW,TGTGCGAGATACGTGGGGTATAGTGCGTACGATTTTGGGGAATATTATTACGCTATGGACGTCTGG,3214,8
clonotype169,clonotype169_consensus_2,681,IGL,IGLV2-23,None,IGLJ1,IGLC1,True,True,CSSYGGSSIFYVF,TGCTCCTCATATGGAGGTAGTAGCATTTTTTATGTCTTC,52006,106
clonotype16,clonotype16_consensus_1,712,IGL,IGLV2-23,None,IGLJ1,IGLC1,True,True,CSYAGSSTYVF,TGCTCATATGCAGGTAGTAGCACTTATGTCTTC,125040,14
clonotype16,clonotype16_consensus_2,495,IGH,IGHV4-4,IGHD1-26,IGHJ4,IGHM,True,True,CARRQWELLFDYW,TGTGCGAGACGCCAGTGGGAGCTACTCTTTGACTACTGG,7220,1
clonotype170,clonotype170_consensus_1,771,IGL,IGLV1-44,None,IGLJ2,IGLC2,True,True,CAAWDDSLNGLVF,TGTGCAGCATGGGATGACAGCCTGAATGGCCTGGTATTC,85502,28
clonotype170,clonotype170_consensus_2,735,IGH,IGHV3-48,IGHD1-26,IGHJ4,IGHM,True,True,CARAGLVGAAIDYW,TGTGCGAGAGCTGGGCTAGTGGGAGCTGCAATTGACTACTGG,85529,27
clonotype171,clonotype171_consensus_1,615,IGH,IGHV3-23,IGHD5OR15-5B,IGHJ3,IGHM,True,True,CVKDATSHNGVYDGFDVW,TGTGTGAAAGATGCGACGTCGCATAACGGTGTTTACGACGGTTTTGATGTCTGG,19945,16
clonotype171,clonotype171_consensus_2,678,IGK,IGKV3-20,None,IGKJ4,IGKC,True,True,CQRYGTSPPLTF,TGTCAGCGGTATGGTACCTCACCTCCACTCACTTTC,145195,70
clonotype172,clonotype172_consensus_1,557,IGH,IGHV4-39,IGHD3-22,IGHJ4,IGHM,True,True,CARHDLLDSSGFDYW,TGTGCGAGACACGACCTCCTTGATAGTAGTGGGTTTGACTACTGG,33448,9
clonotype172,clonotype172_consensus_2,723,IGL,IGLV1-47,None,IGLJ3,IGLC2,True,True,CAAWDDSLSGDWVF,TGTGCAGCATGGGATGACAGCCTGAGTGGTGATTGGGTGTTC,87036,30
clonotype173,clonotype173_consensus_1,860,IGK,IGKV4-1,None,IGKJ4,IGKC,True,True,CQQYYSTPLTF,TGTCAGCAATATTATAGTACTCCGCTCACTTTC,118403,27
clonotype173,clonotype173_consensus_2,594,IGH,IGHV4-59,IGHD3-16,IGHJ4,IGHD,True,True,CARSGGPQLTFDYW,TGTGCGAGATCTGGGGGACCCCAGCTCACCTTTGACTACTGG,62068,17
clonotype174,clonotype174_consensus_1,785,IGH,IGHV3-7,IGHD1-1,IGHJ6,IGHD,True,True,CAREGTTGTSKSLYYYYYMDVW,TGTGCGAGAGAAGGAACAACTGGAACGTCGAAGTCCCTTTACTACTACTACTACATGGACGTCTGG,50217,17
clonotype174,clonotype174_consensus_2,684,IGK,IGKV3-11,None,IGKJ1,IGKC,True,True,CQQRSNWSWTF,TGTCAGCAGCGTAGCAACTGGTCTTGGACGTTC,123508,27
clonotype175,clonotype175_consensus_1,788,IGL,IGLV3-21,None,IGLJ1,IGLC1,True,True,CQVWDSSSDHLYVF,TGTCAGGTGTGGGATAGTAGTAGTGATCATCTTTATGTCTTC,86758,33
clonotype175,clonotype175_consensus_2,771,IGH,IGHV3-23,IGHD5-18,IGHJ4,IGHD,True,True,CALSRGYSYGLDYW,TGTGCGCTTTCTCGTGGATACAGCTATGGTTTGGACTACTGG,89408,36
clonotype176,clonotype176_consensus_1,670,IGH,IGHV3-48,IGHD3-22,IGHJ6,IGHM,True,True,CAREQTMMVYYYYGMDVW,TGTGCGAGAGAACAGACTATGATGGTCTACTACTACTACGGTATGGACGTCTGG,27393,14
clonotype176,clonotype176_consensus_2,678,IGK,IGKV3-15,None,IGKJ4,IGKC,True,True,CQQYNNWPPLTF,TGTCAGCAGTATAATAACTGGCCCCCGCTCACTTTC,147738,39
clonotype177,clonotype177_consensus_1,700,IGL,IGLV3-25,None,IGLJ1,IGLC1,True,True,CQSADSSGTYYVF,TGTCAATCAGCAGACAGCAGTGGTACTTATTATGTCTTC,109418,29
clonotype177,clonotype177_consensus_2,744,IGH,IGHV3-33,IGHD2-15,IGHJ6,IGHM,True,True,CARGGCGGSCYSDYYYYGMDVW,TGTGCGAGAGGGGGGTGTGGTGGTAGCTGCTACTCCGACTACTACTACTACGGTATGGACGTCTGG,47689,18
clonotype178,clonotype178_consensus_1,561,IGH,IGHV3-33,IGHD2-2,IGHJ6,IGHD,True,True,CARDHCSSTSCYRPEKTNSYYYYMDVW,TGTGCGAGAGATCATTGTAGTAGTACCAGCTGCTATCGTCCCGAAAAGACTAATAGCTACTACTACTACATGGACGTCTGG,23132,1
clonotype178,clonotype178_consensus_2,688,IGL,IGLV1-47,None,IGLJ3,IGLC2,True,True,CAAWDDSLSGWVF,TGTGCAGCATGGGATGACAGCCTGAGTGGTTGGGTGTTC,114065,17
clonotype179,clonotype179_consensus_1,839,IGH,IGHV4-59,IGHD6-25,IGHJ6,IGHM,True,True,CARHQFIRLSDYGMDVW,TGTGCGAGACACCAATTCATCCGGCTCTCTGACTACGGTATGGACGTCTGG,30221,18
clonotype179,clonotype179_consensus_2,683,IGL,IGLV2-11,None,IGLJ1,IGLC1,True,True,CSSYAGSNNYVF,TGCAGCTCATATGCAGGCAGCAACAATTATGTCTTC,147238,82
clonotype17,clonotype17_consensus_1,861,IGK,IGKV4-1,None,IGKJ2,IGKC,True,True,CQQYYSTPYTF,TGTCAGCAATATTATAGTACTCCGTACACTTTT,114042,49
clonotype17,clonotype17_consensus_2,591,IGH,IGHV1-24,IGHD2-2,IGHJ4,IGHM,True,True,CATGLPAAGYSTKGGYW,TGTGCAACCGGCCTACCAGCTGCTGGCTACAGTACCAAGGGAGGCTACTGG,62899,39
clonotype180,clonotype180_consensus_1,658,IGK,IGKV1D-39,None,IGKJ1,IGKC,True,True,CQQSYSTPRTF,TGTCAACAGAGTTACAGTACCCCTAGGACGTTC,93474,43
clonotype180,clonotype180_consensus_2,737,IGH,IGHV1-46,IGHD2-21,IGHJ3,IGHM,True,True,CARDDIVVVTAIGFGAFDIW,TGTGCGAGAGATGACATTGTGGTGGTGACTGCTATTGGTTTTGGTGCTTTTGATATCTGG,79411,65
clonotype181,clonotype181_consensus_1,700,IGH,IGHV2-26,IGHD2-2,IGHJ4,IGHM,True,True,CARIVGCSSTSCYLPYYFDYW,TGTGCACGGATAGTAGGTTGTAGTAGTACCAGCTGCTATCTCCCGTACTACTTTGACTACTGG,91739,37
clonotype181,clonotype181_consensus_2,711,IGL,IGLV3-19,None,IGLJ1,IGLC1,True,True,CNSRDSSGNHQVF,TGTAACTCCCGGGACAGCAGTGGTAACCATCAAGTCTTC,88902,37
clonotype182,clonotype182_consensus_1,673,IGL,IGLV3-19,None,IGLJ1,IGLC1,True,True,CNSRDSSGNHYVF,TGTAACTCCCGGGACAGCAGTGGTAACCATTATGTCTTC,137743,126
clonotype182,clonotype182_consensus_2,582,IGH,IGHV3-21,IGHD5-12,IGHJ4,IGHM,True,True,CARDVLVATAFDYW,TGTGCGAGAGATGTTCTAGTGGCTACGGCCTTTGACTACTGG,37382,35
clonotype183,clonotype183_consensus_1,688,IGK,IGKV3-15,None,IGKJ4,IGKC,True,True,CQQYNNWPLTF,TGTCAGCAGTATAATAACTGGCCTCTCACTTTC,146812,75
clonotype183,clonotype183_consensus_2,583,IGH,IGHV3-48,IGHD3-10,IGHJ4,IGHM,True,True,CARSGVMVRGVVLDYW,TGTGCGAGATCAGGCGTGATGGTTCGGGGAGTGGTCCTTGACTACTGG,33425,33
clonotype184,clonotype184_consensus_1,661,IGK,IGKV1D-39,None,IGKJ4,IGKC,True,True,CQQSYSTPLTF,TGTCAACAGAGTTACAGTACCCCGCTCACTTTC,95109,15
clonotype184,clonotype184_consensus_2,782,IGH,IGHV1-69-2,IGHD4-4,IGHJ6,IGHM,True,True,CARGATVTPQRNYYYYGMDVW,TGTGCGAGAGGGGCTACAGTAACCCCCCAGCGGAATTACTACTACTACGGTATGGACGTCTGG,98494,25
clonotype185,clonotype185_consensus_1,563,IGH,IGHV3-74,IGHD5-18,IGHJ3,IGHM,True,True,CARGGIQLWLDAFDIW,TGTGCAAGAGGGGGGATACAGCTATGGTTAGATGCTTTTGATATCTGG,21402,27
clonotype185,clonotype185_consensus_2,672,IGK,IGKV3-15,None,IGKJ2,IGKC,True,True,CQQYNNWGYTF,TGTCAGCAGTATAATAACTGGGGGTACACTTTT,139758,114
clonotype186,clonotype186_consensus_1,722,IGH,IGHV1-24,IGHD3-22,IGHJ3,IGHM,True,True,CATRNTMMGPGAFDIW,TGTGCAACAAGAAATACTATGATGGGGCCAGGTGCTTTTGATATCTGG,83363,30
clonotype186,clonotype186_consensus_2,678,IGK,IGKV1-16,None,IGKJ5,IGKC,True,True,CQQYNSYPITF,TGCCAACAGTATAATAGTTACCCGATCACCTTC,84942,21
clonotype187,clonotype187_consensus_1,693,IGL,IGLV1-40,None,IGLJ1,IGLC1,True,True,CQSYDSSLSGYVF,TGCCAGTCCTATGACAGCAGCCTGAGTGGTTATGTCTTC,110459,65
clonotype187,clonotype187_consensus_2,736,IGH,IGHV4-39,IGHD4-4,IGHJ4,IGHM,True,True,CARHKKDDYSNYVSLEFFDYW,TGTGCGAGACATAAGAAAGATGACTACAGTAACTACGTCTCTTTGGAGTTCTTTGACTATTGG,53482,35
clonotype188,clonotype188_consensus_1,724,IGH,IGHV1-3,IGHD3-22,IGHJ2,IGHM,True,True,CARGGSNYYDSSWDWYFDLW,TGTGCGAGGGGCGGTTCGAATTACTATGATAGTAGTTGGGACTGGTACTTCGATCTCTGG,73572,20
clonotype189,clonotype189_consensus_1,593,IGH,IGHV1-69-2,IGHD5-24,IGHJ3,IGHD,True,True,CARLWGRDGYNAAFDIW,TGTGCGAGGCTCTGGGGGAGGGATGGCTACAATGCTGCTTTTGATATCTGG,81959,41
clonotype189,clonotype189_consensus_2,695,IGK,IGKV2-30,None,IGKJ4,IGKC,True,True,CMQGTLPLTF,TGCATGCAAGGTACACTCCCACTCACTTTC,46378,17
clonotype18,clonotype18_consensus_1,759,IGL,IGLV3-1,None,IGLJ1,IGLC1,True,True,CQAWDSSSYVF,TGTCAGGCGTGGGACAGCAGCTCTTATGTCTTC,59496,25
clonotype18,clonotype18_consensus_2,638,IGH,IGHV4-39,IGHD2-15,IGHJ4,IGHM,True,True,CAGEGYCSGGSCCWRYW,TGTGCCGGGGAAGGATATTGTAGTGGTGGTAGCTGCTGCTGGAGGTACTGG,121376,48
clonotype190,clonotype190_consensus_1,749,IGL,IGLV3-1,None,IGLJ2,IGLC2,True,True,CQAWDSSTYVVF,TGTCAGGCGTGGGACAGCAGCACTTATGTGGTATTC,52265,37
clonotype190,clonotype190_consensus_2,708,IGH,IGHV4-59,IGHD2-2,IGHJ6,IGHM,True,True,CARGLVVPAADYYYYYMDVW,TGTGCGAGAGGACTAGTAGTACCAGCTGCTGACTACTACTACTACTACATGGACGTCTGG,12352,11
clonotype191,clonotype191_consensus_1,590,IGH,IGHV1-18,IGHD2-2,IGHJ5,IGHM,True,True,CARNQLLYDWNWFGPW,TGTGCGAGAAACCAGCTGCTATACGATTGGAACTGGTTTGGTCCCTGG,76158,46
clonotype191,clonotype191_consensus_2,770,IGL,IGLV1-40,None,IGLJ2,IGLC2,True,True,CQSYDSSLSVVF,TGCCAGTCCTATGACAGCAGCCTGAGTGTGGTATTC,90057,62
clonotype192,clonotype192_consensus_1,660,IGH,IGHV4-34,IGHD2-2,IGHJ6,IGHA1,True,True,CARVPRCSSTGCYTDYYYYYYMDVW,TGTGCGAGAGTTCCGCGTTGTAGTAGTACCGGCTGCTATACCGATTACTACTACTACTACTACATGGACGTCTGG,60632,65
clonotype192,clonotype192_consensus_2,776,IGL,IGLV1-44,None,IGLJ1,IGLC1,True,True,CTVWDDSLNGLYVF,TGTACAGTATGGGATGACAGCCTGAATGGTCTTTATGTCTTC,121375,134
clonotype193,clonotype193_consensus_1,675,IGK,IGKV3-15,None,IGKJ2,IGKC,True,True,CQQYNNWPYTF,TGTCAGCAGTATAATAACTGGCCGTACACTTTT,178205,34
clonotype193,clonotype193_consensus_2,538,IGH,IGHV4-39,IGHD6-19,IGHJ4,IGHM,True,True,CARLPLYIAVAGNDYW,TGTGCGAGACTTCCCCTCTATATAGCAGTGGCTGGCAACGACTACTGG,10635,5
clonotype194,clonotype194_consensus_1,765,IGH,IGHV3-23,IGHD3-3,IGHJ4,IGHM,True,True,CAKEETYYDFWSGYPQGRDFDYW,TGTGCGAAAGAGGAAACGTATTACGATTTTTGGAGTGGTTACCCACAAGGAAGGGACTTTGACTACTGG,115170,33
clonotype194,clonotype194_consensus_2,688,IGL,IGLV8-61,None,IGLJ3,IGLC2,True,True,CVLYMGSGISVF,TGTGTGCTGTATATGGGTAGTGGCATTTCGGTGTTC,53217,17
clonotype195,clonotype195_consensus_1,786,IGK,IGKV3-15,None,IGKJ1,IGKC,True,True,CQQYNNWPRTF,TGTCAGCAGTATAATAACTGGCCTCGTACGTTC,134008,41
clonotype195,clonotype195_consensus_2,619,IGH,IGHV3-7,IGHD3-3,IGHJ3,IGHD,True,True,CARVHDFWSGTASGAFDIW,TGTGCGAGAGTACACGATTTTTGGAGTGGAACAGCTTCAGGGGCTTTTGATATCTGG,31486,14
clonotype196,clonotype196_consensus_1,593,IGH,IGHV4-39,IGHD2-15,IGHJ6,IGHD,True,True,CASDYCSGGSCYRPGNYGMDVW,TGTGCGAGCGATTATTGTAGTGGTGGTAGCTGCTACCGCCCGGGGAACTACGGTATGGACGTCTGG,62071,20
clonotype196,clonotype196_consensus_2,706,IGL,IGLV3-1,None,IGLJ2,IGLC2,True,True,CQAWDSSVVF,TGTCAGGCGTGGGACAGCAGCGTGGTATTC,120606,31
clonotype197,clonotype197_consensus_1,711,IGL,IGLV3-19,None,IGLJ3,IGLC2,True,True,CNSRDSSGNHLVF,TGTAACTCCCGGGACAGCAGTGGTAACCATCTGGTGTTC,108413,90
clonotype197,clonotype197_consensus_2,603,IGH,IGHV1-46,IGHD3-10,IGHJ4,IGHM,True,True,CARGGGSGSYYWVDYW,TGTGCGAGAGGGGGTGGTTCGGGGAGTTATTACTGGGTTGACTACTGG,70613,62
clonotype198,clonotype198_consensus_1,721,IGH,IGHV3-73,IGHD2-21,IGHJ6,IGHD,True,True,CTTVSDVYYYYGMDVW,TGTACTACGGTCAGTGACGTCTACTACTACTACGGTATGGACGTCTGG,61698,12
clonotype198,clonotype198_consensus_2,695,IGL,IGLV1-40,None,IGLJ2,IGLC2,True,True,CQSYDSSLSGYVVF,TGCCAGTCCTATGACAGCAGCCTGAGTGGCTATGTGGTATTC,106852,20
clonotype199,clonotype199_consensus_1,660,IGK,IGKV1-27,None,IGKJ1,IGKC,True,True,CQKYNSAPRTF,TGTCAAAAGTATAACAGTGCCCCTCGGACGTTC,67718,51
clonotype199,clonotype199_consensus_2,720,IGH,IGHV5-51,IGHD6-13,IGHJ3,IGHM,True,True,CARPMGSSWSDAFDIW,TGTGCGAGACCTATGGGCAGCAGCTGGTCAGATGCTTTTGATATCTGG,91684,106
clonotype19,clonotype19_consensus_1,746,IGK,IGKV1D-39,None,IGKJ4,IGKC,True,True,CQQSYSSLF,TGTCAACAGAGTTACAGTTCCCTTTTC,93060,16
clonotype1,clonotype1_consensus_1,665,IGK,IGKV1-27,None,IGKJ4,IGKC,True,True,CQKYNSAPLTF,TGTCAAAAGTATAACAGTGCCCCTCTCACTTTC,161919,60
clonotype1,clonotype1_consensus_2,620,IGH,IGHV3-49,IGHD1OR15-1A,IGHJ6,IGHD,True,True,CTTQGWNTVYYYYGMDVW,TGTACTACCCAGGGGTGGAACACAGTCTACTACTACTACGGTATGGACGTCTGG,25870,16
clonotype200,clonotype200_consensus_1,711,IGH,IGHV1-69-2,IGHD3-16,IGHJ5,IGHM,True,True,CAREGNNWFDPW,TGTGCGAGGGAGGGGAACAACTGGTTCGACCCCTGG,74097,50
clonotype200,clonotype200_consensus_2,797,IGK,IGKV3-11,None,IGKJ1,IGKC,True,True,CQQRSNWPWTF,TGTCAGCAGCGTAGCAACTGGCCGTGGACGTTC,106149,50
clonotype201,clonotype201_consensus_1,698,IGL,IGLV2-11,None,IGLJ1,IGLC1,True,True,CSSYAGSNNLGVF,TGCAGCTCATATGCAGGCAGCAACAATTTAGGGGTCTTC,81278,18
clonotype201,clonotype201_consensus_2,721,IGH,IGHV5-51,IGHD3-22,IGHJ4,IGHM,True,True,CARRGIVVAYDCW,TGTGCGAGACGAGGAATAGTAGTGGCCTACGACTGCTGG,95104,25
clonotype202,clonotype202_consensus_1,902,IGK,IGKV4-1,None,IGKJ2,IGKC,True,True,CQQYYSTPYTF,TGTCAGCAATATTATAGTACTCCGTACACTTTT,132291,74
clonotype202,clonotype202_consensus_2,744,IGH,IGHV3-33,IGHD4-23,IGHJ2,IGHM,True,True,CARGNYGGLLYWYFDLW,TGTGCGAGAGGGAACTACGGTGGTCTCTTATACTGGTACTTCGATCTCTGG,52998,46
clonotype203,clonotype203_consensus_1,561,IGH,IGHV1-3,IGHD2-2,IGHJ3,IGHM,True,True,CARVYCSSTSCFPVNAFDIW,TGTGCGAGGGTGTATTGTAGTAGTACCAGCTGCTTTCCGGTAAACGCTTTTGATATCTGG,77226,35
clonotype203,clonotype203_consensus_2,663,IGK,IGKV1D-13,None,IGKJ1,IGKC,True,True,CQQYYSTPPTF,TGTCAACAGTATTATAGTACCCCTCCGACGTTC,114073,33
clonotype204,clonotype204_consensus_1,705,IGH,IGHV1-46,None,IGHJ5,IGHM,True,True,CARGDNWFDPW,TGTGCGAGAGGGGACAACTGGTTCGACCCCTGG,77810,19
clonotype204,clonotype204_consensus_2,743,IGK,IGKV4-1,None,IGKJ1,IGKC,True,True,CQQYYSTPRTF,TGTCAGCAATATTATAGTACTCCTCGGACGTTC,96273,13
clonotype205,clonotype205_consensus_1,727,IGH,IGHV1-18,IGHD4-17,IGHJ5,IGHM,True,True,CARDSWRYGDYVKERFDPW,TGTGCGAGAGATAGTTGGCGCTACGGTGACTACGTGAAGGAGCGCTTCGACCCCTGG,64071,60
clonotype205,clonotype205_consensus_2,710,IGK,IGKV3-11,None,IGKJ5,IGKC,True,True,CQQRSNWITF,TGTCAGCAGCGTAGCAACTGGATCACCTTC,123539,73
clonotype206,clonotype206_consensus_1,718,IGH,IGHV4-39,IGHD1-26,IGHJ4,IGHM,True,True,CARLVGATAHW,TGTGCGAGACTGGTGGGAGCTACTGCTCACTGG,47334,30
clonotype206,clonotype206_consensus_2,687,IGL,IGLV2-14,None,IGLJ2,IGLC2,True,True,CSSYTSSSTVVF,TGCAGCTCATATACAAGCAGCAGCACTGTGGTATTC,141487,97
clonotype207,clonotype207_consensus_1,782,IGK,IGKV3-20,None,IGKJ4,IGKC,True,True,CQQYGTSPQTTF,TGTCAGCAGTATGGTACCTCACCTCAGACCACTTTC,147590,98
clonotype207,clonotype207_consensus_2,728,IGH,IGHV4-39,IGHD3-22,IGHJ4,IGHM,True,True,CASWVPYGGTYYDSSVPFDYW,TGTGCGTCGTGGGTACCCTATGGAGGGACTTACTATGATAGTAGTGTCCCCTTTGACTACTGG,40757,46
clonotype208,clonotype208_consensus_1,698,IGK,IGKV2D-29,None,IGKJ2,IGKC,True,True,CMQGIHLPRTF,TGCATGCAAGGTATACACCTTCCAAGGACTTTT,115626,39
clonotype208,clonotype208_consensus_2,610,IGH,IGHV5-51,IGHD2-2,IGHJ4,IGHM,True,True,CAIATVYCSSTSCYSPKAPRWW,TGTGCGATCGCGACCGTATATTGTAGTAGTACCAGCTGCTATTCCCCCAAGGCTCCACGGTGGTGG,65203,35
clonotype209,clonotype209_consensus_1,713,IGH,IGHV4-61,IGHD3-16,IGHJ5,IGHD,True,True,CAREGAGWFDPW,TGTGCGAGAGAGGGGGCCGGGTGGTTCGACCCCTGG,24133,16
clonotype209,clonotype209_consensus_2,661,IGK,IGKV1D-39,None,IGKJ2,IGKC,True,True,CQQSYSTPYTF,TGTCAACAGAGTTACAGTACCCCGTACACTTTT,114843,45
clonotype20,clonotype20_consensus_1,690,IGL,IGLV3-25,None,IGLJ3,IGLC2,True,True,CQSADSSGTYRVF,TGTCAATCAGCAGACAGCAGTGGTACTTATAGGGTGTTC,82320,60
clonotype20,clonotype20_consensus_2,759,IGH,IGHV3-21,IGHD6-19,IGHJ6,IGHM,True,True,CAREPSVAGPDDYYYYYGMDVW,TGTGCGAGGGAGCCTTCAGTGGCTGGCCCTGATGATTACTACTACTACTACGGTATGGACGTCTGG,36598,29
clonotype210,clonotype210_consensus_1,658,IGK,IGKV1D-39,None,IGKJ2,IGKC,True,True,CQQSYSTHTF,TGTCAACAGAGTTACAGTACCCACACTTTT,122806,34
clonotype210,clonotype210_consensus_2,606,IGH,IGHV3-21,IGHD3-22,IGHJ3,IGHM,True,True,CARAYYDSSGYYDAFDIW,TGTGCGAGAGCTTACTATGATAGTAGTGGTTATTATGATGCTTTTGATATCTGG,67721,34
clonotype211,clonotype211_consensus_1,711,IGL,IGLV3-19,None,IGLJ2,IGLC3,True,True,CNSRDSSGNHLVF,TGTAACTCCCGGGACAGCAGTGGTAACCATCTGGTATTC,95628,44
clonotype211,clonotype211_consensus_2,745,IGH,IGHV3-43,IGHD6-13,IGHJ3,IGHD,True,True,CAKDKGIAAEGSFDIW,TGTGCAAAAGATAAGGGAATAGCAGCAGAGGGATCATTTGATATCTGG,24316,10
clonotype212,clonotype212_consensus_1,664,IGH,IGHV3-66,IGHD1-26,IGHJ6,IGHA1,True,True,CASVSGHYYYYGMDVW,TGCGCGAGCGTCAGTGGGCACTACTACTACTACGGTATGGACGTCTGG,20139,5
clonotype212,clonotype212_consensus_2,683,IGK,IGKV2D-28,None,IGKJ1,IGKC,True,True,CMQVLQTVTWTF,TGCATGCAAGTTCTACAAACTGTCACGTGGACGTTC,156301,28
clonotype213,clonotype213_consensus_1,716,IGH,IGHV3-53,IGHD3-10,IGHJ4,IGHM,True,True,CARGSIRDYW,TGTGCGAGAGGGTCGATTCGGGACTACTGG,80583,21
clonotype213,clonotype213_consensus_2,659,IGK,IGKV6-21,None,IGKJ4,IGKC,True,True,CHQSSSFPLTF,TGTCATCAGAGTAGTAGTTTTCCGCTCACTTTC,87599,13
clonotype214,clonotype214_consensus_1,719,IGH,IGHV4-61,IGHD1-14,IGHJ5,IGHM,True,True,CARFKGPDRKWFDPW,TGTGCGAGATTTAAAGGGCCGGACCGGAAGTGGTTCGACCCCTGG,59370,20
clonotype214,clonotype214_consensus_2,722,IGL,IGLV1-44,None,IGLJ3,IGLC2,True,True,CATWDDSLIGPVF,TGTGCGACATGGGATGACAGCCTGATTGGTCCGGTGTTC,114555,40
clonotype215,clonotype215_consensus_1,761,IGL,IGLV3-1,None,IGLJ2,IGLC2,True,True,CQAWDSSTVVF,TGTCAGGCGTGGGACAGCAGCACTGTGGTATTC,68235,26
clonotype215,clonotype215_consensus_2,727,IGH,IGHV2-70,IGHD3-10,IGHJ6,IGHM,True,True,CARTRLWFGDGLGMDVW,TGTGCACGGACCCGACTATGGTTCGGGGACGGACTTGGTATGGACGTCTGG,110356,32
clonotype216,clonotype216_consensus_1,694,IGL,IGLV3-25,None,IGLJ3,IGLC2,True,True,CQSADSSGTWVF,TGTCAATCAGCAGACAGCAGTGGTACTTGGGTGTTC,74379,37
clonotype216,clonotype216_consensus_2,712,IGH,IGHV1-46,IGHD5-24,IGHJ4,IGHM,True,True,CARGRDYYFDYW,TGTGCGAGAGGGAGGGATTACTACTTTGACTACTGG,102405,42
clonotype217,clonotype217_consensus_1,689,IGK,IGKV3-11,None,IGKJ4,IGKC,True,True,CQQRSNWPPTLTF,TGTCAGCAGCGTAGCAACTGGCCTCCCACGCTCACTTTC,137821,58
clonotype217,clonotype217_consensus_2,584,IGH,IGHV3-33,IGHD4-4,IGHJ4,IGHM,True,True,CARGPMTTVTTGSPDDYW,TGTGCGAGAGGCCCCATGACTACAGTAACTACGGGTTCCCCGGACGACTACTGG,42849,28
clonotype218,clonotype218_consensus_1,748,IGK,IGKV1D-39,None,IGKJ1,IGKC,True,True,CQQSYSTPWTF,TGTCAACAGAGTTACAGTACCCCTTGGACGTTC,163218,90
clonotype218,clonotype218_consensus_2,628,IGH,IGHV3-64,IGHD2-21,IGHJ3,IGHM,True,True,CARVRAYCGGDCSLRAFDIW,TGTGCGAGAGTTAGGGCATATTGTGGTGGTGACTGCTCCCTGCGGGCTTTTGATATCTGG,24524,20
clonotype219,clonotype219_consensus_1,699,IGL,IGLV2-11,None,IGLJ2,IGLC3,True,True,CSYAGSYTLVF,TGCTCATATGCAGGCAGCTACACTTTGGTATTC,119567,57
clonotype219,clonotype219_consensus_2,682,IGH,IGHV4-39,IGHD2-2,IGHJ5,IGHG1,True,True,CARRGDIVVVPAASNWFDPW,TGTGCGAGACGGGGGGATATTGTAGTAGTACCAGCTGCCTCAAACTGGTTCGACCCCTGG,29991,14
clonotype21,clonotype21_consensus_1,586,IGH,IGHV3-49,IGHD6-13,IGHJ4,IGHM,True,True,CTREEGYSSSWYGGYW,TGTACTAGAGAAGAGGGGTATAGCAGCAGCTGGTACGGCGGGTACTGG,27770,15
clonotype21,clonotype21_consensus_2,768,IGK,IGKV4-1,None,IGKJ4,IGKC,True,True,CQQYYSTPLTF,TGTCAGCAATATTATAGTACTCCACTCACTTTC,152531,53
clonotype220,clonotype220_consensus_1,744,IGH,IGHV3-23,IGHD2-2,IGHJ5,IGHM,True,True,CTKDAIVAPAFNWFDPW,TGTACGAAAGATGCTATTGTAGCACCTGCGTTCAATTGGTTCGACCCCTGG,27801,11
clonotype220,clonotype220_consensus_2,678,IGK,IGKV2-24,None,IGKJ4,IGKC,True,True,CMQTTQFPLTF,TGTATGCAGACCACACAATTTCCGCTCACTTTC,140297,27
clonotype221,clonotype221_consensus_1,722,IGH,IGHV3-7,IGHD3-16,IGHJ4,IGHM,True,True,CVRSLWGRYW,TGTGTGAGAAGTCTATGGGGGCGATACTGG,59932,16
clonotype221,clonotype221_consensus_2,671,IGL,IGLV3-10,None,IGLJ1,IGLC1,True,True,CYSTDSSDNQYVF,TGTTACTCAACAGACAGCAGTGATAATCAGTATGTCTTC,91302,17
clonotype222,clonotype222_consensus_1,753,IGK,IGKV1D-39,None,IGKJ4,IGKC,True,True,CQQSYSTPLTF,TGTCAACAGAGTTACAGTACCCCTCTCACTTTC,118874,22
clonotype222,clonotype222_consensus_2,603,IGH,IGHV3-7,IGHD3-3,IGHJ5,IGHM,True,True,CAREVGLRFLEWLPKNWFDPW,TGTGCGAGAGAGGTGGGGCTACGATTTTTGGAGTGGTTACCAAAAAACTGGTTCGACCCCTGG,53311,18
clonotype223,clonotype223_consensus_1,655,IGK,IGKV1-9,None,IGKJ1,IGKC,True,True,CQQLNSYPRTF,TGTCAACAGCTTAATAGTTACCCTCGAACGTTC,52527,4
clonotype223,clonotype223_consensus_2,609,IGH,IGHV3-21,IGHD3-22,IGHJ3,IGHM,True,True,CARDDRWEAYYYDSSGYPEGAFDIW,TGTGCGAGAGATGACCGGTGGGAGGCTTATTACTATGATAGTAGTGGTTACCCCGAGGGTGCTTTTGATATCTGG,24480,4
clonotype223,clonotype223_consensus_3,650,IGL,IGLV1-47,None,IGLJ2,IGLC2,True,True,CAAWDDRLSGPVF,TGTGCAGCATGGGATGACAGGCTGAGTGGTCCGGTATTC,9488,1
clonotype224,clonotype224_consensus_1,807,IGL,IGLV3-21,None,IGLJ2,IGLC2,True,True,CQVWDSSSDLHVVF,TGTCAGGTGTGGGATAGTAGTAGTGATCTTCATGTGGTATTC,100262,31
clonotype224,clonotype224_consensus_2,796,IGH,IGHV3-66,IGHD2-15,IGHJ4,IGHM,True,True,CAREKRGYCSGGSCYQPYYFDYW,TGTGCGAGAGAGAAGCGTGGATATTGTAGTGGTGGTAGCTGCTACCAACCGTACTACTTTGACTACTGG,56859,20
clonotype225,clonotype225_consensus_1,698,IGL,IGLV1-40,None,IGLJ3,IGLC2,True,True,CQSYDNILSNWVF,TGTCAGTCCTATGACAACATCCTGAGTAATTGGGTGTTC,165532,83
clonotype225,clonotype225_consensus_2,737,IGH,IGHV3-7,IGHD7-27,IGHJ3,IGHG2,True,True,CAKDNWGQGIEDAFDVW,TGTGCGAAAGATAATTGGGGACAAGGGATTGAGGATGCTTTTGATGTCTGG,7026,4
clonotype226,clonotype226_consensus_1,732,IGH,IGHV5-51,IGHD6-19,IGHJ4,IGHM,True,True,CARHSAERHGYSSGWYDYW,TGTGCGAGACATTCGGCCGAACGACACGGGTATAGCAGTGGCTGGTACGACTACTGG,128613,53
clonotype226,clonotype226_consensus_2,694,IGL,IGLV1-51,None,IGLJ3,IGLC2,True,True,CGTWDSSLSANWVF,TGCGGAACATGGGATAGCAGCCTGAGTGCCAATTGGGTGTTC,59221,31
clonotype227,clonotype227_consensus_1,645,IGH,IGHV3-21,IGHD2-2,IGHJ5,IGHM,True,True,CASLRIVVVPAPPSSPLHSNWFDPW,TGTGCGAGTTTACGGATTGTAGTAGTACCAGCACCCCCCTCAAGCCCGCTCCATTCGAACTGGTTCGACCCCTGG,66675,19
clonotype227,clonotype227_consensus_2,694,IGL,IGLV1-51,None,IGLJ3,IGLC2,True,True,CGTWDSSLSAWVF,TGCGGAACATGGGATAGCAGCCTGAGTGCTTGGGTGTTC,118424,29
clonotype228,clonotype228_consensus_1,693,IGH,IGHV3-23,IGHD2-2,IGHJ4,IGHG3,True,True,CAKSGSSSTFRFDYW,TGTGCGAAAAGTGGTAGTAGTTCCACTTTCCGCTTTGACTACTGG,34373,28
clonotype228,clonotype228_consensus_2,675,IGK,IGKV1-5,None,IGKJ1,IGKC,True,True,CQQYNSYSTF,TGCCAACAGTATAATAGTTATTCGACGTTC,149364,68
clonotype229,clonotype229_consensus_1,607,IGH,IGHV3-23,IGHD5-18,IGHJ6,IGHM,True,True,CAKDQQGYSYDYYYYYGMDVW,TGTGCGAAAGATCAACAAGGATACAGCTATGACTACTACTACTACTACGGTATGGACGTCTGG,80280,35
clonotype229,clonotype229_consensus_2,692,IGL,IGLV1-51,None,IGLJ2,IGLC2,True,True,CGTWDSSLSAVVF,TGCGGAACATGGGATAGCAGCCTGAGTGCTGTGGTATTC,70224,33
clonotype22,clonotype22_consensus_1,563,IGH,IGHV4-31,IGHD3-16,IGHJ6,IGHM,True,True,CARVYRNTVGENYYYYYMDVW,TGTGCCAGAGTGTATCGCAACACCGTGGGGGAGAACTACTACTACTACTACATGGACGTCTGG,20615,8
clonotype22,clonotype22_consensus_2,658,IGK,IGKV1D-39,None,IGKJ1,IGKC,True,True,CQQSYSTPVTF,TGTCAACAGAGTTACAGTACCCCTGTGACGTTC,149742,35
clonotype230,clonotype230_consensus_1,783,IGL,IGLV1-44,None,IGLJ3,IGLC2,True,True,CAAWDDSLNGWVF,TGTGCAGCATGGGATGACAGCCTGAATGGTTGGGTGTTC,114161,31
clonotype230,clonotype230_consensus_2,744,IGH,IGHV3-21,IGHD3-22,IGHJ5,IGHM,True,True,CAREYYYDSSGHWFDPW,TGTGCGAGAGAGTACTACTATGATAGTAGTGGTCACTGGTTCGACCCCTGG,61504,13
clonotype231,clonotype231_consensus_1,830,IGK,IGKV3-20,None,IGKJ5,IGKC,True,True,CQQYGSSPPITF,TGTCAGCAGTATGGTAGCTCACCTCCGATCACCTTC,103792,39
clonotype231,clonotype231_consensus_2,678,IGK,IGKV1-8,None,IGKJ1,IGKC,True,True,CQQYYSYPRTF,TGTCAACAGTATTATAGTTACCCTCGGACGTTC,35508,15
clonotype231,clonotype231_consensus_3,559,IGH,IGHV4-59,IGHD3-16,IGHJ4,IGHM,True,True,CAREPTKFGGGYFDYW,TGTGCGAGAGAACCTACCAAATTTGGGGGGGGCTACTTTGACTACTGG,30191,17
clonotype232,clonotype232_consensus_1,677,IGK,IGKV2-24,None,IGKJ2,IGKC,True,True,CMQATQFPYTF,TGCATGCAAGCTACACAATTTCCTTACACTTTT,110494,49
clonotype232,clonotype232_consensus_2,764,IGH,IGHV5-51,IGHD1-26,IGHJ6,IGHD,True,True,CAREWELPGMDVW,TGTGCGAGGGAGTGGGAGCTACCAGGTATGGACGTCTGG,73787,47
clonotype233,clonotype233_consensus_1,690,IGL,IGLV1-44,None,IGLJ2,IGLC2,True,True,CAAYDDNLNAVVF,TGTGCAGCATACGATGACAACCTGAATGCTGTGGTATTC,116248,38
clonotype233,clonotype233_consensus_2,758,IGH,IGHV7-81,IGHD3-3,IGHJ4,IGHG1,True,True,CATDFSSGYSLDYW,TGTGCGACAGATTTTAGTAGTGGTTATTCACTTGACTACTGG,37728,17
clonotype234,clonotype234_consensus_1,676,IGK,IGKV2D-28,None,IGKJ2,IGKC,True,True,CMQALQTPHTF,TGCATGCAAGCTCTACAAACTCCTCACACTTTT,104094,18
clonotype234,clonotype234_consensus_2,740,IGH,IGHV1-3,IGHD3-10,IGHJ6,IGHM,True,True,CARREEKYYGSGSYYNYYYYGMDVW,TGTGCGAGAAGGGAGGAGAAGTACTATGGTTCGGGGAGTTATTATAACTACTACTACTACGGTATGGACGTCTGG,62440,16
clonotype235,clonotype235_consensus_1,795,IGK,IGKV3-15,None,IGKJ2,IGKC,True,True,CQQYNNWPTF,TGTCAGCAGTATAATAACTGGCCCACTTTT,147888,50
clonotype235,clonotype235_consensus_2,762,IGH,IGHV4-39,IGHD2-15,IGHJ2,IGHM,True,True,CARHPRLGYCSGGSCTGDWYFDLW,TGTGCGAGACATCCGAGATTAGGATATTGTAGTGGTGGTAGCTGCACCGGCGACTGGTACTTCGATCTCTGG,34731,17
clonotype236,clonotype236_consensus_1,760,IGL,IGLV3-1,None,IGLJ3,IGLC2,True,True,CQAWDSSTAVF,TGTCAGGCGTGGGACAGCAGCACTGCGGTGTTC,82739,40
clonotype236,clonotype236_consensus_2,606,IGH,IGHV1-24,IGHD3-3,IGHJ3,IGHD,True,True,CATDSERITIFEDAFDIW,TGTGCAACAGACTCTGAACGTATTACGATTTTTGAAGATGCTTTTGATATCTGG,84134,41
clonotype237,clonotype237_consensus_1,736,IGH,IGHV7-81,IGHD2-15,IGHJ5,IGHM,True,True,CARDEGYCSGGSCYEFGTLDPW,TGTGCGAGAGATGAGGGATATTGTAGTGGTGGTAGCTGCTACGAATTTGGGACTCTCGACCCCTGG,54594,28
clonotype237,clonotype237_consensus_2,693,IGK,IGKV3-20,None,IGKJ3,IGKC,True,True,CQQYGSSPPKFTF,TGTCAGCAGTATGGTAGCTCACCTCCGAAATTCACTTTC,135229,42
clonotype238,clonotype238_consensus_1,580,IGH,IGHV3-33,IGHD3-22,IGHJ4,IGHM,True,True,CARDEDYYDSSGYYADYW,TGTGCGAGAGATGAGGATTACTATGATAGTAGTGGTTATTATGCGGACTACTGG,30925,3
clonotype238,clonotype238_consensus_2,680,IGL,IGLV3-25,None,IGLJ3,IGLC2,True,True,CQSADSSGTWVF,TGTCAATCAGCAGACAGCAGTGGTACTTGGGTGTTC,152037,29
clonotype239,clonotype239_consensus_1,667,IGK,IGKV1-8,None,IGKJ1,IGKC,True,True,CQQYYSYPRTF,TGTCAACAGTATTATAGTTACCCTCGGACGTTC,141458,43
clonotype239,clonotype239_consensus_2,587,IGH,IGHV3-43,IGHD3-10,IGHJ3,IGHM,True,True,CAKVGIGAFDIW,TGTGCAAAAGTAGGGATCGGTGCTTTTGATATCTGG,37380,18
clonotype23,clonotype23_consensus_1,750,IGH,IGHV3-23,IGHD3-10,IGHJ5,IGHM,True,True,CAKGFVPSGSIPYNWFDPW,TGTGCGAAAGGGTTCGTCCCTTCGGGCAGCATTCCCTACAACTGGTTCGACCCCTGG,83969,23
clonotype23,clonotype23_consensus_2,702,IGL,IGLV2-11,None,IGLJ3,IGLC3,True,True,CSYAGSYTFNWVF,TGCTCATATGCAGGCAGCTACACTTTCAATTGGGTGTTC,91035,27
clonotype240,clonotype240_consensus_1,907,IGK,IGKV4-1,None,IGKJ1,IGKC,True,True,CQQYYSTPRTF,TGTCAGCAATATTATAGTACTCCTCGGACGTTC,143143,28
clonotype240,clonotype240_consensus_2,739,IGH,IGHV1-69,IGHD3-22,IGHJ4,IGHM,True,True,CARDNPFYYDSSGYYWGYFDYW,TGTGCGAGAGATAATCCCTTTTACTATGATAGTAGTGGTTATTACTGGGGCTACTTTGACTACTGG,12506,5
clonotype241,clonotype241_consensus_1,676,IGK,IGKV4-1,None,IGKJ2,IGKC,True,True,CHQYYSYQNTF,TGTCACCAATATTATAGTTATCAGAATACTTTT,62495,10
clonotype241,clonotype241_consensus_2,729,IGH,IGHV3-33,IGHD4OR15-4B,IGHJ4,IGHM,True,True,CAKDHSGAIDYW,TGTGCGAAAGATCACTCTGGGGCTATTGACTACTGG,79900,17
clonotype242,clonotype242_consensus_1,666,IGK,IGKV3-15,None,IGKJ2,IGKC,True,True,CQQYNNWPLYTF,TGTCAGCAGTATAATAACTGGCCTCTGTACACTTTT,150475,14
clonotype243,clonotype243_consensus_1,564,IGH,IGHV4-39,IGHD4-17,IGHJ4,IGHM,True,True,CARHDYGDRDFDYW,TGTGCGAGACATGACTACGGTGACCGGGACTTTGACTACTGG,35879,12
clonotype243,clonotype243_consensus_2,663,IGK,IGKV1-5,None,IGKJ1,IGKC,True,True,CQQYNSYPWTF,TGCCAACAGTATAATAGTTATCCGTGGACGTTC,147669,36
clonotype244,clonotype244_consensus_1,679,IGL,IGLV2-14,None,IGLJ2,IGLC3,True,True,CSSYTSSSTLVF,TGCAGCTCATATACAAGCAGCAGCACTTTGGTATTC,118278,57
clonotype244,clonotype244_consensus_2,652,IGH,IGHV4-39,IGHD6-6,IGHJ6,IGHD,True,True,CATNVAARFYYYMDVW,TGTGCGACCAATGTAGCAGCTCGCTTCTACTACTACATGGACGTCTGG,52732,21
clonotype245,clonotype245_consensus_1,687,IGK,IGKV3-15,None,IGKJ4,IGKC,True,True,CQQYNNWPPLTF,TGTCAGCAGTATAATAACTGGCCTCCGCTCACTTTC,104849,75
clonotype245,clonotype245_consensus_2,593,IGH,IGHV4-61,IGHD3-9,IGHJ3,IGHM,True,True,CARAFTDLRYFDWEPYAFDIW,TGTGCGAGAGCATTTACCGACCTACGATATTTTGACTGGGAGCCGTATGCTTTTGATATCTGG,25231,27
clonotype246,clonotype246_consensus_1,723,IGH,IGHV4-34,IGHD2-2,IGHJ4,IGHM,True,True,CAREGDIVVVPAAKKGYYFDYW,TGTGCGAGAGAGGGGGATATTGTAGTAGTACCAGCTGCTAAAAAGGGATACTACTTTGACTACTGG,57330,40
clonotype246,clonotype246_consensus_2,682,IGL,IGLV2-14,None,IGLJ1,IGLC1,True,True,CSSYTSSSTPCVF,TGCAGCTCATATACAAGCAGCAGCACTCCTTGTGTCTTC,118557,87
clonotype247,clonotype247_consensus_1,675,IGK,IGKV3-15,None,IGKJ2,IGKC,True,True,CQQYNNWPQYTF,TGTCAGCAGTATAATAACTGGCCTCAGTACACTTTT,114104,27
clonotype247,clonotype247_consensus_2,757,IGH,IGHV3-49,IGHD2-2,IGHJ4,IGHM,True,True,CTRDLDIVVVPAARPGDYW,TGTACTAGAGACTTGGATATTGTAGTAGTACCAGCTGCTAGGCCTGGGGACTACTGG,59008,26
clonotype248,clonotype248_consensus_1,589,IGH,IGHV3-23,IGHD3-22,IGHJ4,IGHM,True,True,CAKDFSQSSGTSKGMVCDYW,TGTGCGAAAGATTTCTCCCAAAGTAGTGGTACTTCAAAAGGGATGGTTTGTGACTACTGG,38412,46
clonotype248,clonotype248_consensus_2,690,IGK,IGKV3-15,None,IGKJ1,IGKC,True,True,CQQYSTWTF,TGTCAGCAGTATAGCACGTGGACGTTC,124447,73
clonotype24,clonotype24_consensus_1,688,IGL,IGLV2-14,None,IGLJ1,IGLC1,True,True,CSSYTSSSTSPYVF,TGCAGCTCATATACAAGCAGCAGCACTTCCCCTTATGTCTTC,155471,126
clonotype24,clonotype24_consensus_2,807,IGH,IGHV3-72,IGHD4-17,IGHJ6,IGHG1,True,True,CVRLGYGDPGNYYYGMDVW,TGTGTTAGATTAGGGTACGGTGACCCCGGCAACTACTACTACGGTATGGACGTCTGG,9911,10
clonotype25,clonotype25_consensus_1,692,IGL,IGLV1-51,None,IGLJ1,IGLC2,True,True,CATWDTSLSAHVF,TGCGCAACATGGGATACCAGCCTGAGTGCCCATGTCTTC,45850,21
clonotype25,clonotype25_consensus_2,543,IGH,IGHV4-39,IGHD1OR15-1A,IGHJ4,IGHM,True,True,CARHEHGGGHDYW,TGTGCGAGACATGAACACGGGGGGGGCCATGACTACTGG,57594,22
clonotype26,clonotype26_consensus_1,682,IGL,IGLV2-11,None,IGLJ2,IGLC2,True,True,CSYAGSYTVVF,TGCTCATATGCAGGCAGCTACACTGTGGTATTC,116060,68
clonotype26,clonotype26_consensus_2,772,IGH,IGHV3-33,IGHD6-13,IGHJ4,IGHM,True,True,CARGAGQNTVFDYW,TGTGCGAGAGGAGCTGGTCAGAATACCGTATTTGACTACTGG,64447,29
clonotype27,clonotype27_consensus_1,654,IGH,IGHV3-64,IGHD3-22,IGHJ5,IGHM,True,True,CVKGSTYYYDSSPSWFDPW,TGTGTGAAAGGCAGTACCTATTACTATGATAGTAGCCCCAGCTGGTTCGACCCCTGG,26269,4
clonotype27,clonotype27_consensus_2,665,IGK,IGKV1D-39,None,IGKJ2,IGKC,True,True,CQQSYSTPYTF,TGTCAACAGAGTTACAGTACCCCCTACACTTTT,112350,12
clonotype28,clonotype28_consensus_1,714,IGK,IGKV3-20,None,IGKJ2,IGKC,True,True,CQQYGSSRYTF,TGTCAGCAGTATGGTAGCTCACGGTACACTTTT,62686,13
clonotype28,clonotype28_consensus_2,778,IGH,IGHV1-2,IGHD3-10,IGHJ3,IGHD,True,True,CARGGSSYYYGSGRNYLRSKAFDIW,TGTGCGAGAGGCGGCTCTTCGTATTACTATGGTTCGGGGAGAAATTACTTAAGGTCTAAGGCTTTTGATATCTGG,115119,41
clonotype29,clonotype29_consensus_1,661,IGK,IGKV1-9,None,IGKJ2,IGKC,True,True,CQQYYTTPYTF,TGTCAACAGTATTATACTACCCCGTACACTTTT,97854,35
clonotype29,clonotype29_consensus_2,690,IGH,IGHV2-5,IGHD2-2,IGHJ3,IGHM,True,True,CAHMVEVPFDMVQAFDIW,TGTGCACACATGGTGGAAGTACCATTTGATATGGTTCAGGCTTTTGATATCTGG,38632,18
clonotype2,clonotype2_consensus_1,676,IGL,IGLV2-11,None,IGLJ3,IGLC3,True,True,CSYAGSYLGF,TGCTCATATGCAGGCAGCTACCTTGGGTTC,102797,22
clonotype2,clonotype2_consensus_2,684,IGL,IGLV1-36,None,IGLJ2,IGLC2,True,True,CAAWDDSLKGVF,TGTGCAGCATGGGATGACAGCCTGAAGGGGGTATTC,40099,10
clonotype2,clonotype2_consensus_3,723,IGH,IGHV4-34,IGHD6-13,IGHJ5,IGHM,True,True,CARGYRVTSSWYSIGARRFDPW,TGTGCGAGAGGCTACCGCGTAACCAGCAGCTGGTACAGTATTGGTGCCCGCCGGTTCGACCCCTGG,48903,9
clonotype30,clonotype30_consensus_1,779,IGL,IGLV1-47,None,IGLJ2,IGLC3,True,True,CAAWDDSLSVLF,TGTGCAGCATGGGATGACAGCCTGAGTGTCTTATTC,87660,67
clonotype30,clonotype30_consensus_2,758,IGH,IGHV4-34,IGHD5-12,IGHJ6,IGHD,True,True,CAREAGGYDSDGMDVW,TGTGCGAGAGAGGCGGGTGGCTACGATTCCGACGGTATGGACGTCTGG,50101,34
clonotype31,clonotype31_consensus_1,680,IGL,IGLV2-14,None,IGLJ2,IGLC2,True,True,CSSYTSSSTLVF,TGCAGCTCATATACAAGCAGCAGCACTCTAGTATTC,151377,56
clonotype31,clonotype31_consensus_2,720,IGH,IGHV4-39,IGHD3-3,IGHJ4,IGHM,True,True,CSRQRPEDYDFWSGPLYYFDYW,TGTTCGAGACAGAGGCCGGAAGATTACGATTTTTGGAGTGGTCCCCTCTACTACTTTGACTACTGG,32096,9
clonotype32,clonotype32_consensus_1,585,IGH,IGHV3-23,IGHD3-10,IGHJ5,IGHM,True,True,CAKVKVVVRGAINWFDPW,TGTGCGAAAGTTAAGGTGGTGGTTCGGGGAGCTATCAACTGGTTCGACCCCTGG,12893,15
clonotype32,clonotype32_consensus_2,683,IGK,IGKV1D-13,None,IGKJ2,IGKC,True,True,CQQFNNYSYTF,TGTCAACAGTTTAATAATTACTCGTACACTTTT,177323,119
clonotype33,clonotype33_consensus_1,664,IGH,IGHV3-48,IGHD5-12,IGHJ4,IGHA1,True,True,CARDGGYTGFDFDYW,TGTGCGAGAGATGGCGGATATACTGGCTTCGACTTTGACTACTGG,39405,48
clonotype33,clonotype33_consensus_2,672,IGK,IGKV3-11,None,IGKJ1,IGKC,True,True,CLQRSKWPRTF,TGTCTGCAGCGTAGCAAGTGGCCTCGGACGTTC,148502,109
clonotype34,clonotype34_consensus_1,713,IGH,IGHV3-21,None,IGHJ4,IGHG2,True,True,CVRGFSNYFDHW,TGTGTGAGAGGGTTTTCAAACTACTTTGACCACTGG,16661,12
clonotype34,clonotype34_consensus_2,684,IGK,IGKV1-12,None,IGKJ4,IGKC,True,True,CQQAITIPGTSF,TGTCAACAGGCTATCACTATCCCCGGGACCTCTTTC,172448,56
clonotype35,clonotype35_consensus_1,734,IGH,IGHV3-48,IGHD4-17,IGHJ4,IGHM,True,True,CARVHGDYLGLDYW,TGTGCGAGAGTTCACGGTGACTACTTGGGCCTTGACTACTGG,107727,32
clonotype35,clonotype35_consensus_2,713,IGL,IGLV2-14,None,IGLJ3,IGLC2,True,True,CSSYTSSSTWVF,TGCAGCTCATATACAAGCAGCAGCACTTGGGTGTTC,74190,29
clonotype36,clonotype36_consensus_1,747,IGH,IGHV3-21,IGHD6-6,IGHJ6,IGHM,True,True,CARITSTSSDYYYYMDVW,TGTGCGAGGATAACTAGCACCTCGTCCGACTACTACTACTACATGGACGTCTGG,42048,6
clonotype36,clonotype36_consensus_2,684,IGL,IGLV2-14,None,IGLJ3,IGLC2,True,True,CSSYTRSSTPWVF,TGCAGCTCATATACACGCAGCAGCACTCCTTGGGTGTTC,138506,30
clonotype37,clonotype37_consensus_1,629,IGH,IGHV3-49,IGHD3-10,IGHJ5,IGHM,True,True,CTRVAHLVWFGERWFDPW,TGTACTAGAGTGGCCCACCTTGTATGGTTCGGGGAACGATGGTTCGACCCCTGG,70523,26
clonotype37,clonotype37_consensus_2,682,IGL,IGLV2-14,None,IGLJ3,IGLC2,True,True,CSSYTSSSTWVF,TGCAGCTCATATACAAGCAGCAGCACTTGGGTGTTC,94884,42
clonotype38,clonotype38_consensus_1,697,IGL,IGLV2-14,None,IGLJ1,IGLC1,True,True,CSSYTSSSTLVF,TGCAGCTCATATACAAGCAGCAGCACTCTCGTCTTC,101520,99
clonotype38,clonotype38_consensus_2,753,IGH,IGHV1-18,IGHD3-3,IGHJ5,IGHM,True,True,CARQGYDFWSGPKPLTNWFDPW,TGTGCCCGTCAGGGGTACGATTTTTGGAGTGGTCCTAAACCACTAACCAACTGGTTCGACCCCTGG,75061,62
clonotype39,clonotype39_consensus_1,793,IGL,IGLV3-21,None,IGLJ2,IGLC2,True,True,CQVWDSSSDHPDVVF,TGTCAGGTGTGGGATAGTAGTAGTGATCATCCGGATGTGGTATTC,92562,39
clonotype39,clonotype39_consensus_2,766,IGH,IGHV3-43,IGHD2-21,IGHJ4,IGHM,True,True,CAKSLGPYCGGDCYSFGYW,TGTGCAAAGAGCCTGGGGCCGTATTGTGGTGGTGATTGCTATTCATTCGGCTACTGG,79016,34
clonotype3,clonotype3_consensus_1,723,IGH,IGHV1-3,IGHD2-2,IGHJ4,IGHM,True,True,CARALVPAAMAKLGLDYW,TGTGCGAGAGCCCTAGTACCAGCTGCTATGGCGAAGTTGGGGTTGGACTACTGG,83221,47
clonotype3,clonotype3_consensus_2,682,IGL,IGLV2-14,None,IGLJ2,IGLC2,True,True,CSSYTSSSTLVF,TGCAGCTCATATACAAGCAGCAGCACTTTGGTATTC,70045,51
clonotype40,clonotype40_consensus_1,676,IGK,IGKV2D-28,None,IGKJ1,IGKC,True,True,CMQALQTPSAF,TGCATGCAAGCTCTACAAACTCCCTCCGCGTTC,111082,24
clonotype41,clonotype41_consensus_1,765,IGL,IGLV3-1,None,IGLJ2,IGLC2,True,True,CQAWDSSTAVF,TGTCAGGCGTGGGACAGCAGCACTGCGGTATTC,88560,44
clonotype41,clonotype41_consensus_2,704,IGH,IGHV4-39,IGHD6-19,IGHJ5,IGHM,True,True,CSTVAGPGVGSWFDPW,TGCTCTACAGTGGCTGGTCCGGGCGTAGGGAGCTGGTTCGACCCCTGG,100917,52
clonotype42,clonotype42_consensus_1,659,IGH,IGHV3-74,IGHD2-21,IGHJ4,IGHG1,True,True,CVRYAPYSDYW,TGTGTTCGGTACGCCCCATATTCCGACTACTGG,7796,11
clonotype42,clonotype42_consensus_2,873,IGK,IGKV4-1,None,IGKJ4,IGKC,True,True,CQQYYSLPLTF,TGTCAGCAATATTATAGTCTTCCCCTCACTTTC,175833,61
clonotype43,clonotype43_consensus_1,704,IGH,IGHV4-4,IGHD3-22,IGHJ4,IGHM,True,True,CARDSSGSVDYW,TGTGCGAGAGATAGTAGTGGTTCTGTTGACTACTGG,67357,37
clonotype43,clonotype43_consensus_2,704,IGK,IGKV3-20,None,IGKJ1,IGKC,True,True,CQQYGSSPRTF,TGTCAGCAGTATGGTAGCTCACCTCGGACGTTC,114924,43
clonotype44,clonotype44_consensus_1,683,IGK,IGKV1D-8,None,IGKJ1,IGKC,True,True,CQQYYSFPRTF,TGTCAACAGTATTATAGTTTCCCTCGGACGTTC,119115,42
clonotype44,clonotype44_consensus_2,593,IGH,IGHV3-21,IGHD3-10,IGHJ2,IGHM,True,True,CAREPGFGELLLRDWYFDLW,TGTGCGAGAGAGCCAGGGTTCGGGGAGTTATTACTAAGGGACTGGTACTTCGATCTCTGG,63809,33
clonotype45,clonotype45_consensus_1,680,IGL,IGLV2-14,None,IGLJ3,IGLC2,True,True,CSSYTSSSTWVF,TGCAGCTCATATACAAGCAGCAGCACCTGGGTGTTC,109724,50
clonotype45,clonotype45_consensus_2,734,IGH,IGHV3-33,IGHD6-19,IGHJ4,IGHM,True,True,CAKDIAVAGYFDYW,TGTGCGAAAGATATAGCAGTGGCTGGATACTTTGACTACTGG,69688,25
clonotype46,clonotype46_consensus_1,709,IGL,IGLV3-1,None,IGLJ2,IGLC3,True,True,CQAWDSSTVVF,TGTCAGGCGTGGGACAGCAGCACTGTGGTATTC,81751,25
clonotype46,clonotype46_consensus_2,562,IGH,IGHV4-39,IGHD2-8,IGHJ2,IGHM,True,True,CARPYTTQYWYFDLW,TGTGCGAGACCCTATACGACGCAATACTGGTACTTCGATCTCTGG,70259,23
clonotype47,clonotype47_consensus_1,615,IGH,IGHV3-7,IGHD3-9,IGHJ4,IGHM,True,True,CARDVPNVLRYFVIKEYGGKFDYW,TGTGCGAGAGATGTCCCTAACGTATTACGATATTTTGTAATCAAAGAGTACGGAGGCAAATTTGACTACTGG,78146,51
clonotype47,clonotype47_consensus_2,694,IGK,IGKV1-33,None,IGKJ1,IGKC,True,True,CQQYDNLPPWTF,TGTCAACAGTATGATAATCTCCCTCCGTGGACGTTC,105735,39
clonotype48,clonotype48_consensus_1,745,IGH,IGHV3-48,IGHD3-3,IGHJ4,IGHM,True,True,CARGDFWSGLDYW,TGTGCGAGGGGCGATTTTTGGAGTGGTTTGGACTACTGG,76561,58
clonotype48,clonotype48_consensus_2,827,IGK,IGKV3-20,None,IGKJ1,IGKC,True,True,CQQYGSSPRTF,TGTCAGCAGTATGGTAGCTCACCTCGGACGTTC,107794,45
clonotype49,clonotype49_consensus_1,780,IGH,IGHV3-64,IGHD1-26,IGHJ4,IGHG3,True,True,CVTLRGGSYYRW,TGTGTGACTTTAAGGGGTGGGAGCTACTATCGCTGG,44840,19
clonotype49,clonotype49_consensus_2,730,IGL,IGLV6-57,None,IGLJ3,IGLC3,True,True,CQSYDSSNHGVF,TGTCAGTCTTATGATAGCAGCAATCATGGGGTGTTC,95874,44
clonotype4,clonotype4_consensus_1,851,IGK,IGKV4-1,None,IGKJ4,IGKC,True,True,CQQYYSTPLTF,TGTCAGCAATATTATAGTACTCCGCTCACTTTC,157289,64
clonotype4,clonotype4_consensus_2,782,IGH,IGHV3-53,IGHD3-22,IGHJ4,IGHG1,True,True,CARERPYDSSGYFDYW,TGTGCGAGAGAACGACCCTATGATAGTAGTGGTTATTTTGACTACTGG,26524,22
clonotype50,clonotype50_consensus_1,714,IGL,IGLV3-19,None,IGLJ2,IGLC2,True,True,CNSRDSSGNHLF,TGTAACTCCCGGGACAGCAGTGGTAACCATCTATTC,123817,120
clonotype50,clonotype50_consensus_2,750,IGH,IGHV1-2,IGHD2-2,IGHJ4,IGHD,True,True,CARDIDPCSTSCRDYW,TGTGCGAGAGATATTGACCCCTGTAGTACCAGCTGCCGTGACTACTGG,51556,57
clonotype51,clonotype51_consensus_1,754,IGH,IGHV3-53,IGHD4-17,IGHJ6,IGHD,True,True,CARIGDYYYGMDVW,TGTGCGAGAATCGGTGACTACTACTACGGTATGGACGTCTGG,81534,9
clonotype51,clonotype51_consensus_2,741,IGL,IGLV1-47,None,IGLJ2,IGLC3,True,True,CAAWDDSLSGVVF,TGTGCAGCATGGGATGACAGCCTGAGTGGTGTGGTATTC,79112,10
clonotype52,clonotype52_consensus_1,725,IGH,IGHV5-51,IGHD2-2,IGHJ3,IGHM,True,True,CARSSSTSPVRAFDIW,TGTGCGAGATCTAGTAGTACCAGCCCCGTGCGTGCTTTTGATATCTGG,75878,79
clonotype52,clonotype52_consensus_2,683,IGK,IGKV1-6,None,IGKJ1,IGKC,True,True,CLQDYNYPWAF,TGTCTACAAGATTACAATTACCCGTGGGCGTTC,111796,67
clonotype53,clonotype53_consensus_1,735,IGH,IGHV3-48,IGHD6-19,IGHJ4,IGHM,True,True,CARGSGWYVGLGYW,TGTGCGAGAGGCAGTGGCTGGTACGTCGGTTTGGGCTACTGG,97191,34
clonotype53,clonotype53_consensus_2,782,IGL,IGLV6-57,None,IGLJ3,IGLC2,True,True,CQSYDSSIHWVF,TGTCAGTCTTATGATAGCAGCATCCATTGGGTGTTC,90778,34
clonotype54,clonotype54_consensus_1,695,IGK,IGKV3-11,None,IGKJ2,IGKC,True,True,CQQRTNWPYTF,TGTCAGCAGCGTACCAACTGGCCGTACACTTTT,153225,80
clonotype54,clonotype54_consensus_2,579,IGH,IGHV3-23,IGHD3-3,IGHJ5,IGHM,True,True,CAKEAIFGVTFWFDPW,TGTGCGAAAGAGGCGATTTTTGGAGTGACCTTCTGGTTCGACCCCTGG,35772,27
clonotype55,clonotype55_consensus_1,660,IGK,IGKV1D-39,None,IGKJ4,IGKC,True,True,CQQSYSTPLTF,TGTCAACAGAGTTACAGTACCCCTCTCACTTTC,114004,10
clonotype55,clonotype55_consensus_2,774,IGH,IGHV3-43,IGHD2-15,IGHJ6,IGHD,True,True,CAKDGSGYDGYYYGMDVW,TGTGCAAAAGATGGTAGTGGCTACGACGGTTACTACTACGGTATGGACGTCTGG,52843,6
clonotype56,clonotype56_consensus_1,747,IGH,IGHV7-81,IGHD3-22,IGHJ3,IGHM,True,True,CARMIVVVSIGGEAFDIW,TGTGCGAGAATGATAGTAGTGGTTAGCATCGGCGGGGAAGCTTTTGATATCTGG,99540,32
clonotype56,clonotype56_consensus_2,877,IGL,IGLV3-19,None,IGLJ1,IGLC1,True,True,CNSRDSSGNHVGNVF,TGTAACTCCCGGGACAGCAGTGGTAACCATGTGGGAAATGTCTTC,79613,29
clonotype57,clonotype57_consensus_1,729,IGH,IGHV3-48,IGHD3-10,IGHJ4,IGHM,True,True,CARDGFYYTDYW,TGTGCGAGAGATGGCTTTTACTATACTGACTACTGG,45629,27
clonotype57,clonotype57_consensus_2,803,IGK,IGKV3-20,None,IGKJ1,IGKC,True,True,CQQYGSSRTF,TGTCAGCAGTATGGTAGCTCTCGGACGTTC,127870,43
clonotype58,clonotype58_consensus_1,712,IGH,IGHV4-34,IGHD3-16,IGHJ4,IGHD,True,True,CAGWGLYGVYDYW,TGTGCGGGATGGGGGTTATACGGTGTCTACGACTACTGG,27737,31
clonotype58,clonotype58_consensus_2,669,IGK,IGKV3-11,None,IGKJ1,IGKC,True,True,CQQRSNWWTF,TGTCAGCAGCGTAGCAACTGGTGGACGTTC,122061,95
clonotype59,clonotype59_consensus_1,679,IGK,IGKV3-20,None,IGKJ1,IGKC,True,True,CQQYGSSPPWTF,TGTCAGCAGTATGGTAGCTCACCTCCGTGGACGTTC,156724,38
clonotype5,clonotype5_consensus_1,555,IGH,IGHV4-59,IGHD5-18,IGHJ4,IGHM,True,True,CARQDGDTALPSEGMYFDYW,TGTGCGAGACAGGATGGAGATACAGCCCTACCGAGTGAGGGGATGTACTTTGACTACTGG,33377,11
clonotype5,clonotype5_consensus_2,696,IGL,IGLV3-25,None,IGLJ2,IGLC2,True,True,CQSADSSGTVVF,TGTCAATCAGCAGACAGCAGTGGTACTGTGGTATTC,101424,35
clonotype60,clonotype60_consensus_1,663,IGK,IGKV1-27,None,IGKJ1,IGKC,True,True,CQKYNSAPRTF,TGTCAAAAGTATAACAGTGCCCCTCGGACGTTC,156881,52
clonotype60,clonotype60_consensus_2,586,IGH,IGHV4-34,IGHD2-2,IGHJ6,IGHM,True,True,CARGRSIVVPAAIPVPRAGVYYYMDVW,TGTGCGAGAGGCCGAAGTATAGTAGTACCAGCTGCTATACCGGTGCCCCGGGCGGGGGTCTACTACTACATGGACGTCTGG,26228,15
clonotype61,clonotype61_consensus_1,743,IGH,IGHV3-23,IGHD4-17,IGHJ4,IGHM,True,True,CAKDGAVTTLPYYFDYW,TGTGCGAAAGATGGTGCGGTGACCACGCTCCCGTACTACTTTGACTACTGG,35713,11
clonotype61,clonotype61_consensus_2,734,IGL,IGLV3-10,None,IGLJ2,IGLC3,True,True,CYSTDSSGNHSGVF,TGTTACTCAACAGACAGCAGTGGTAATCATAGTGGGGTATTC,120789,45
clonotype62,clonotype62_consensus_1,698,IGL,IGLV1-40,None,IGLJ1,IGLC1,True,True,CQSYDSSLSAPCVF,TGCCAGTCCTATGACAGCAGCCTGAGTGCTCCTTGTGTCTTC,120914,38
clonotype62,clonotype62_consensus_2,789,IGH,IGHV3-21,IGHD6-13,IGHJ5,IGHM,True,True,CARDSSSWREGYNWFDPW,TGTGCGAGAGATAGCAGCAGCTGGAGGGAGGGCTACAACTGGTTCGACCCCTGG,62648,26
clonotype63,clonotype63_consensus_1,661,IGK,IGKV1D-39,None,IGKJ3,IGKC,True,True,CQQSYSAPFTF,TGTCAACAGAGTTACAGTGCCCCTTTCACTTTC,127373,20
clonotype64,clonotype64_consensus_1,679,IGL,IGLV4-69,None,IGLJ3,IGLC2,True,True,CQTWDTGSSNWVF,TGTCAGACCTGGGACACAGGCAGCAGCAATTGGGTGTTC,142050,21
clonotype64,clonotype64_consensus_2,779,IGH,IGHV1-46,IGHD1-1,IGHJ6,IGHA1,True,True,CARDVYGELERGDVW,TGTGCGAGAGATGTCTACGGGGAACTGGAACGGGGGGACGTCTGG,53589,6
clonotype65,clonotype65_consensus_1,661,IGK,IGKV1D-39,None,IGKJ1,IGKC,True,True,CQQSYSTPTWTF,TGTCAACAGAGTTACAGTACCCCCACGTGGACGTTC,147209,22
clonotype65,clonotype65_consensus_2,610,IGH,IGHV3-33,IGHD6-13,IGHJ4,IGHD,True,True,CARGQYSSSWYYFDYW,TGTGCGAGAGGGCAGTATAGCAGCAGCTGGTACTACTTTGACTACTGG,45934,9
clonotype66,clonotype66_consensus_1,679,IGK,IGKV1-27,None,IGKJ1,IGKC,True,True,CQKYNSAPQTF,TGTCAAAAGTATAACAGTGCCCCTCAGACATTC,138336,170
clonotype66,clonotype66_consensus_2,848,IGH,IGHV1-69-2,IGHD1-14,IGHJ3,IGHM,True,True,CARDRYPVAFDIW,TGTGCGCGAGACCGATACCCGGTTGCTTTTGATATCTGG,38552,71
clonotype67,clonotype67_consensus_1,744,IGH,IGHV3-23,IGHD1-1,IGHJ4,IGHM,True,True,CAKVTPKNWNGGYFDYW,TGTGCGAAAGTAACCCCTAAGAACTGGAACGGGGGGTACTTTGACTACTGG,62194,31
clonotype67,clonotype67_consensus_2,859,IGK,IGKV4-1,None,IGKJ2,IGKC,True,True,CQQYYSTPYTF,TGTCAGCAATATTATAGTACTCCGTACACTTTT,100921,27
clonotype68,clonotype68_consensus_1,665,IGL,IGLV3-25,None,IGLJ2,IGLC2,True,True,CQSADSSGTAVF,TGTCAATCAGCAGACAGCAGTGGTACCGCGGTATTC,154728,23
clonotype68,clonotype68_consensus_2,842,IGH,IGHV4-4,IGHD3-3,IGHJ2,IGHD,True,True,CARDYKNRNDFWSGYTTYWYFDLW,TGTGCGAGAGATTATAAGAACAGGAACGATTTTTGGAGTGGTTACACGACATACTGGTACTTCGATCTCTGG,24382,3
clonotype69,clonotype69_consensus_1,765,IGH,IGHV3-23,IGHD3-3,IGHJ4,IGHM,True,True,CAKGFVDGDVLRFLEWLSPFDYW,TGTGCGAAAGGGTTCGTCGATGGAGACGTATTACGATTTTTGGAGTGGTTATCGCCCTTTGACTACTGG,42670,17
clonotype69,clonotype69_consensus_2,814,IGK,IGKV3-20,None,IGKJ5,IGKC,True,True,CQQYGSSPITF,TGTCAGCAGTATGGTAGCTCCCCGATCACCTTC,143417,36
clonotype6,clonotype6_consensus_1,676,IGK,IGKV4-1,None,IGKJ4,IGKC,True,True,CQQYYTSTSAF,TGTCAGCAATATTATACCAGTACGTCGGCTTTC,79335,37
clonotype70,clonotype70_consensus_1,744,IGH,IGHV3-23,IGHD3-22,IGHJ3,IGHM,True,True,CAKDRRIVVVSNAFDIW,TGTGCGAAAGATCGAAGGATAGTAGTGGTTTCGAATGCTTTTGATATCTGG,61551,17
clonotype70,clonotype70_consensus_2,697,IGL,IGLV3-25,None,IGLJ2,IGLC2,True,True,CQSADSSGTYVVF,TGTCAATCAGCAGACAGCAGTGGTACTTATGTGGTATTC,98876,29
clonotype71,clonotype71_consensus_1,709,IGL,IGLV3-1,None,IGLJ2,IGLC2,True,True,CQAWDSSTVVF,TGTCAGGCGTGGGACAGCAGCACTGTGGTATTC,90901,22
clonotype71,clonotype71_consensus_2,557,IGH,IGHV4-59,IGHD3-10,IGHJ2,IGHM,True,True,CASLYGSGSPWYFDLW,TGTGCGAGCCTTTATGGTTCGGGGAGTCCCTGGTACTTCGATCTCTGG,90937,25
clonotype72,clonotype72_consensus_1,648,IGH,IGHV3-15,IGHD3-3,IGHJ6,IGHD,True,True,CTTRVGDFWSGYPYYYYYYMDVW,TGTACCACACGGGTCGGGGATTTTTGGAGTGGTTATCCGTACTACTACTACTACTACATGGACGTCTGG,19048,10
clonotype72,clonotype72_consensus_2,684,IGK,IGKV1D-13,None,IGKJ5,IGKC,True,True,CQQYYSTPITF,TGTCAACAGTATTATAGTACCCCTATCACCTTC,171226,57
clonotype73,clonotype73_consensus_1,686,IGL,IGLV2-14,None,IGLJ2,IGLC3,True,True,CSSYTSSSTVVF,TGCAGCTCATATACAAGCAGCAGCACTGTGGTATTC,78439,38
clonotype73,clonotype73_consensus_2,699,IGH,IGHV4-39,IGHD1OR15-1A,IGHJ4,IGHM,True,True,CASQPWYKYYFDYW,TGTGCGAGTCAACCTTGGTATAAGTACTACTTTGACTACTGG,68821,31
clonotype74,clonotype74_consensus_1,696,IGL,IGLV2-11,None,IGLJ3,IGLC2,True,True,CSYAGSYTLVF,TGCTCATATGCAGGCAGCTACACTTTGGTGTTC,152011,33
clonotype74,clonotype74_consensus_2,611,IGH,IGHV3-74,IGHD4-17,IGHJ6,IGHD,True,True,CAREGYGDSNPLYYYYGMDVW,TGTGCAAGAGAGGGCTACGGTGACTCCAACCCTTTGTACTACTATTACGGAATGGACGTCTGG,18246,4
clonotype75,clonotype75_consensus_1,661,IGK,IGKV1D-39,None,IGKJ4,IGKC,True,True,CQQSYSTPSLTF,TGTCAACAGAGTTACAGTACCCCGTCGCTCACTTTC,74972,12
clonotype75,clonotype75_consensus_2,735,IGH,IGHV4-39,IGHD1-26,IGHJ6,IGHD,True,True,CARLERSGSYRGLYYYYGMDVW,TGTGCGAGACTCGAACGTAGTGGGAGCTACCGGGGCCTCTACTACTACTACGGTATGGACGTCTGG,49325,2
clonotype76,clonotype76_consensus_1,741,IGH,IGHV3-33,IGHD1-1,IGHJ4,IGHM,True,True,CARDFISGTTGTIDYW,TGTGCGAGAGATTTCATTTCCGGGACAACTGGAACAATTGACTACTGG,22437,6
clonotype77,clonotype77_consensus_1,784,IGK,IGKV4-1,None,IGKJ4,IGKC,True,True,CQQYYSTPPLTF,TGTCAGCAATATTATAGTACTCCTCCGCTCACTTTC,74522,28
clonotype77,clonotype77_consensus_2,726,IGH,IGHV1-69-2,IGHD1-26,IGHJ4,IGHM,True,True,CARDVSIVGAEPYFDYW,TGTGCGAGAGATGTCAGTATAGTGGGAGCTGAACCTTACTTTGACTACTGG,103424,60
clonotype78,clonotype78_consensus_1,855,IGK,IGKV4-1,None,IGKJ1,IGKC,True,True,CQQYYSTPRTF,TGTCAGCAATATTATAGTACTCCTCGGACGTTC,94534,7
clonotype78,clonotype78_consensus_2,676,IGK,IGKV3-11,None,IGKJ2,IGKC,True,True,CQQRSNWPHF,TGTCAGCAGCGTAGCAACTGGCCTCACTTT,57753,4
clonotype79,clonotype79_consensus_1,588,IGH,IGHV3-13,IGHD2-15,IGHJ4,IGHM,True,True,CARGTYCSGGSCYSVPPDYW,TGTGCAAGAGGAACGTATTGTAGTGGTGGTAGCTGCTACTCCGTTCCCCCAGACTACTGG,18655,25
clonotype79,clonotype79_consensus_2,723,IGK,IGKV1-27,None,IGKJ4,IGKC,True,True,CQMYNSAPPALTF,TGTCAAATGTATAACAGTGCCCCTCCGGCGCTCACTTTC,134042,119
clonotype7,clonotype7_consensus_1,819,IGK,IGKV3-20,None,IGKJ2,IGKC,True,True,CQQYGPTF,TGTCAGCAGTATGGCCCCACTTTT,117883,17
clonotype7,clonotype7_consensus_2,627,IGH,IGHV3-33,IGHD2-2,IGHJ6,IGHM,True,True,CARSLGYCSSTSCYGMGYYYYYMDVW,TGTGCGAGATCACTAGGATATTGTAGTAGTACCAGCTGCTATGGCATGGGCTACTACTACTACTACATGGACGTCTGG,47279,13
clonotype80,clonotype80_consensus_1,742,IGH,IGHV4-61,IGHD4-17,IGHJ4,IGHM,True,True,CARARDSDYGDYDFDYW,TGTGCGAGAGCCCGGGATTCCGACTACGGTGACTACGACTTTGACTACTGG,68063,31
clonotype80,clonotype80_consensus_2,743,IGL,IGLV3-19,None,IGLJ3,IGLC2,True,True,CNSRDSSGNHLGVF,TGTAACTCCCGGGACAGCAGTGGTAACCATCTGGGGGTGTTC,102540,49
clonotype81,clonotype81_consensus_1,694,IGL,IGLV2-18,None,IGLJ1,IGLC1,True,True,CSSYTSSSTFPFVF,TGCAGCTCATATACAAGCAGCAGCACTTTCCCTTTTGTCTTC,83678,15
clonotype81,clonotype81_consensus_2,802,IGH,IGHV3-48,IGHD3-3,IGHJ6,IGHD,True,True,CARLYYDFWSGYYGDMDVW,TGTGCGAGGTTGTATTACGATTTTTGGAGTGGTTATTATGGGGACATGGACGTCTGG,97525,23
clonotype82,clonotype82_consensus_1,786,IGK,IGKV3-15,None,IGKJ2,IGKC,True,True,CQQYNNWSGTF,TGTCAGCAGTATAATAACTGGTCAGGGACTTTT,111307,19
clonotype82,clonotype82_consensus_2,907,IGH,IGHV4-39,IGHD3-16,IGHJ5,IGHM,True,True,CARQPHEDYVWGSYRNLNWFDPW,TGTGCGAGACAGCCCCATGAAGATTACGTTTGGGGGAGTTATCGGAACCTAAACTGGTTCGACCCCTGG,66360,16
clonotype83,clonotype83_consensus_1,661,IGK,IGKV1-27,None,IGKJ4,IGKC,True,True,CQKYNSVPLTF,TGTCAAAAGTATAACAGTGTCCCGCTCACTTTC,151574,47
clonotype83,clonotype83_consensus_2,755,IGH,IGHV3-23,IGHD2-21,IGHJ5,IGHM,True,True,CAKFALGSDCGRSRCYGWFDFW,TGTGCGAAGTTTGCCCTCGGATCAGATTGTGGTCGCTCCAGGTGCTATGGGTGGTTCGACTTCTGG,6076,4
clonotype84,clonotype84_consensus_1,719,IGH,IGHV1-3,IGHD1-26,IGHJ4,IGHM,True,True,CASARGGYSGSYYLLDYW,TGTGCGAGTGCGCGGGGGGGCTATAGTGGGAGCTACTACCTCCTTGACTACTGG,63313,20
clonotype84,clonotype84_consensus_2,763,IGK,IGKV4-1,None,IGKJ1,IGKC,True,True,CQQYYSTPPTF,TGTCAGCAATATTATAGTACTCCTCCCACGTTC,99749,19
clonotype85,clonotype85_consensus_1,689,IGK,IGKV3-20,None,IGKJ1,IGKC,True,True,CQQYGSSPWTF,TGTCAGCAGTATGGTAGCTCACCGTGGACGTTC,162430,66
clonotype85,clonotype85_consensus_2,553,IGH,IGHV4-61,IGHD5-12,IGHJ4,IGHM,True,True,CARTSGYDYESHYW,TGTGCGAGAACTAGTGGCTACGATTACGAGTCGCACTACTGG,16713,14
clonotype86,clonotype86_consensus_1,676,IGK,IGKV2D-28,None,IGKJ2,IGKC,True,True,CMQALQTPRTF,TGCATGCAGGCTCTACAAACTCCTAGGACTTTT,91561,120
clonotype86,clonotype86_consensus_2,599,IGH,IGHV2-5,IGHD3-3,IGHJ6,IGHA1,True,True,CARSRFNGMDVW,TGTGCACGCTCTCGATTTAACGGAATGGACGTCTGG,64674,89
clonotype86,clonotype86_consensus_3,639,IGK,IGKV1D-39,None,IGKJ2,IGKC,True,True,CPLATSSLQPEVNGLTDTLHF,TGCCCTCTCGCCACCAGCAGTCTGCAACCTGAAGTCAATGGACTTACAGATACCCTCCACTTT,21494,31
clonotype87,clonotype87_consensus_1,587,IGH,IGHV4-34,IGHD6-13,IGHJ4,IGHM,True,True,CARGGHSSSWFFVYYFDYW,TGTGCGAGAGGCGGCCATAGCAGCAGCTGGTTTTTTGTCTACTACTTTGACTACTGG,63740,42
clonotype87,clonotype87_consensus_2,679,IGK,IGKV3-15,None,IGKJ2,IGKC,True,True,CQQYNNWPPYTF,TGTCAGCAGTATAATAACTGGCCTCCGTACACTTTT,129764,50
clonotype88,clonotype88_consensus_1,592,IGH,IGHV3-11,None,IGHJ2,IGHD,True,True,CARDSKGFDLW,TGTGCGAGAGATTCAAAGGGCTTCGATCTCTGG,24543,12
clonotype88,clonotype88_consensus_2,682,IGL,IGLV2-11,None,IGLJ1,IGLC1,True,True,CSSYAGSNNYVF,TGCAGCTCATATGCAGGCAGCAACAATTATGTCTTC,127675,58
clonotype89,clonotype89_consensus_1,661,IGK,IGKV1D-39,None,IGKJ2,IGKC,True,True,CQQSHSTPYTF,TGTCAACAGAGTCACAGTACCCCATATACTTTT,91800,33
clonotype89,clonotype89_consensus_2,728,IGH,IGHV1-24,IGHD3-9,IGHJ3,IGHM,True,True,CAAPLSNIFMGGDGLDIW,TGTGCAGCACCACTATCTAATATTTTCATGGGAGGAGATGGTCTTGATATCTGG,68732,36
clonotype8,clonotype8_consensus_1,697,IGK,IGKV3-11,None,IGKJ2,IGKC,True,True,CQQRSNWPPYTF,TGTCAGCAGCGTAGCAACTGGCCTCCGTACACTTTT,128054,52
clonotype8,clonotype8_consensus_2,797,IGH,IGHV1-69-2,IGHD2-2,IGHJ3,IGHM,True,True,CARDRQEEEYQLPNFGDAFDIW,TGTGCGAGAGATCGCCAAGAGGAAGAGTACCAGCTGCCAAATTTTGGGGATGCTTTTGATATCTGG,57511,43
clonotype90,clonotype90_consensus_1,675,IGK,IGKV3-15,None,IGKJ1,IGKC,True,True,CQQYNNWPPWTF,TGTCAGCAGTATAATAACTGGCCTCCGTGGACGTTC,147093,44
clonotype90,clonotype90_consensus_2,734,IGH,IGHV5-51,IGHD3-10,IGHJ4,IGHM,True,True,CARHRAMVLGGGGDCFDYW,TGTGCGAGACATAGGGCTATGGTTCTTGGGGGCGGTGGAGACTGCTTTGACTACTGG,35650,22
clonotype91,clonotype91_consensus_1,626,IGH,IGHV3-33,IGHD2-15,IGHJ6,IGHD,True,True,CARDGIVVVDYYYGMDVW,TGTGCGAGAGATGGTATTGTAGTGGTAGACTACTACTACGGTATGGACGTCTGG,45389,9
clonotype91,clonotype91_consensus_2,760,IGL,IGLV3-1,None,IGLJ1,IGLC1,True,True,CQAWDSSTYVF,TGTCAGGCGTGGGACAGCAGCACTTATGTCTTC,140006,25
clonotype92,clonotype92_consensus_1,746,IGH,IGHV1-69-2,IGHD2-15,IGHJ6,IGHM,True,True,CGSIRLGYCSGGSCFYYYYGMDVW,TGTGGGTCAATTCGACTAGGATATTGTAGTGGTGGTAGCTGCTTCTACTACTACTACGGTATGGACGTCTGG,80842,28
clonotype92,clonotype92_consensus_2,668,IGL,IGLV7-43,None,IGLJ1,IGLC1,True,True,CLLYFGGTYVF,TGCCTGCTCTACTTTGGTGGTACTTATGTCTTC,8217,2
clonotype92,clonotype92_consensus_3,659,IGK,IGKV1D-39,None,IGKJ1,IGKC,True,True,CQQSYSTPPTF,TGTCAACAGAGTTACAGTACCCCTCCAACGTTC,76272,14
clonotype93,clonotype93_consensus_1,738,IGH,IGHV3-23,IGHD3-16,IGHJ4,IGHM,True,True,CAKLGALWNQVDYW,TGTGCGAAGTTGGGGGCCTTATGGAACCAAGTTGACTACTGG,101593,12
clonotype94,clonotype94_consensus_1,665,IGK,IGKV1D-39,None,IGKJ2,IGKC,True,True,CQQSYSTPYTF,TGTCAACAGAGTTACAGTACCCCGTACACTTTT,124817,26
clonotype94,clonotype94_consensus_2,704,IGH,IGHV4-39,IGHD6-6,IGHJ5,IGHM,True,True,CARRRSGIAAQNWFDPW,TGTGCGAGACGCCGGTCCGGTATAGCAGCTCAGAACTGGTTCGACCCCTGG,48793,18
clonotype95,clonotype95_consensus_1,790,IGH,IGHV1-46,IGHD3OR15-3A,IGHJ5,None,True,True,CVRETLDRSLVRPL,TGTGTGAGAGAGACTTTGGACAGGTCCCTGGTTCGACCCCTG,1445,3
clonotype95,clonotype95_consensus_2,696,IGH,IGHV5-51,IGHD6-6,IGHJ4,IGHM,True,True,CARSPETRSTSSYVWVDFW,TGTGCGAGGTCTCCGGAAACTCGGAGCACCTCGTCCTATGTCTGGGTTGACTTCTGG,26471,9
clonotype95,clonotype95_consensus_3,697,IGK,IGKV4-1,None,IGKJ3,IGKC,True,True,CQQYYSSPFTF,TGTCAGCAATATTATAGTAGTCCCTTCACTTTC,106428,27
clonotype96,clonotype96_consensus_1,699,IGL,IGLV3-25,None,IGLJ3,IGLC3,True,True,CQSADSSGTYPPNLVF,TGTCAATCAGCAGACAGCAGTGGTACTTATCCGCCTAATTTGGTGTTC,154095,20
clonotype96,clonotype96_consensus_2,600,IGH,IGHV4-61,IGHD1OR15-1A,IGHJ4,IGHD,True,True,CASQPWYKYYFDYW,TGTGCGAGTCAACCTTGGTATAAGTACTACTTTGACTACTGG,14364,2
clonotype97,clonotype97_consensus_1,761,IGH,IGHV3-23,IGHD1-26,IGHJ4,IGHD,True,True,CAKAKVGATRFDYW,TGTGCGAAAGCGAAGGTGGGAGCCACCCGCTTTGACTACTGG,43506,38
clonotype97,clonotype97_consensus_2,687,IGL,IGLV2-14,None,IGLJ2,IGLC3,True,True,CSSYTSSSTYVVF,TGCAGCTCATATACAAGCAGCAGCACTTATGTGGTATTC,130727,119
clonotype98,clonotype98_consensus_1,734,IGL,IGLV1-40,None,IGLJ2,IGLC2,True,True,CQSYDSSLSGSKVF,TGCCAGTCCTATGACAGCAGCCTGAGTGGTTCGAAGGTATTC,97778,73
clonotype98,clonotype98_consensus_2,616,IGH,IGHV5-51,IGHD6-13,IGHJ6,IGHD,True,True,CARLARAAGTRRGNGMDVW,TGTGCGAGATTGGCTAGAGCAGCTGGGACCCGGCGGGGAAACGGTATGGACGTCTGG,88427,56
clonotype99,clonotype99_consensus_1,594,IGH,IGHV5-51,IGHD1-26,IGHJ4,IGHM,True,True,CARLGLGTTSYYFDSW,TGTGCGAGACTCGGTTTGGGAACTACTTCTTACTACTTTGACTCCTGG,36269,64
clonotype99,clonotype99_consensus_2,809,IGK,IGKV3-20,None,IGKJ1,IGKC,True,True,CQQYRGSPGTF,TGTCAACAATACCGTGGCTCACCGGGAACGTTC,153570,155
clonotype9,clonotype9_consensus_1,680,IGK,IGKV1-5,None,IGKJ2,IGKC,True,True,CQQYNRYPWTF,TGCCAACAGTATAATAGATATCCGTGGACTTTT,96272,53
clonotype9,clonotype9_consensus_2,740,IGH,IGHV2-70,IGHD6-6,IGHJ6,IGHD,True,True,CARTRRLAARPYDFYGMDVW,TGTGCACGGACAAGGCGTCTAGCAGCTCGTCCTTACGACTTCTACGGCATGGACGTCTGG,59297,44
