,clonotype_id,consensus_ids,igh_cdr3s,igh_cdr3_nts,igh_v_genes,igh_d_genes,igh_j_genes,igh_c_genes,igl_cdr3s,igl_cdr3_nts,igl_v_genes,igl_d_genes,igl_j_genes,igl_c_genes,igk_cdr3s,igk_cdr3_nts,igk_v_genes,igk_d_genes,igk_j_genes,igk_c_genes
0,clonotype1,"['clonotype1_consensus_1', 'clonotype1_consensus_2']",CARHVSSYWGSYRTPIPYFDYW,TGTGCGAGACACGTCTCATCCTATTGGGGGAGTTATCGAACTCCTATTCCTTACTTTGACTACTGG,IGHV4-59,IGHD3-16,IGHJ4,IGHM,CSSYTSSSTPVF,TGCAGCTCATATACAAGCAGCAGCACTCCTGTCTTC,IGLV2-14,None,IGLJ1,IGLC1,,,,,,
1,clonotype10,"['clonotype10_consensus_1', 'clonotype10_consensus_2']",CARESLRWLQVSDYYMDVW,TGTGCGAGAGAGAGCCTAAGATGGCTACAGGTCTCCGACTACTACATGGACGTCTGG,IGHV3-30-3,IGHD4-17,IGHJ6,IGHM,,,,,,,CQQRSNWPPIFTF,TGTCAGCAGCGTAGCAACTGGCCTCCCATATTCACTTTC,IGKV3-11,None,IGKJ3,IGKC
2,clonotype100,"['clonotype100_consensus_1', 'clonotype100_consensus_2']",CARPPKGVGLSRVGYFDYW,TGTGCCCGACCCCCTAAAGGTGTAGGGTTATCCCGTGTGGGCTACTTTGACTACTGG,IGHV3-33,IGHD2-8,IGHJ4,IGHM,CQTWGTGIHVVF,TGTCAGACCTGGGGCACTGGCATCCATGTGGTATTC,IGLV4-69,None,IGLJ3,IGLC3,,,,,,
3,clonotype101,"['clonotype101_consensus_2', 'clonotype101_consensus_1']",CAREARNSSPGAFDIW,TGTGCGAGAGAAGCCAGAAATAGCAGCCCCGGTGCTTTTGATATCTGG,IGHV1-46,IGHD2-21,IGHJ3,IGHM,,,,,,,CQQYGSSYTF,TGTCAGCAGTATGGTAGCTCGTACACTTTT,IGKV3-20,None,IGKJ2,IGKC
4,clonotype102,"['clonotype102_consensus_2', 'clonotype102_consensus_1']",CLRGVGGYEDDSW,TGTCTGAGAGGCGTGGGGGGATACGAAGATGACTCTTGG,IGHV1-18,IGHD5-12,IGHJ4,IGHG1,,,,,,,CQHRSNWPPLTF,TGTCAGCACCGAAGCAACTGGCCTCCGCTCACTTTC,IGKV3-11,None,IGKJ4,IGKC
5,clonotype103,"['clonotype103_consensus_1', 'clonotype103_consensus_2']",CARDIPNTNSGFDYW,TGTGCGAGAGATATCCCCAACACAAATTCAGGGTTTGACTACTGG,IGHV1-69,IGHD2-21,IGHJ4,IGHM,CNSRDSSGNHVVF,TGTAACTCCCGGGACAGCAGTGGTAACCATGTGGTATTC,IGLV3-19,None,IGLJ3,IGLC3,,,,,,
6,clonotype104,['clonotype104_consensus_1'],,,,,,,,,,,,,CMQALQTPLTF,TGCATGCAAGCTCTACAAACCCCGCTCACTTTC,IGKV2-28,None,IGKJ4,IGKC
7,clonotype105,"['clonotype105_consensus_1', 'clonotype105_consensus_2']",CARGRGTPRHRYYYGMDVW,TGTGCGAGAGGCCGGGGTACGCCGAGACATCGCTACTACTACGGTATGGACGTCTGG,IGHV4-34,IGHD3-10,IGHJ6,IGHD,,,,,,,CQQANSFPFTF,TGTCAACAGGCTAACAGTTTCCCTTTCACCTTC,IGKV1D-12,None,IGKJ5,IGKC
8,clonotype106,"['clonotype106_consensus_1', 'clonotype106_consensus_2']",CARAPYSSGTRTHGMDVW,TGTGCAAGAGCCCCGTATAGCAGTGGCACCCGGACGCACGGTATGGACGTCTGG,IGHV3-74,IGHD6-19,IGHJ6,IGHM,,,,,,,CMQGIHLPYTF,TGCATGCAAGGTATACACCTTCCGTACACTTTT,IGKV2-29,None,IGKJ2,IGKC
9,clonotype107,"['clonotype107_consensus_3', 'clonotype107_consensus_1', 'clonotype107_consensus_2']",CARDERGWFW,TGTGCGAGAGATGAACGTGGCTGGTTCTGG,IGHV3-21,IGHD6-19,IGHJ5,IGHM,CAAWDDSLSGWVF,TGTGCAGCATGGGATGACAGCCTGAGTGGTTGGGTGTTC,IGLV1-47,None,IGLJ3,IGLC2,CQQRSNWPSITF,TGTCAGCAGCGTAGCAACTGGCCCTCGATCACCTTC,IGKV3D-11,None,IGKJ5,IGKC
10,clonotype108,"['clonotype108_consensus_1', 'clonotype108_consensus_2']",CARGYRGDIVVVVAASGLFDPW,TGTGCGAGAGGATATCGCGGGGATATTGTAGTGGTGGTAGCTGCCTCCGGGCTGTTCGACCCCTGG,IGHV3-48,IGHD2-15,IGHJ5,IGHM,CCSYAGSSSVF,TGCTGCTCATATGCAGGTAGTAGCAGTGTCTTC,IGLV2-23,None,IGLJ1,IGLC1,,,,,,
11,clonotype109,"['clonotype109_consensus_2', 'clonotype109_consensus_1']",CAKDHPSYSNCGGDCSHFDYW,TGTGCGAAAGATCACCCCTCTTACTCTAATTGTGGTGGTGATTGCTCACACTTTGACTACTGG,IGHV3-30,IGHD2-21,IGHJ4,IGHM,CQVWDSSSDHVVF,TGTCAGGTGTGGGATAGTAGTAGTGATCATGTGGTATTC,IGLV3-21,None,IGLJ3,IGLC3,,,,,,
12,clonotype11,"['clonotype11_consensus_3', 'clonotype11_consensus_2', 'clonotype11_consensus_1']",CASMTTVTEGGNYW,TGTGCGAGTATGACTACGGTGACTGAGGGGGGGAACTACTGG,IGHV3-30,IGHD4-17,IGHJ4,IGHM,,,,,,,CQQSYSTPWTF,TGTCAACAGAGTTACAGTACCCCTTGGACGTTC,IGKV1-39,None,IGKJ1,IGKC
13,clonotype110,"['clonotype110_consensus_1', 'clonotype110_consensus_2']",CARVYPLPYHGATIPKYYFDYW,TGTGCGAGAGTTTACCCCCTCCCATACCACGGAGCTACTATCCCCAAGTACTACTTTGACTACTGG,IGHV4-59,IGHD5-12,IGHJ4,IGHM,CQAWDSSTVVF,TGTCAGGCGTGGGACAGCAGCACTGTGGTATTC,IGLV3-1,None,IGLJ3,IGLC2,,,,,,
14,clonotype111,['clonotype111_consensus_1'],,,,,,,,,,,,,CQQYGSSLTF,TGTCAGCAGTATGGTAGCTCACTCACTTTC,IGKV3-20,None,IGKJ4,IGKC
15,clonotype112,"['clonotype112_consensus_2', 'clonotype112_consensus_1']",CATAKDYGGNSGFNWFDPW,TGTGCAACAGCGAAGGACTACGGTGGTAACTCCGGTTTCAACTGGTTCGACCCCTGG,IGHV1-24,IGHD4-17,IGHJ5,IGHM,,,,,,,CQQYNNWPQMYTF,TGTCAGCAGTATAATAACTGGCCTCAGATGTACACTTTT,IGKV3-15,None,IGKJ2,IGKC
16,clonotype113,"['clonotype113_consensus_1', 'clonotype113_consensus_2']",CARRTIVRGGWATW,TGTGCAAGAAGGACTATTGTTCGCGGGGGGTGGGCCACCTGG,IGHV1-18,IGHD3-10,IGHJ5,IGHG2,,,,,,,CQQSFNLPRTF,TGTCAACAGAGTTTCAATCTCCCCCGGACGTTC,IGKV1-39,None,IGKJ1,IGKC
17,clonotype114,"['clonotype114_consensus_1', 'clonotype114_consensus_2']",CAKLDHYYYYMDVW,TGTGCGAAACTGGACCACTACTACTACTACATGGACGTCTGG,IGHV3-23,IGHD2-8,IGHJ6,IGHM,,,,,,,CMQGIHLPPPWTF,TGCATGCAAGGTATACACCTTCCTCCGCCTTGGACGTTC,IGKV2-29,None,IGKJ1,IGKC
18,clonotype115,"['clonotype115_consensus_1', 'clonotype115_consensus_2']",CAGGEVDSSGWGWFDPW,TGTGCGGGCGGGGAAGTCGACAGTAGTGGTTGGGGCTGGTTCGACCCCTGG,IGHV4-59,IGHD3-22,IGHJ5,IGHG2,CQVWYIGSDPVVF,TGTCAGGTGTGGTATATTGGTAGTGATCCTGTGGTTTTC,IGLV3-21,None,IGLJ3,IGLC2,,,,,,
19,clonotype116,['clonotype116_consensus_1'],,,,,,,,,,,,,CQQYNNWPTF,TGTCAGCAGTATAATAACTGGCCGACGTTC,IGKV3-15,None,IGKJ1,IGKC
20,clonotype117,"['clonotype117_consensus_2', 'clonotype117_consensus_1']",CARSGHLGRARNFWNGYLYYIDYW,TGTGCCAGATCCGGCCATTTGGGTCGGGCGCGGAATTTTTGGAATGGTTATCTCTACTATATTGACTACTGG,IGHV3-30,IGHD3-3,IGHJ4,IGHM,CASWDDSLSGFWVF,TGTGCATCATGGGATGACAGCCTGAGTGGTTTTTGGGTGTTC,IGLV1-47,None,IGLJ3,IGLC2,,,,,,
21,clonotype118,"['clonotype118_consensus_2', 'clonotype118_consensus_1']",CASCSSTSCYGPQYYFDYW,TGTGCGAGCTGTAGTAGTACCAGCTGCTATGGGCCCCAGTACTACTTTGACTACTGG,IGHV4-39,IGHD2-2,IGHJ4,IGHM,CQSADSSGTSQVF,TGTCAATCAGCAGACAGCAGTGGTACTTCCCAGGTATTC,IGLV3-25,None,IGLJ3,IGLC2,,,,,,
22,clonotype119,"['clonotype119_consensus_1', 'clonotype119_consensus_2']",CARVGYCSSTSCPIKYYYYYMDVW,TGTGCGAGAGTCGGGTATTGTAGTAGTACCAGCTGCCCCATCAAATACTACTACTACTACATGGACGTCTGG,IGHV1-69,IGHD2-2,IGHJ6,IGHM,,,,,,,CQQYDNLPLTF,TGTCAACAGTATGATAATCTCCCGCTCACTTTC,IGKV1-33,None,IGKJ4,IGKC
23,clonotype12,"['clonotype12_consensus_2', 'clonotype12_consensus_1']",CARHVMGSDAFDIW,TGTGCGAGACATGTTATGGGCTCTGATGCTTTTGATATCTGG,IGHV4-39,IGHD3-16,IGHJ3,IGHM,CSSYAGSNNFF,TGCAGCTCATATGCAGGCAGCAACAATTTTTTC,IGLV2-8,None,IGLJ3,IGLC2,,,,,,
24,clonotype120,"['clonotype120_consensus_1', 'clonotype120_consensus_2']",CARAQQLVGVNGFDYW,TGTGCGAGAGCCCAACAGCTAGTGGGAGTTAATGGGTTTGACTACTGG,IGHV3-21,IGHD1-26,IGHJ4,IGHM,CQSADSSGTYVF,TGTCAATCAGCAGACAGCAGTGGTACTTATGTCTTC,IGLV3-25,None,IGLJ1,IGLC1,,,,,,
25,clonotype121,"['clonotype121_consensus_1', 'clonotype121_consensus_2']",CARESGSYYFDYW,TGTGCCAGAGAATCTGGGAGCTACTACTTTGACTACTGG,IGHV4-30-4,IGHD1-26,IGHJ4,IGHM,CSSYAGSNNSVF,TGCAGCTCATATGCAGGCAGCAACAATTCTGTCTTC,IGLV2-8,None,IGLJ1,IGLC1,,,,,,
26,clonotype122,['clonotype122_consensus_1'],,,,,,,,,,,,,CQQYNSYYTF,TGCCAACAATATAATAGTTATTATACTTTT,IGKV1-5,None,IGKJ2,IGKC
27,clonotype123,"['clonotype123_consensus_1', 'clonotype123_consensus_2']",CARDRLVEMEYYFDYW,TGTGCGAGAGATCGTTTGGTAGAGATGGAATACTACTTTGACTACTGG,IGHV3-21,IGHD3-16,IGHJ4,IGHM,,,,,,,CQQYNNWPPLYTF,TGTCAGCAGTATAATAACTGGCCGCCTTTGTACACTTTT,IGKV3-15,None,IGKJ2,IGKC
28,clonotype124,"['clonotype124_consensus_1', 'clonotype124_consensus_2']",CARDQSNWGLDYW,TGTGCGAGAGATCAAAGTAACTGGGGTCTTGACTACTGG,IGHV4-31,IGHD7-27,IGHJ4,IGHM,CAAWDDSLNGVVF,TGTGCAGCATGGGATGACAGCCTGAATGGTGTGGTATTC,IGLV1-44,None,IGLJ3,IGLC3,,,,,,
29,clonotype125,"['clonotype125_consensus_1', 'clonotype125_consensus_2']",CANYGGNADYYYYMDVW,TGTGCGAATTATGGAGGAAATGCGGACTACTACTACTACATGGACGTCTGG,IGHV3-23,IGHD2-21,IGHJ6,IGHD,,,,,,,CQQRSNWPPGYTF,TGTCAGCAGCGTAGCAACTGGCCTCCGGGGTACACTTTT,IGKV3-11,None,IGKJ2,IGKC
30,clonotype126,"['clonotype126_consensus_1', 'clonotype126_consensus_2']",CARGRIDYGDDSFPAMDVW,TGTGCGAGAGGCCGAATCGACTACGGTGACGACTCTTTCCCCGCTATGGACGTCTGG,IGHV1-8,IGHD4-17,IGHJ6,IGHA2,,,,,,,CQQYYSTPRTF,TGTCAGCAATATTATAGTACTCCTCGGACTTTT,IGKV4-1,None,IGKJ2,IGKC
31,clonotype127,"['clonotype127_consensus_1', 'clonotype127_consensus_2']",CARAMRWLLLTISWAPDYW,TGTGCGAGAGCTATGCGGTGGTTATTACTTACCATTTCGTGGGCCCCGGACTACTGG,IGHV3-48,IGHD3-22,IGHJ4,IGHM,CAAWDDSLNGPVF,TGTGCAGCATGGGATGACAGCCTGAATGGTCCGGTATTC,IGLV1-44,None,IGLJ3,IGLC2,,,,,,
32,clonotype128,"['clonotype128_consensus_1', 'clonotype128_consensus_2']",CARCPIAAAGTHFDPW,TGTGCGAGATGTCCTATAGCAGCAGCTGGTACCCACTTCGACCCCTGG,IGHV1-46,IGHD6-13,IGHJ5,IGHD,CCSYAGSSTFVF,TGCTGCTCATATGCAGGTAGTAGCACTTTTGTCTTC,IGLV2-23,None,IGLJ1,IGLC1,,,,,,
33,clonotype129,"['clonotype129_consensus_1', 'clonotype129_consensus_2']",CVKDRRELPYDVFDMW,TGTGTGAAAGATCGGCGGGAACTACCCTATGATGTTTTTGATATGTGG,IGHV3-64D,IGHD1-7,IGHJ3,IGHG1,,,,,,,CQQYNSYSGTF,TGCCAACAGTATAATAGTTATTCGGGGACGTTC,IGKV1-5,None,IGKJ1,IGKC
34,clonotype13,"['clonotype13_consensus_2', 'clonotype13_consensus_1']",CARPGRRHCSESTCYIPDYYYGMDVW,TGTGCGAGACCTGGTCGGCGTCATTGTAGTGAGAGCACGTGCTACATTCCGGACTACTATTACGGTATGGACGTCTGG,IGHV1-69,IGHD2-15,IGHJ6,IGHG2,,,,,,,CQQYSSYPLYTF,TGTCAACAGTATTCTAGTTACCCCTTGTACACTTTT,IGKV1-8,None,IGKJ2,IGKC
35,clonotype130,"['clonotype130_consensus_1', 'clonotype130_consensus_2']",CARGRGHCSGGRCYPDYFDYW,TGTGCGAGAGGACGGGGACATTGTAGTGGTGGTAGGTGCTACCCGGACTACTTTGACTACTGG,IGHV3-7,IGHD2-15,IGHJ4,IGHM,,,,,,,CQQRSNWPPYTF,TGTCAGCAGCGTAGCAACTGGCCTCCGTACACTTTT,IGKV3-11,None,IGKJ2,IGKC
36,clonotype131,"['clonotype131_consensus_2', 'clonotype131_consensus_1']",CARHRRTWGSSGYYYYFDYW,TGTGCGAGACATCGGAGGACATGGGGTAGTAGTGGTTATTACTACTACTTTGACTACTGG,IGHV4-39,IGHD3-22,IGHJ4,IGHM,CAAWDDSLNGWVF,TGTGCAGCGTGGGATGACAGCCTGAATGGTTGGGTGTTC,IGLV1-44,None,IGLJ3,IGLC2,,,,,,
37,clonotype132,"['clonotype132_consensus_2', 'clonotype132_consensus_1']",CADGGSRVPYGDYFRPYYYYGMDVW,TGTGCGGACGGGGGCTCTAGGGTCCCCTACGGTGACTACTTCCGACCCTACTACTACTACGGTATGGACGTCTGG,IGHV4-34,IGHD4-17,IGHJ6,IGHM,,,,,,,CQQYYSYPLYTF,TGTCAACAGTATTATAGTTACCCCTTGTACACTTTT,IGKV1-8,None,IGKJ2,IGKC
38,clonotype133,"['clonotype133_consensus_2', 'clonotype133_consensus_1']",CAKEGKDCSSTTCPIGDAW,TGTGCGAAAGAGGGTAAAGATTGTAGTAGTACCACCTGCCCGATCGGGGACGCTTGG,IGHV3-30,IGHD2-2,IGHJ5,IGHM,CQAWASSTVVF,TGTCAGGCGTGGGCCAGCAGCACTGTGGTGTTC,IGLV3-1,None,IGLJ3,IGLC2,,,,,,
39,clonotype134,"['clonotype134_consensus_1', 'clonotype134_consensus_3', 'clonotype134_consensus_2']",CAKSLSGYDFWSGNYAFDIW,TGTGCGAAATCTCTCAGTGGCTACGATTTTTGGAGTGGCAACTATGCTTTTGATATCTGG,IGHV4-4,IGHD3-3,IGHJ3,IGHM,CAAWDDSLNGVVF,TGTGCAGCATGGGATGACAGCCTGAATGGTGTGGTATTC,IGLV1-44,None,IGLJ3,IGLC2,CQQYNNWPRTF,TGTCAGCAGTATAATAACTGGCCTCGAACGTTC,IGKV3-15,None,IGKJ1,IGKC
40,clonotype135,"['clonotype135_consensus_2', 'clonotype135_consensus_1']",CARDPPYGSGSYYIFDYW,TGTGCGAGAGATCCCCCCTATGGTTCGGGGAGTTATTATATATTTGACTACTGG,IGHV3-33,IGHD3-10,IGHJ4,IGHM,CSSYTSSSTPVVF,TGCAGCTCATATACAAGCAGCAGCACCCCCGTGGTATTC,IGLV2-18,None,IGLJ3,IGLC2,,,,,,
41,clonotype136,"['clonotype136_consensus_1', 'clonotype136_consensus_2']",CARDSRGSSSWYNLGDYW,TGTGCGAGAGACTCGCGGGGGAGCAGCAGCTGGTACAACTTGGGGGACTACTGG,IGHV1-3,IGHD6-13,IGHJ4,IGHM,,,,,,,CQQYYSTPITF,TGTCAGCAATATTATAGTACTCCGATCACTTTC,IGKV4-1,None,IGKJ4,IGKC
42,clonotype137,"['clonotype137_consensus_2', 'clonotype137_consensus_1']",CARGITGTTSHFDYW,TGTGCGAGAGGTATAACTGGAACTACGTCCCACTTTGACTACTGG,IGHV7-4-1,IGHD1-7,IGHJ4,IGHM,CQAWDSSTALYVF,TGTCAGGCGTGGGACAGCAGCACTGCCCTTTATGTCTTC,IGLV3-1,None,IGLJ1,IGLC2,,,,,,
43,clonotype138,"['clonotype138_consensus_2', 'clonotype138_consensus_1']",CARDLWAYSSGWYREDYW,TGTGCGAGAGATCTTTGGGCGTATAGCAGTGGCTGGTACAGGGAAGACTACTGG,IGHV3-30-3,IGHD6-19,IGHJ4,IGHM,,,,,,,CMQSLETPTF,TGCATGCAATCTCTAGAAACTCCGACGTTC,IGKV2-28,None,IGKJ1,IGKC
44,clonotype139,"['clonotype139_consensus_2', 'clonotype139_consensus_1']",CARDVSVYSGYDPFDYW,TGTGCGAGAGATGTCTCGGTGTATAGTGGCTACGACCCGTTTGACTATTGG,IGHV3-7,IGHD5-12,IGHJ4,IGHG1,CLLYFGGAWVF,TGCCTGCTCTACTTTGGTGGGGCTTGGGTGTTC,IGLV7-43,None,IGLJ3,IGLC2,,,,,,
45,clonotype14,"['clonotype14_consensus_2', 'clonotype14_consensus_1']",CARDLGGFGESLYYGMDVW,TGTGCGAGAGATCTAGGTGGGTTCGGGGAGTCCCTTTACTACGGTATGGACGTCTGG,IGHV3-11,IGHD3-10,IGHJ6,IGHM,CSSYTSSSTLVF,TGCAGCTCATATACAAGCAGCAGCACTCTCGTGTTC,IGLV2-14,None,IGLJ3,IGLC2,,,,,,
46,clonotype140,"['clonotype140_consensus_1', 'clonotype140_consensus_2']",CARGGLRITIFGVVAEVWFDPW,TGTGCGAGAGGCGGCCTACGTATTACGATTTTTGGAGTGGTTGCGGAGGTCTGGTTCGACCCCTGG,IGHV4-34,IGHD3-3,IGHJ5,IGHM,CMIWHSSAWVF,TGTATGATTTGGCACAGCAGCGCTTGGGTGTTC,IGLV5-45,None,IGLJ3,IGLC2,,,,,,
47,clonotype141,"['clonotype141_consensus_2', 'clonotype141_consensus_1']",CARDSIVVVVAATAYFQHW,TGTGCGAGAGATTCTATTGTAGTGGTGGTAGCTGCTACCGCATACTTCCAGCACTGG,IGHV3-30,IGHD2-15,IGHJ1,IGHM,,,,,,,CQQYDNLPLTF,TGTCAACAGTATGATAATCTCCCGCTCACTTTC,IGKV1-33,None,IGKJ4,IGKC
48,clonotype142,"['clonotype142_consensus_2', 'clonotype142_consensus_1']",CASDILTGYQVTDYYYGMDVW,TGTGCGAGTGATATTTTGACTGGTTACCAAGTGACCGACTACTACTACGGTATGGACGTCTGG,IGHV1-2,IGHD3-9,IGHJ6,IGHM,,,,,,,CQQRSNSITF,TGTCAGCAGCGTAGCAACTCCATCACCTTC,IGKV3-11,None,IGKJ5,IGKC
49,clonotype143,"['clonotype143_consensus_2', 'clonotype143_consensus_1']",CATAPLQVPCFDYW,TGTGCAACAGCTCCCCTCCAAGTCCCTTGCTTTGACTACTGG,IGHV1-24,IGHD3-3,IGHJ4,IGHM,,,,,,,CQQYYSYPRTF,TGTCAACAGTATTATAGTTACCCTCGGACGTTC,IGKV1-8,None,IGKJ1,IGKC
50,clonotype144,"['clonotype144_consensus_1', 'clonotype144_consensus_2']",CARVDRDDFWSGYYFDYW,TGTGCGAGAGTGGACCGGGACGATTTTTGGAGTGGGTACTACTTTGACTACTGG,IGHV4-31,IGHD3-3,IGHJ4,IGHM,,,,,,,CLQHNSYPWTF,TGTCTACAGCATAATAGTTACCCTTGGACGTTC,IGKV1-17,None,IGKJ1,IGKC
51,clonotype145,['clonotype145_consensus_1'],,,,,,,,,,,,,CQHYGSSPPLYTF,TGTCAGCATTATGGTAGTTCACCTCCCCTGTACACTTTT,IGKV3D-20,None,IGKJ2,IGKC
52,clonotype146,"['clonotype146_consensus_1', 'clonotype146_consensus_2']",,,,,,,CSSYTSGNTGKF,TGCAGCTCATATACAAGCGGCAACACTGGTAAATTC,IGLV2-14,None,IGLJ3,IGLC2,CQHYDNRLTF,TGTCAACATTATGATAATCGCCTCACTTTC,IGKV1-33,None,IGKJ4,IGKC
53,clonotype147,"['clonotype147_consensus_1', 'clonotype147_consensus_2']",CARDTGWGDIPFDYW,TGTGCAAGAGATACGGGGTGGGGCGATATCCCTTTTGACTACTGG,IGHV3-74,IGHD3-16,IGHJ4,IGHM,CQSADSSGTYVVF,TGTCAATCAGCAGACAGCAGTGGTACTTATGTGGTATTC,IGLV3-25,None,IGLJ3,IGLC2,,,,,,
54,clonotype148,"['clonotype148_consensus_1', 'clonotype148_consensus_2']",CARGRPPARSSTSCSNWFDPW,TGTGCGAGAGGGAGGCCCCCCGCCCGTAGTAGTACCAGCTGCTCCAACTGGTTCGACCCCTGG,IGHV1-2,IGHD2-2,IGHJ5,IGHM,CSSYTSSSTPVF,TGCAGCTCATATACAAGCAGCAGCACCCCTGTGTTC,IGLV2-14,None,IGLJ3,IGLC2,,,,,,
55,clonotype149,['clonotype149_consensus_1'],,,,,,,CQAWDSSVVF,TGTCAGGCGTGGGACAGCAGCGTGGTATTC,IGLV3-1,None,IGLJ3,IGLC2,,,,,,
56,clonotype15,"['clonotype15_consensus_1', 'clonotype15_consensus_2']",CARHSTRDSSGYYYHSSGMDVW,TGTGCGAGACATTCGACCCGTGATAGTAGTGGTTATTACTACCACTCCAGCGGTATGGACGTCTGG,IGHV5-10-1,IGHD3-22,IGHJ6,IGHM,,,,,,,CQQSYSTPPITF,TGTCAACAGAGTTACAGTACCCCTCCGATCACCTTC,IGKV1-39,None,IGKJ5,IGKC
57,clonotype150,"['clonotype150_consensus_2', 'clonotype150_consensus_1']",CARDEVVVVSRDYYYYYYGMDVW,TGTGCGAGAGACGAGGTAGTAGTGGTTAGTAGGGACTATTACTACTACTACTACGGTATGGACGTCTGG,IGHV1-69,IGHD3-22,IGHJ6,IGHM,,,,,,,CQQYGSSPLTF,TGTCAGCAGTATGGTAGCTCACCGCTCACTTTC,IGKV3-20,None,IGKJ4,IGKC
58,clonotype151,"['clonotype151_consensus_2', 'clonotype151_consensus_1']",CAKDSAGATEFGYW,TGTGCGAAAGATAGCGCGGGAGCTACCGAGTTTGGGTACTGG,IGHV3-23,IGHD1-26,IGHJ4,IGHD,,,,,,,CLQHNSYPLTF,TGTCTACAGCATAATAGTTACCCCCTCACGTTC,IGKV1-17,None,IGKJ1,IGKC
59,clonotype152,['clonotype152_consensus_1'],,,,,,,,,,,,,CQQYDNLLTF,TGTCAACAGTATGATAATCTTCTCACTTTC,IGKV1-33,None,IGKJ4,IGKC
60,clonotype153,"['clonotype153_consensus_2', 'clonotype153_consensus_1']",CARVSFSNYVGYW,TGTGCGAGAGTAAGTTTCAGTAACTACGTGGGCTACTGG,IGHV4-34,IGHD1-7,IGHJ4,IGHM,,,,,,,CQQSYSTPRTF,TGTCAACAGAGTTACAGTACCCCTAGGACGTTC,IGKV1-39,None,IGKJ1,IGKC
61,clonotype154,"['clonotype154_consensus_2', 'clonotype154_consensus_1']",CASLSSTRHVSDSW,TGTGCGAGTCTTAGCAGCACTCGCCACGTTTCGGACTCCTGG,IGHV4-4,IGHD2-15,IGHJ5,IGHM,CVAWDDRQSGRVF,TGTGTAGCATGGGATGACAGGCAGAGTGGTCGGGTGTTC,IGLV1-47,None,IGLJ3,IGLC2,,,,,,
62,clonotype155,"['clonotype155_consensus_1', 'clonotype155_consensus_2']",CATGPPARPVAEYFQHW,TGTGCAACAGGGCCTCCAGCTCGTCCTGTCGCTGAATACTTCCAGCACTGG,IGHV1-24,IGHD6-6,IGHJ1,IGHM,,,,,,,CQQYYSTPRTF,TGTCAGCAATATTATAGTACTCCTCGCACTTTT,IGKV4-1,None,IGKJ2,IGKC
63,clonotype156,"['clonotype156_consensus_2', 'clonotype156_consensus_1']",CARDGAAAGGGRYYYYYYGMDVW,TGTGCGAGAGATGGTGCAGCAGCTGGTGGGGGGCGGTATTACTACTACTACTACGGTATGGACGTCTGG,IGHV3-7,IGHD6-13,IGHJ6,IGHD,,,,,,,CMQGTHWPRTF,TGCATGCAAGGTACACACTGGCCTCGAACGTTC,IGKV2-30,None,IGKJ1,IGKC
64,clonotype157,"['clonotype157_consensus_1', 'clonotype157_consensus_2']",CAGVLTGYYAPFDYW,TGTGCCGGCGTTTTGACTGGTTATTACGCCCCCTTTGACTACTGG,IGHV3-48,IGHD3-9,IGHJ4,IGHM,,,,,,,CQQANSFPPYTF,TGTCAACAGGCTAACAGTTTCCCTCCGTACACTTTT,IGKV1D-12,None,IGKJ2,IGKC
65,clonotype158,"['clonotype158_consensus_2', 'clonotype158_consensus_1']",CAREGFGSGLTTSDYW,TGTGCGAGAGAGGGTTTCGGTTCGGGGTTGACTACGTCTGACTACTGG,IGHV3-20,IGHD3-10,IGHJ4,IGHM,CYSAADNNIWVF,TGTTACTCTGCGGCTGACAACAATATCTGGGTGTTC,IGLV3-27,None,IGLJ3,IGLC2,,,,,,
66,clonotype159,"['clonotype159_consensus_1', 'clonotype159_consensus_2']",CAVGGYDWGGSYYYGMDVW,TGTGCCGTGGGTGGCTACGATTGGGGCGGGTCCTATTACTACGGTATGGACGTCTGG,IGHV4-30-4,IGHD5-12,IGHJ6,IGHG1,,,,,,,CQQYGSSPWTF,TGTCAGCAGTATGGTAGTTCACCGTGGACGTTC,IGKV3-20,None,IGKJ1,IGKC
67,clonotype16,"['clonotype16_consensus_2', 'clonotype16_consensus_1']",CARDEAYYDFWSGSNQKYYYYGMDVW,TGTGCGAGAGATGAGGCGTATTACGATTTTTGGAGTGGTTCGAACCAGAAATACTACTACTACGGTATGGACGTCTGG,IGHV3-33,IGHD3-3,IGHJ6,IGHM,,,,,,,CLQHNSYPYTF,TGTCTACAGCATAATAGTTACCCGTACACTTTT,IGKV1-17,None,IGKJ2,IGKC
68,clonotype160,"['clonotype160_consensus_1', 'clonotype160_consensus_2']",CATVPSYYYDSSGYYRFDYW,TGTGCAACAGTTCCGAGCTATTACTATGATAGTAGTGGTTATTACCGTTTTGACTACTGG,IGHV1-24,IGHD3-22,IGHJ4,IGHM,,,,,,,CQQYGSPWTF,TGTCAGCAGTATGGTAGCCCTTGGACGTTC,IGKV3-20,None,IGKJ1,IGKC
69,clonotype161,['clonotype161_consensus_1'],,,,,,,CQAWDSSFVVF,TGTCAGGCGTGGGACAGCAGCTTTGTGGTATTC,IGLV3-1,None,IGLJ3,IGLC2,,,,,,
70,clonotype162,"['clonotype162_consensus_1', 'clonotype162_consensus_2']",CARGSRKTGYSSAEGGHNYYYGMDVW,TGTGCGAGGGGGTCAAGGAAAACCGGGTATAGCAGCGCTGAGGGAGGGCACAACTACTACTACGGTATGGACGTCTGG,IGHV1-69,IGHD6-25,IGHJ6,IGHD,CMIWHSSAWVF,TGTATGATTTGGCACAGCAGCGCTTGGGTGTTC,IGLV5-45,None,IGLJ3,IGLC2,,,,,,
71,clonotype163,"['clonotype163_consensus_1', 'clonotype163_consensus_2']",CARSLPNIVVVPAAIRTAEYFQHW,TGTGCGAGATCACTGCCCAATATTGTAGTAGTACCAGCTGCTATACGAACTGCTGAATACTTCCAGCACTGG,IGHV4-39,IGHD2-2,IGHJ1,IGHM,,,,,,,CQQYYSTPPTF,TGTCAGCAATATTATAGTACTCCTCCCACGTTC,IGKV4-1,None,IGKJ1,IGKC
72,clonotype164,"['clonotype164_consensus_2', 'clonotype164_consensus_1']",CAHFRTVESSAHGSDANFFDYW,TGTGCACACTTTAGAACTGTAGAGAGTTCAGCGCACGGGTCGGACGCAAATTTCTTTGACTACTGG,IGHV2-5,IGHD1-1,IGHJ4,IGHM,CASWDDNVRGPVF,TGTGCATCATGGGACGACAATGTGCGTGGTCCGGTGTTC,IGLV1-47,None,IGLJ3,IGLC3,,,,,,
73,clonotype165,"['clonotype165_consensus_2', 'clonotype165_consensus_1']",CARERYQLLYGYYYYYYMDVW,TGTGCGAGAGAACGATACCAGCTGCTATACGGGTACTACTACTACTACTACATGGACGTCTGG,IGHV3-7,IGHD2-2,IGHJ6,IGHM,,,,,,,CQQSYSTTRGTF,TGTCAACAGAGTTACAGTACCACTCGGGGCACTTTT,IGKV1-39,None,IGKJ2,IGKC
74,clonotype166,['clonotype166_consensus_1'],CARRVAARIFDYW,TGTGCGAGACGGGTAGCAGCTCGCATCTTTGACTACTGG,IGHV4-39,IGHD6-6,IGHJ4,IGHM,,,,,,,,,,,,
75,clonotype167,"['clonotype167_consensus_2', 'clonotype167_consensus_1']",CARSDYDNAFDIW,TGTGCGAGGTCTGACTACGATAATGCTTTTGATATCTGG,IGHV4-59,IGHD3-22,IGHJ3,IGHM,,,,,,,CQQYYSTPHTF,TGTCAGCAATATTATAGTACTCCTCACACTTTT,IGKV4-1,None,IGKJ2,IGKC
76,clonotype168,"['clonotype168_consensus_2', 'clonotype168_consensus_1']",CARYSGSYLYYYYYGMDVW,TGTGCGAGGTATTCGGGGAGTTACCTCTACTACTACTACTACGGTATGGACGTCTGG,IGHV3-7,IGHD3-10,IGHJ6,IGHM,CNSRDSSGNHVVF,TGTAACTCCCGGGACAGCAGTGGTAACCATGTGGTATTC,IGLV3-19,None,IGLJ3,IGLC3,,,,,,
77,clonotype169,"['clonotype169_consensus_1', 'clonotype169_consensus_2']",CARSEYSSGWYYFDYW,TGTGCGAGATCGGAGTATAGCAGTGGCTGGTACTACTTTGACTACTGG,IGHV4-59,IGHD6-19,IGHJ4,IGHD,CQSYDSSNVVF,TGTCAGTCTTATGATAGCAGCAATGTGGTATTC,IGLV6-57,None,IGLJ3,IGLC2,,,,,,
78,clonotype17,"['clonotype17_consensus_1', 'clonotype17_consensus_2']",CGLETGYTSGWCDHW,TGTGGACTTGAAACCGGCTATACCAGTGGCTGGTGCGACCACTGG,IGHV2-5,IGHD6-19,IGHJ5,IGHG2,,,,,,,CQLFDTYSGTWTF,TGCCAACTGTTTGATACTTATTCAGGCACGTGGACGTTC,IGKV1-5,None,IGKJ1,IGKC
79,clonotype170,"['clonotype170_consensus_2', 'clonotype170_consensus_1']",CANSLSRSTSSYYYYGMDVW,TGTGCGAATTCATTATCGCGTAGTACCAGCTCCTACTACTACTACGGTATGGACGTCTGG,IGHV3-30,IGHD2-2,IGHJ6,IGHM,,,,,,,CQQANSFPYTF,TGTCAACAGGCTAACAGTTTCCCGTACACTTTT,IGKV1-12,None,IGKJ2,IGKC
80,clonotype171,"['clonotype171_consensus_3', 'clonotype171_consensus_2', 'clonotype171_consensus_1']",CASSPLFARDSCSSTSCLNWFDPW,TGTGCGAGCTCCCCACTATTCGCCCGGGATAGTTGTAGTAGTACCAGCTGCCTTAACTGGTTCGACCCCTGG,IGHV1-46,IGHD2-2,IGHJ5,IGHD,,,,,,,CQQYYSTPLGF,TGTCAACAGTATTATAGTACCCCTCTCGGTTTC,IGKV1-NL1,None,IGKJ4,IGKC
81,clonotype172,"['clonotype172_consensus_2', 'clonotype172_consensus_1']",CARPRYDYVWGSGSQNWFDPW,TGTGCGAGACCCCGTTATGATTACGTTTGGGGGAGTGGGTCCCAAAACTGGTTCGACCCCTGG,IGHV4-39,IGHD3-16,IGHJ5,IGHM,,,,,,,CQQYGSSPPTF,TGTCAGCAGTATGGTAGCTCACCTCCTACTTTT,IGKV3-20,None,IGKJ2,IGKC
82,clonotype173,"['clonotype173_consensus_2', 'clonotype173_consensus_1']",CARGGRSYGYQKKKPIYYFDYW,TGTGCAAGAGGGGGGCGCAGCTATGGTTACCAAAAGAAAAAACCGATCTACTACTTTGACTACTGG,IGHV6-1,IGHD5-5,IGHJ4,IGHM,CQVWDSSREVF,TGTCAGGTGTGGGATAGTAGTAGAGAGGTATTC,IGLV3-21,None,IGLJ3,IGLC2,,,,,,
83,clonotype174,"['clonotype174_consensus_2', 'clonotype174_consensus_1']",CAKRPSTSSGWRFDYW,TGTGCGAAACGACCATCAACTAGCAGTGGCTGGCGATTTGACTACTGG,IGHV3-23,IGHD6-19,IGHJ4,IGHD,,,,,,,CQQYYSYPVTF,TGTCAACAGTATTATAGTTACCCGGTCACTTTT,IGKV1-8,None,IGKJ2,IGKC
84,clonotype175,"['clonotype175_consensus_2', 'clonotype175_consensus_1']",CASESSSALRWFDPW,TGTGCGAGCGAGAGCTCGTCGGCCCTGAGATGGTTCGACCCCTGG,IGHV3-7,IGHD6-6,IGHJ5,IGHD,,,,,,,CQQSYSTPYTF,TGTCAACAGAGTTACAGTACCCCGTACACTTTT,IGKV1-39,None,IGKJ2,IGKC
85,clonotype176,"['clonotype176_consensus_1', 'clonotype176_consensus_2']",CARHSLLTGYYLPFDYW,TGTGCGAGACATTCCCTCTTGACTGGTTATTATTTACCCTTTGACTACTGG,IGHV4-59,IGHD3-9,IGHJ4,IGHM,,,,,,,CQQSYSTPYTF,TGTCAACAGAGTTACAGTACCCCGTACACTTTT,IGKV1-39,None,IGKJ2,IGKC
86,clonotype177,"['clonotype177_consensus_2', 'clonotype177_consensus_1']",CARDQGRWGSGSYYHDAFDIW,TGTGCGAGAGATCAGGGACGATGGGGTTCGGGGAGTTATTATCATGATGCTTTTGATATCTGG,IGHV4-59,IGHD3-10,IGHJ3,IGHM,CSSYAGSNVVF,TGCAGCTCATATGCAGGCAGCAATGTGGTATTC,IGLV2-8,None,IGLJ3,IGLC3,,,,,,
87,clonotype178,"['clonotype178_consensus_1', 'clonotype178_consensus_2']",CAKDKYSGYGGFFDYW,TGTGCGAAAGATAAGTATAGTGGCTACGGTGGCTTCTTTGATTACTGG,IGHV3-23,IGHD5-12,IGHJ4,IGHM,,,,,,,CQQRSNWPWTF,TGTCAGCAGCGTAGCAACTGGCCTTGGACGTTC,IGKV3-11,None,IGKJ1,IGKC
88,clonotype179,"['clonotype179_consensus_2', 'clonotype179_consensus_1']",CARRYCSGGSCNWFDPW,TGTGCGAGACGGTATTGTAGTGGTGGTAGCTGTAACTGGTTCGACCCCTGG,IGHV4-4,IGHD2-15,IGHJ5,IGHG1,CCSYAGSSIWVF,TGCTGCTCATATGCAGGTAGTAGCATTTGGGTGTTC,IGLV2-23,None,IGLJ3,IGLC2,,,,,,
89,clonotype18,"['clonotype18_consensus_2', 'clonotype18_consensus_1']",CARDVWDFNFWSGRISTPFDYW,TGTGCGAGAGATGTTTGGGACTTCAATTTTTGGAGTGGTAGAATTTCCACCCCTTTTGACTACTGG,IGHV3-21,IGHD3-3,IGHJ4,IGHM,,,,,,,CQKYNSALRTF,TGTCAAAAGTATAACAGTGCCCTCCGGACGTTC,IGKV1-27,None,IGKJ1,IGKC
90,clonotype180,"['clonotype180_consensus_1', 'clonotype180_consensus_2']",CTTDDITMIVLRAFDIW,TGTACCACAGATGATATTACTATGATAGTACTTCGTGCTTTTGATATCTGG,IGHV3-15,IGHD3-22,IGHJ3,IGHG3,CAAWDDSLSGWVF,TGTGCAGCATGGGATGACAGCCTGAGTGGTTGGGTGTTC,IGLV1-47,None,IGLJ3,IGLC2,,,,,,
91,clonotype181,"['clonotype181_consensus_2', 'clonotype181_consensus_1']",CARARVPYCSSTSCYLVYYYYYGMDVW,TGTGCGAGAGCCAGGGTCCCATATTGTAGTAGTACCAGCTGCTACTTAGTTTACTACTACTACTACGGTATGGACGTCTGG,IGHV1-18,IGHD2-2,IGHJ6,IGHD,,,,,,,CQQYGSSSWTF,TGTCAGCAGTATGGTAGCTCATCGTGGACGTTC,IGKV3-20,None,IGKJ1,IGKC
92,clonotype182,"['clonotype182_consensus_1', 'clonotype182_consensus_2']",CARAKVPAAMWFDPW,TGTGCGAGAGCGAAAGTACCAGCTGCTATGTGGTTCGACCCCTGG,IGHV1-2,IGHD2-2,IGHJ5,IGHM,,,,,,,CQQYYSTPGTF,TGTCAGCAATATTATAGTACTCCGGGGACGTTC,IGKV4-1,None,IGKJ1,IGKC
93,clonotype183,"['clonotype183_consensus_2', 'clonotype183_consensus_1']",CTTRLLLWFGESYYFDYW,TGTACCACACGGCTATTACTATGGTTCGGGGAGTCCTACTACTTTGACTACTGG,IGHV3-15,IGHD3-10,IGHJ4,IGHD,CQSYDSSSPWVF,TGTCAGTCTTATGATAGCAGCAGCCCTTGGGTGTTC,IGLV6-57,None,IGLJ3,IGLC2,,,,,,
94,clonotype184,"['clonotype184_consensus_2', 'clonotype184_consensus_1']",CTRGYCSSTSCFLEKEGGYW,TGTACTAGAGGGTATTGTAGTAGTACCAGCTGCTTTCTGGAAAAAGAGGGGGGCTACTGG,IGHV3-73,IGHD2-2,IGHJ4,IGHM,,,,,,,CQQYNSYSWTF,TGCCAACAGTATAATAGTTATTCGTGGACGTTC,IGKV1-5,None,IGKJ1,IGKC
95,clonotype185,"['clonotype185_consensus_2', 'clonotype185_consensus_1']",CARHKRTYYYGSGTNYYYYGMDVW,TGTGCGAGACATAAAAGGACCTATTACTATGGTTCGGGGACCAACTACTACTACTACGGTATGGACGTCTGG,IGHV5-51,IGHD3-10,IGHJ6,IGHD,CQSYDSSLSGHVVF,TGCCAGTCCTATGACAGCAGCCTGAGTGGTCATGTGGTATTC,IGLV1-40,None,IGLJ3,IGLC3,,,,,,
96,clonotype186,"['clonotype186_consensus_2', 'clonotype186_consensus_1']",CARGAGRNVLLWFGGFDPW,TGTGCGAGAGGTGCGGGTCGGAACGTATTACTATGGTTCGGGGGGTTCGACCCCTGG,IGHV1-3,IGHD3-10,IGHJ5,IGHD,CVLYMGSGIWVF,TGTGTGCTGTATATGGGTAGTGGCATTTGGGTCTTC,IGLV8-61,None,IGLJ1,IGLC1,,,,,,
97,clonotype187,"['clonotype187_consensus_2', 'clonotype187_consensus_1']",CARQGMVRGVHKSYYYYGMDVW,TGTGCGAGACAGGGTATGGTTCGGGGAGTTCACAAGAGCTACTACTACTACGGTATGGACGTCTGG,IGHV1-2,IGHD3-10,IGHJ6,IGHM,,,,,,,CQQYNSYPWTF,TGCCAACAGTATAATAGTTACCCGTGGACTTTT,IGKV1-5,None,IGKJ2,IGKC
98,clonotype188,"['clonotype188_consensus_1', 'clonotype188_consensus_2']",CAKGGGYDFNWFDPW,TGTGCGAAAGGGGGAGGCTACGATTTCAACTGGTTCGACCCCTGG,IGHV3-23,IGHD5-12,IGHJ5,IGHM,,,,,,,CQQSYSTLWTF,TGTCAACAGAGTTACAGTACCTTGTGGACGTTC,IGKV1-39,None,IGKJ1,IGKC
99,clonotype189,"['clonotype189_consensus_2', 'clonotype189_consensus_1']",CATDVAGSYSGRVDAFDIW,TGTGCAACAGACGTAGCGGGGAGCTACTCTGGACGGGTTGATGCTTTTGATATCTGG,IGHV1-24,IGHD1-26,IGHJ3,IGHM,,,,,,,CQQYYSTPCTF,TGTCAGCAATATTATAGTACTCCGTGCACTTTT,IGKV4-1,None,IGKJ2,IGKC
100,clonotype19,"['clonotype19_consensus_2', 'clonotype19_consensus_1']",CARDAMVRGGLGDNWFDPW,TGTGCGAGAGATGCTATGGTTCGGGGAGGCCTGGGTGACAACTGGTTCGACCCCTGG,IGHV3-21,IGHD3-10,IGHJ5,IGHG3,CQVWDSSSDHWVF,TGTCAGGTGTGGGATAGTAGTAGTGATCATTGGGTGTTC,IGLV3-21,None,IGLJ3,IGLC2,,,,,,
101,clonotype190,"['clonotype190_consensus_1', 'clonotype190_consensus_2']",CARQLVEGSFGSSAGETHFDVW,TGTGCGAGACAACTTGTCGAGGGCTCCTTCGGTTCGTCTGCGGGCGAAACACACTTTGACGTCTGG,IGHV5-51,IGHD3-16,IGHJ4,IGHG2,,,,,,,CQQHFDVPPTF,TGTCAGCAACATTTTGATGTTCCGCCGACGTTC,IGKV4-1,None,IGKJ1,IGKC
102,clonotype191,"['clonotype191_consensus_2', 'clonotype191_consensus_3', 'clonotype191_consensus_1']",CARAPALLLWFGETLDAFDIW,TGTGCGAGAGCGCCCGCACTATTACTATGGTTCGGGGAGACCCTTGATGCTTTTGATATCTGG,IGHV3-33,IGHD3-10,IGHJ3,IGHM,,,,,,,CQQYGSSPPLTF,TGTCAGCAGTATGGTAGCTCACCTCCGCTCACTTTC,IGKV3-20,None,IGKJ4,IGKC
103,clonotype192,"['clonotype192_consensus_2', 'clonotype192_consensus_1']",CATIRYSSSFLISYYYYMDVW,TGTGCAACTATTAGGTATAGCAGCTCGTTCTTGATTTCCTACTACTACTACATGGACGTCTGG,IGHV1-24,IGHD2-2,IGHJ6,IGHD,CNSRDSSGNHVVF,TGTAACTCCCGGGACAGCAGTGGTAACCATGTGGTATTC,IGLV3-19,None,IGLJ3,IGLC3,,,,,,
104,clonotype193,"['clonotype193_consensus_1', 'clonotype193_consensus_2']",CTRAQTDW,TGTACTAGGGCCCAAACCGACTGG,IGHV3-73,IGHD3-16,IGHJ4,IGHM,,,,,,,CQQYGSSPPYTF,TGTCAGCAGTATGGTAGCTCACCTCCGTACACTTTT,IGKV3-20,None,IGKJ2,IGKC
105,clonotype194,"['clonotype194_consensus_1', 'clonotype194_consensus_2', 'clonotype194_consensus_3']",CAKENDYSNYAPMDVW,TGTGCGAAAGAAAATGACTACAGTAACTACGCACCCATGGACGTCTGG,IGHV3-33,IGHD4-4,IGHJ6,IGHM,CQAWDSSTYVF,TGTCAGGCGTGGGACAGCAGCACTTATGTCTTC,IGLV3-1,None,IGLJ1,IGLC2,,,,,,
106,clonotype195,"['clonotype195_consensus_1', 'clonotype195_consensus_2']",CARERSDFSSGYYNNWLDPW,TGTGCGAGAGAAAGGAGTGATTTTTCGAGTGGTTATTACAACAACTGGTTGGACCCCTGG,IGHV4-59,IGHD3-3,IGHJ5,IGHG1,,,,,,,CQQYYNAPRTF,TGTCAGCAATATTATAATGCTCCTCGAACGTTC,IGKV4-1,None,IGKJ1,IGKC
107,clonotype196,"['clonotype196_consensus_2', 'clonotype196_consensus_1']",CVYDLSPGGAELW,TGTGTATATGATTTGTCCCCGGGTGGTGCGGAACTCTGG,IGHV3-9,IGHD3-10,IGHJ6,IGHG1,,,,,,,CMQGTHWPYTF,TGCATGCAAGGTACACACTGGCCGTACACTTTT,IGKV2-30,None,IGKJ2,IGKC
108,clonotype197,"['clonotype197_consensus_3', 'clonotype197_consensus_1', 'clonotype197_consensus_2']",CARSDPYDFWSGYYGGSFDYW,TGTGCGAGATCGGACCCTTACGATTTTTGGAGTGGTTATTATGGAGGAAGCTTTGACTACTGG,IGHV1-18,IGHD3-3,IGHJ4,IGHM,CSSYTSSSDWVF,TGCAGCTCATATACAAGCAGCAGCGATTGGGTGTTC,IGLV2-14,None,IGLJ3,IGLC2,CMQGTHWPPYTF,TGCATGCAAGGTACACACTGGCCCCCGTACACTTTT,IGKV2-30,None,IGKJ2,IGKC
109,clonotype198,"['clonotype198_consensus_1', 'clonotype198_consensus_2']",CARDHHYPGGAGALGYYYYGMDVW,TGTGCGAGAGATCACCATTATCCGGGCGGTGCGGGAGCCCTGGGCTACTACTACTACGGAATGGACGTCTGG,IGHV4-39,IGHD2-8,IGHJ6,IGHG2,CSSYTSSSTHVVF,TGCAGCTCATATACAAGCAGCAGCACTCATGTGGTATTC,IGLV3-25,None,IGLJ3,IGLC1,,,,,,
110,clonotype199,"['clonotype199_consensus_1', 'clonotype199_consensus_3', 'clonotype199_consensus_2', 'clonotype199_consensus_4']",CARGGDYSGYDLSVLYGMDVW,TGTGCGAGAGGGGGGGATTATAGTGGCTACGATTTAAGTGTTCTCTACGGCATGGACGTCTGG,IGHV1-18,IGHD5-12,IGHJ6,IGHM,CSSYAGSNHVVF,TGCAGCTCATATGCAGGCAGCAACCATGTGGTATTC,IGLV2-8,None,IGLJ3,IGLC3,CQQYNNWPQTF,TGTCAGCAGTATAATAACTGGCCTCAGACTTTT,IGKV3-15,None,IGKJ2,IGKC
111,clonotype2,"['clonotype2_consensus_1', 'clonotype2_consensus_2']",CASNPYDSSGYYYVW,TGTGCGAGTAACCCCTATGATAGTAGTGGTTATTACTACGTCTGG,IGHV3-21,IGHD3-22,IGHJ5,IGHD,,,,,,,CQQYGSSPRTF,TGTCAGCAGTATGGTAGCTCACCTCGGACGTTC,IGKV3-20,None,IGKJ1,IGKC
112,clonotype20,"['clonotype20_consensus_1', 'clonotype20_consensus_2']",CAKEDSSGGFWYFDYW,TGTGCGAAAGAGGATAGCAGTGGCGGGTTTTGGTACTTTGACTACTGG,IGHV3-23,IGHD6-19,IGHJ4,IGHD,CQSADSSGTYVVF,TGTCAATCAGCAGACAGCAGTGGTACTTATGTGGTATTC,IGLV3-25,None,IGLJ3,IGLC2,,,,,,
113,clonotype200,"['clonotype200_consensus_2', 'clonotype200_consensus_1']",CARWFLGSSGWSWDYW,TGTGCGAGATGGTTTTTAGGTAGCAGTGGCTGGTCGTGGGACTACTGG,IGHV5-10-1,IGHD6-19,IGHJ4,IGHM,CQAWDSSTAVF,TGTCAGGCGTGGGACAGCAGCACTGCGGTATTC,IGLV3-1,None,IGLJ3,IGLC2,,,,,,
114,clonotype201,"['clonotype201_consensus_2', 'clonotype201_consensus_1']",CTTDVWNYWSW,TGTACCACAGATGTCTGGAACTACTGGTCCTGG,IGHV3-15,IGHD1-7,IGHJ5,IGHM,CLLYYGGAQPYVVF,TGCCTGCTCTACTATGGTGGTGCTCAGCCTTATGTGGTATTC,IGLV7-43,None,IGLJ3,IGLC2,,,,,,
115,clonotype202,"['clonotype202_consensus_2', 'clonotype202_consensus_1']",CARENMGWSGYYMGYYYYYYMDVW,TGTGCGAGAGAAAATATGGGTTGGAGTGGTTATTATATGGGATACTACTACTACTACTACATGGACGTCTGG,IGHV1-8,IGHD3-3,IGHJ6,IGHM,CLLYYGGARVF,TGCCTGCTCTACTATGGTGGTGCTCGGGTGTTC,IGLV7-43,None,IGLJ3,IGLC2,,,,,,
116,clonotype203,"['clonotype203_consensus_1', 'clonotype203_consensus_2']",CAARGGSGSYYNVAKNWYFDLW,TGTGCGGCTCGGGGGGGTTCGGGGAGTTATTATAACGTAGCAAAAAACTGGTACTTCGATCTCTGG,IGHV4-39,IGHD3-10,IGHJ2,IGHM,CGTWDSSLSAYVF,TGCGGAACATGGGATAGCAGCCTGAGTGCCTATGTCTTC,IGLV1-51,None,IGLJ1,IGLC1,,,,,,
117,clonotype204,['clonotype204_consensus_1'],,,,,,,CAAWDDNLSGYFF,TGTGCAGCATGGGATGACAACCTGAGTGGTTATTTCTTC,IGLV1-47,None,IGLJ1,IGLC1,,,,,,
118,clonotype205,['clonotype205_consensus_1'],,,,,,,,,,,,,CQKYNSAPRTF,TGTCAAAAGTATAACAGTGCCCCTCGGACGTTC,IGKV1-27,None,IGKJ1,IGKC
119,clonotype206,"['clonotype206_consensus_1', 'clonotype206_consensus_2']",CARGNVPYFDYW,TGTGCGAGAGGGAATGTACCCTACTTTGACTACTGG,IGHV1-3,IGHD1-1,IGHJ4,IGHM,,,,,,,CQQYYSTPTF,TGTCAGCAATATTATAGTACTCCGACGTTC,IGKV4-1,None,IGKJ1,IGKC
120,clonotype207,"['clonotype207_consensus_1', 'clonotype207_consensus_2']",CARGREDSSGWLLYYFDYW,TGTGCGAGAGGAAGAGAGGATAGCAGTGGCTGGTTATTGTACTACTTTGACTACTGG,IGHV3-33,IGHD6-19,IGHJ4,IGHM,CYSTDSSGNHRVF,TGTTACTCAACAGACAGCAGTGGTAATCATAGGGTGTTC,IGLV3-10,None,IGLJ3,IGLC3,,,,,,
121,clonotype208,"['clonotype208_consensus_2', 'clonotype208_consensus_1']",CARFIAADNWFDPW,TGTGCGAGGTTTATAGCAGCTGACAACTGGTTCGACCCCTGG,IGHV4-59,IGHD2-2,IGHJ5,IGHM,CNSRDSSGNAVVF,TGTAACTCCCGGGACAGCAGTGGTAACGCTGTGGTATTC,IGLV3-19,None,IGLJ3,IGLC2,,,,,,
122,clonotype209,"['clonotype209_consensus_1', 'clonotype209_consensus_2']",CARDRSSLYCGGDCYSGFDYW,TGTGCGAGAGATCGGAGCTCATTGTATTGTGGTGGTGACTGCTATTCAGGATTTGACTACTGG,IGHV1-3,IGHD2-21,IGHJ4,IGHM,,,,,,,CQQYGSSLWTF,TGTCAGCAGTATGGTAGCTCCCTGTGGACGTTC,IGKV3-20,None,IGKJ1,IGKC
123,clonotype21,"['clonotype21_consensus_1', 'clonotype21_consensus_2']",CAGGEVGYQLPRLYYYYYGMDVW,TGTGCGGGCGGGGAGGTAGGGTACCAGCTGCCAAGACTTTACTACTACTACTACGGTATGGACGTCTGG,IGHV4-39,IGHD2-2,IGHJ6,IGHM,,,,,,,CQQSYSTTMYTF,TGTCAACAGAGTTACAGTACCACCATGTACACTTTT,IGKV1-39,None,IGKJ2,IGKC
124,clonotype210,"['clonotype210_consensus_2', 'clonotype210_consensus_1']",CAKDGPPGAADRPYCTNGVCYNWFDPW,TGTGCGAAAGACGGGCCTCCCGGGGCGGCCGACCGACCTTATTGTACTAATGGTGTATGCTACAACTGGTTCGACCCCTGG,IGHV3-23,IGHD2-8,IGHJ5,IGHM,,,,,,,CQQRSNWPLTF,TGTCAGCAGCGTAGCAACTGGCCGCTCACTTTC,IGKV3-11,None,IGKJ4,IGKC
125,clonotype211,"['clonotype211_consensus_1', 'clonotype211_consensus_2']",CAKGPVERYQLLYFDYW,TGTGCAAAAGGCCCCGTCGAAAGGTACCAGCTGCTATACTTTGACTACTGG,IGHV3-9,IGHD2-2,IGHJ4,IGHD,,,,,,,CQQRSNWPSF,TGTCAGCAGCGTAGCAACTGGCCCTCTTTT,IGKV3-11,None,IGKJ2,IGKC
126,clonotype212,"['clonotype212_consensus_2', 'clonotype212_consensus_1']",CARTYYYGSGSPVYYW,TGTGCGAGAACCTATTACTATGGTTCGGGGAGTCCCGTTTACTACTGG,IGHV3-11,IGHD3-10,IGHJ4,IGHM,CSSYTSSSTWVF,TGCAGCTCATATACAAGCAGCAGCACTTGGGTGTTC,IGLV2-14,None,IGLJ3,IGLC2,,,,,,
127,clonotype213,"['clonotype213_consensus_1', 'clonotype213_consensus_2']",CAKEAGISATMVRGVPFDLW,TGTGCGAAAGAGGCGGGTATAAGTGCTACTATGGTTCGGGGAGTTCCCTTCGATCTCTGG,IGHV3-23,IGHD3-10,IGHJ2,IGHM,CQAWDSSTAVF,TGTCAGGCGTGGGACAGCAGCACTGCGGTATTC,IGLV3-1,None,IGLJ3,IGLC2,,,,,,
128,clonotype214,"['clonotype214_consensus_1', 'clonotype214_consensus_2']",CASDSSGYYWAYW,TGTGCGAGTGATAGTAGTGGTTATTACTGGGCCTACTGG,IGHV3-30-3,IGHD3-22,IGHJ4,IGHD,CSSYTSSSTFVVF,TGCAGCTCATATACAAGCAGCAGCACTTTTGTGGTATTC,IGLV2-18,None,IGLJ3,IGLC2,,,,,,
129,clonotype215,"['clonotype215_consensus_2', 'clonotype215_consensus_1']",CARGDVLRYFDWFLTDVYFDYW,TGTGCAAGAGGCGATGTATTACGATATTTTGACTGGTTCCTTACGGACGTCTACTTTGACTACTGG,IGHV3-74,IGHD3-9,IGHJ4,IGHM,CQSYDSSNHRVVF,TGTCAGTCTTATGATAGCAGCAATCATAGGGTGGTATTC,IGLV6-57,None,IGLJ3,IGLC2,,,,,,
130,clonotype216,"['clonotype216_consensus_1', 'clonotype216_consensus_2']",CARGSSGYDYEGLGYYYYGMDVW,TGTGCGAGAGGAAGTAGTGGCTACGATTACGAGGGGCTGGGCTACTACTACTACGGTATGGACGTCTGG,IGHV1-18,IGHD5-12,IGHJ6,IGHD,,,,,,,CMQGIHLPYTF,TGCATGCAAGGTATACACCTTCCGTACACTTTT,IGKV2-29,None,IGKJ2,IGKC
131,clonotype217,"['clonotype217_consensus_1', 'clonotype217_consensus_2']",CARHGTYYDILTGYQPTYRLDYW,TGTGCGAGACACGGAACGTATTACGATATTTTGACTGGTTACCAACCAACCTACAGACTTGACTACTGG,IGHV4-39,IGHD3-9,IGHJ4,IGHM,,,,,,,CQQANSFPLTF,TGTCAACAGGCTAACAGTTTCCCTCTCACTTTC,IGKV1-12,None,IGKJ4,IGKC
132,clonotype218,"['clonotype218_consensus_2', 'clonotype218_consensus_1']",CARAQRGGGSSWFYPFDPW,TGTGCGAGAGCCCAGCGGGGTGGTGGCAGCAGTTGGTTCTACCCGTTCGACCCCTGG,IGHV3-64,IGHD2-2,IGHJ5,IGHM,CAAWDDSLNDVLF,TGTGCAGCATGGGATGACAGCCTGAATGATGTGCTATTC,IGLV1-44,None,IGLJ3,IGLC2,,,,,,
133,clonotype219,"['clonotype219_consensus_2', 'clonotype219_consensus_1']",CARHGVRLVAPVKYYFDYW,TGTGCGAGACATGGAGTTCGCCTAGTGGCTCCCGTCAAGTACTACTTTGACTACTGG,IGHV4-39,IGHD1-26,IGHJ4,IGHM,,,,,,,CQQRSNWPPVLTF,TGTCAGCAGCGTAGCAACTGGCCTCCGGTGCTCACTTTC,IGKV3-11,None,IGKJ4,IGKC
134,clonotype22,"['clonotype22_consensus_2', 'clonotype22_consensus_1']",CARDGSPSSIAARLVYW,TGTGCGAGAGATGGAAGCCCTTCGAGTATAGCAGCTCGTCTGGTCTACTGG,IGHV3-30,IGHD6-6,IGHJ4,IGHM,CAAWDDSLNGYVF,TGTGCAGCATGGGATGACAGCCTGAATGGTTATGTCTTC,IGLV1-44,None,IGLJ1,IGLC1,,,,,,
135,clonotype220,"['clonotype220_consensus_2', 'clonotype220_consensus_1']",CARVIRDYVWGSYRYDAHFDYW,TGTGCGAGAGTGATTAGGGATTACGTTTGGGGGAGTTATCGTTATGACGCTCACTTTGACTACTGG,IGHV4-59,IGHD3-16,IGHJ4,IGHM,CQAWDSSTGVF,TGTCAGGCGTGGGACAGCAGCACGGGGGTGTTC,IGLV3-1,None,IGLJ3,IGLC2,,,,,,
136,clonotype221,"['clonotype221_consensus_2', 'clonotype221_consensus_1']",CAKAPAYDFWSGYHLDYW,TGTGCGAAAGCCCCGGCCTACGATTTTTGGAGTGGTTATCATCTTGACTACTGG,IGHV3-23,IGHD3-3,IGHJ4,IGHM,CCSYAGSYIRVF,TGCTGCTCATATGCAGGCAGCTACATCCGTGTATTC,IGLV2-11,None,IGLJ3,IGLC2,,,,,,
137,clonotype222,"['clonotype222_consensus_2', 'clonotype222_consensus_1']",CARVRNVVVPAAMDGYYYYGMDVW,TGTGCGAGAGTGAGGAATGTAGTAGTACCAGCTGCTATGGACGGCTACTACTACTACGGTATGGACGTCTGG,IGHV1-69,IGHD2-2,IGHJ6,IGHM,,,,,,,CMQALQTPRTF,TGCATGCAAGCTCTACAAACTCCTCGGACGTTC,IGKV2-28,None,IGKJ1,IGKC
138,clonotype223,"['clonotype223_consensus_2', 'clonotype223_consensus_1']",CVTAPVVRGSPSDYYYYYGMDVW,TGTGTAACAGCCCCTGTGGTTCGGGGATCACCCTCCGATTACTACTACTACTACGGTATGGACGTCTGG,IGHV1-24,IGHD3-10,IGHJ6,IGHG1,,,,,,,CQQYGSSF,TGTCAGCAGTATGGTAGCTCTTTC,IGKV3-20,None,IGKJ3,IGKC
139,clonotype224,"['clonotype224_consensus_2', 'clonotype224_consensus_1']",CARHGPTVSRGGYRKYYFDYW,TGTGCGAGACACGGACCGACAGTGAGCCGGGGCGGCTACCGAAAGTACTACTTTGACTACTGG,IGHV4-39,IGHD6-19,IGHJ4,IGHM,,,,,,,CQQRSNWPSTF,TGTCAGCAGCGTAGCAACTGGCCTAGCACTTTC,IGKV3-11,None,IGKJ4,IGKC
140,clonotype225,"['clonotype225_consensus_1', 'clonotype225_consensus_2']",CARGHYYGSGSFDYW,TGTGCGAGAGGGCATTACTATGGTTCGGGGAGTTTTGACTACTGG,IGHV1-3,IGHD3-10,IGHJ4,IGHM,,,,,,,CQQYYSTPLTF,TGTCAGCAATATTATAGTACTCCCCTCACTTTT,IGKV4-1,None,IGKJ2,IGKC
141,clonotype226,"['clonotype226_consensus_1', 'clonotype226_consensus_2']",CARGGGVGFTDWFDPW,TGTGCGAGAGGGGGGGGAGTGGGATTCACGGACTGGTTCGACCCCTGG,IGHV3-48,IGHD2-21,IGHJ5,IGHA2,,,,,,,CMQGAHWPPTF,TGCATGCAAGGTGCACACTGGCCTCCCACTTTC,IGKV2-30,None,IGKJ4,IGKC
142,clonotype227,"['clonotype227_consensus_1', 'clonotype227_consensus_2']",CAREGPSIAAAVAVRYYGLDVW,TGTGCGAGAGAGGGCCCGAGTATAGCAGCAGCTGTTGCGGTCCGGTACTACGGTCTGGACGTCTGG,IGHV1-46,IGHD6-13,IGHJ6,IGHG2,,,,,,,CMQVLQTPRTF,TGCATGCAAGTTCTACAAACTCCTCGGACGTTC,IGKV2-28,None,IGKJ1,IGKC
143,clonotype228,"['clonotype228_consensus_2', 'clonotype228_consensus_1']",CTTGEVVVVPAAIGW,TGTACCACAGGAGAGGTTGTAGTAGTACCAGCTGCTATCGGCTGG,IGHV3-15,IGHD2-2,IGHJ5,IGHM,,,,,,,CQQSYSTPPTF,TGTCAACAGAGTTACAGTACCCCTCCGACGTTC,IGKV1-39,None,IGKJ1,IGKC
144,clonotype229,"['clonotype229_consensus_1', 'clonotype229_consensus_3', 'clonotype229_consensus_2']",CASLSSSWYGYYYYYMDVW,TGTGCGAGTTTAAGCAGCAGCTGGTACGGGTACTACTACTACTACATGGACGTCTGG,IGHV1-69,IGHD6-13,IGHJ6,IGHM,CYSTDSSGNHSPYVF,TGTTACTCAACAGACAGCAGTGGTAATCATAGCCCTTACGTCTTC,IGLV3-10,None,IGLJ1,IGLC2,CQQSYSTPQLTF,TGTCAACAGAGTTACAGTACCCCTCAGCTCACTTTC,IGKV1-39,None,IGKJ4,IGKC
145,clonotype23,"['clonotype23_consensus_1', 'clonotype23_consensus_2']",CAKDTYYYGMDVW,TGTGCAAAAGATACCTACTACTACGGTATGGACGTCTGG,IGHV3-9,IGHD2-2,IGHJ6,IGHM,,,,,,,CLQHNSYPWTF,TGTCTACAGCATAATAGTTACCCGTGGACGTTC,IGKV1-17,None,IGKJ1,IGKC
146,clonotype230,"['clonotype230_consensus_1', 'clonotype230_consensus_2']",CAILGRSRWDNQDLNWFDPW,TGTGCGATCTTGGGACGGTCGAGATGGGATAATCAAGACCTCAACTGGTTCGACCCCTGG,IGHV1-2,IGHD6-6,IGHJ5,IGHM,,,,,,,CLQHNSYPLTF,TGTCTACAGCATAATAGTTACCCTCTCACTTTC,IGKV1-17,None,IGKJ4,IGKC
147,clonotype231,"['clonotype231_consensus_1', 'clonotype231_consensus_2']",CTTEHSVTGLSYYYDSSGYLEYFQHW,TGTACCACAGAGCATAGCGTTACAGGCCTATCGTATTACTATGATAGTAGTGGTTACCTTGAATACTTCCAGCACTGG,IGHV3-15,IGHD3-22,IGHJ1,IGHM,CQAWDSSTYVF,TGTCAGGCGTGGGACAGCAGCACTTATGTCTTC,IGLV3-1,None,IGLJ1,IGLC1,,,,,,
148,clonotype232,"['clonotype232_consensus_2', 'clonotype232_consensus_1']",CAADPAGYCSSTSCYANYYYYGMDVW,TGTGCGGCAGATCCGGCTGGATATTGTAGTAGTACCAGCTGCTATGCAAACTACTACTACTACGGTATGGACGTCTGG,IGHV1-58,IGHD2-2,IGHJ6,IGHM,,,,,,,CQKYNSAPFTF,TGTCAAAAGTATAACAGTGCCCCCTTCACTTTC,IGKV1-27,None,IGKJ3,IGKC
149,clonotype233,"['clonotype233_consensus_1', 'clonotype233_consensus_2']",CARVRLHSRRIFGVVIPDYYYYYMDVW,TGTGCGAGAGTTCGTCTACACTCTAGGAGGATTTTTGGAGTGGTTATCCCGGACTACTACTACTACTACATGGACGTCTGG,IGHV1-8,IGHD3-3,IGHJ6,IGHG3,CGTWDSSLSAHVVF,TGCGGAACATGGGATAGCAGCCTGAGTGCTCATGTGGTATTC,IGLV1-51,None,IGLJ3,IGLC2,,,,,,
150,clonotype234,['clonotype234_consensus_1'],,,,,,,,,,,,,CQQYYSYPFTF,TGTCAACAGTATTATAGTTACCCATTCACTTTC,IGKV1-8,None,IGKJ3,IGKC
151,clonotype235,"['clonotype235_consensus_1', 'clonotype235_consensus_2']",CATGGSPSYW,TGTGCGACTGGGGGTTCCCCCTCGTATTGG,IGHV1-2,IGHD2-8,IGHJ4,IGHM,,,,,,,CQQHNDWPDTF,TGTCAGCAGCATAACGACTGGCCCGATACCTTC,IGKV3-11,None,IGKJ5,IGKC
152,clonotype236,"['clonotype236_consensus_1', 'clonotype236_consensus_2']",CARDGDSSGWPGGDAFDIW,TGTGCGAGAGATGGGGATAGCAGTGGCTGGCCGGGAGGTGATGCTTTTGATATCTGG,IGHV4-59,IGHD6-19,IGHJ3,IGHM,,,,,,,CLQHNSYPRTF,TGTCTACAGCATAATAGTTACCCTCGGACGTTC,IGKV1-17,None,IGKJ1,IGKC
153,clonotype237,"['clonotype237_consensus_2', 'clonotype237_consensus_1']",CAIRYSSSWSRENWFDPW,TGTGCGATAAGGTATAGCAGCAGCTGGTCTAGGGAAAACTGGTTCGACCCCTGG,IGHV1-18,IGHD6-13,IGHJ5,IGHM,,,,,,,CQQSYSTPPETF,TGTCAACAGAGTTACAGTACCCCTCCGGAGACTTTC,IGKV1-39,None,IGKJ4,IGKC
154,clonotype238,"['clonotype238_consensus_1', 'clonotype238_consensus_2']",CAREQQLDINWFDPW,TGTGCGAGAGAGCAGCAGCTGGACATTAACTGGTTCGACCCCTGG,IGHV1-3,IGHD6-13,IGHJ5,IGHM,,,,,,,CQQYYSTPYTF,TGTCAGCAATATTATAGTACTCCGTACACTTTT,IGKV4-1,None,IGKJ2,IGKC
155,clonotype239,"['clonotype239_consensus_1', 'clonotype239_consensus_2']",CTSPLYSGSPYAFDIW,TGTACTAGTCCGTTGTATAGTGGGAGCCCATACGCTTTTGATATCTGG,IGHV3-49,IGHD1-26,IGHJ3,IGHM,CSSYTSSSTLVVF,TGCAGCTCATATACAAGCAGCAGCACTCTTGTGGTATTC,IGLV2-14,None,IGLJ3,IGLC3,,,,,,
156,clonotype24,"['clonotype24_consensus_1', 'clonotype24_consensus_2']",CARVSYGEGYSSGWYPFDYW,TGTGCGAGAGTATCGTACGGAGAGGGGTATAGCAGTGGCTGGTACCCCTTTGACTACTGG,IGHV7-4-1,IGHD6-19,IGHJ4,IGHG1,CQAWDSSTGYVF,TGTCAGGCGTGGGACAGCAGCACTGGATATGTCTTC,IGLV3-1,None,IGLJ1,IGLC1,,,,,,
157,clonotype240,"['clonotype240_consensus_2', 'clonotype240_consensus_1']",CARDGPLDHRGYYYYYYYMDVW,TGTGCGAGAGATGGGCCCCTGGACCATCGTGGTTATTACTACTACTACTACTACATGGACGTCTGG,IGHV3-33,IGHD3-10,IGHJ6,IGHD,CNSRDSSGNHVVF,TGTAACTCCCGGGACAGCAGTGGTAACCATGTGGTATTC,IGLV3-19,None,IGLJ3,IGLC2,,,,,,
158,clonotype241,"['clonotype241_consensus_1', 'clonotype241_consensus_2']",CARDSCGDTNCYGDLNWFDPW,TGTGCGAGAGATAGTTGTGGTGATACCAACTGCTATGGGGACCTCAACTGGTTCGACCCCTGG,IGHV3-33,IGHD2-2,IGHJ5,IGHD,,,,,,,CQQRSNWPPVTF,TGTCAGCAGCGTAGCAACTGGCCTCCGGTCACTTTC,IGKV3-11,None,IGKJ4,IGKC
159,clonotype242,"['clonotype242_consensus_2', 'clonotype242_consensus_1']",CARRVHSYDSSGYYYIEYYFDYW,TGTGCGAGACGGGTACACTCCTATGATAGTAGTGGTTATTACTACATCGAATACTACTTTGACTACTGG,IGHV4-39,IGHD3-22,IGHJ4,IGHM,CQSYDSSLSVVF,TGCCAGTCCTATGACAGCAGCCTGAGTGTGGTATTC,IGLV1-40,None,IGLJ3,IGLC2,,,,,,
160,clonotype243,"['clonotype243_consensus_2', 'clonotype243_consensus_1']",CATGSPLLLPSGWWFDPW,TGTGCAACAGGTTCTCCCCTATTACTACCCTCGGGGTGGTGGTTCGACCCCTGG,IGHV1-24,IGHD3-10,IGHJ5,IGHG3,CSSYTSSSTHVVF,TGCAGCTCATATACAAGCAGCAGCACTCATGTGGTATTC,IGLV2-14,None,IGLJ3,IGLC2,,,,,,
161,clonotype244,"['clonotype244_consensus_2', 'clonotype244_consensus_1']",CARGRSFGELSGLAYW,TGTGCGAGAGGCCGGTCATTCGGGGAGTTATCGGGCTTGGCCTACTGG,IGHV1-8,IGHD3-16,IGHJ4,IGHM,,,,,,,CQQSHSSPYIF,TGTCAACAGAGTCACAGTTCCCCGTACATTTTT,IGKV1-39,None,IGKJ2,IGKC
162,clonotype245,"['clonotype245_consensus_2', 'clonotype245_consensus_1']",CASEGHLGGGDCSW,TGTGCGAGTGAAGGACACTTAGGTGGTGGTGATTGCTCCTGG,IGHV1-69,IGHD2-21,IGHJ5,IGHM,,,,,,,CQQYYSTQYTF,TGTCAGCAATATTATAGTACTCAGTACACTTTT,IGKV4-1,None,IGKJ2,IGKC
163,clonotype246,"['clonotype246_consensus_2', 'clonotype246_consensus_1']",CARAYYSESGRTPGYYYGMDVW,TGTGCGAGGGCGTATTACTCTGAATCGGGCCGGACTCCGGGATATTACTACGGTATGGACGTTTGG,IGHV1-3,IGHD3-10,IGHJ6,IGHG1,CATWDDGLSGRWVF,TGTGCGACATGGGATGACGGCCTGAGTGGTCGCTGGGTGTTC,IGLV1-47,None,IGLJ3,IGLC2,,,,,,
164,clonotype247,"['clonotype247_consensus_1', 'clonotype247_consensus_2']",CAKDISFRGRKDYYYGMDVW,TGTGCAAAAGATATCTCTTTTCGGGGACGAAAAGACTACTACTACGGTATGGACGTCTGG,IGHV3-9,IGHD3-10,IGHJ6,IGHD,CNSRDSSGNHVVF,TGTAACTCCCGGGACAGCAGTGGTAACCATGTGGTATTC,IGLV3-19,None,IGLJ3,IGLC2,,,,,,
165,clonotype248,"['clonotype248_consensus_1', 'clonotype248_consensus_2']",CARGVGSSSWYRSSYFQHW,TGTGCGAGAGGGGTGGGGAGCAGCAGCTGGTACCGAAGCTCGTACTTCCAGCACTGG,IGHV3-30,IGHD6-13,IGHJ1,IGHM,CQVWDSSRGVF,TGTCAGGTGTGGGATAGTAGTAGAGGGGTGTTC,IGLV3-21,None,IGLJ3,IGLC2,,,,,,
166,clonotype249,"['clonotype249_consensus_1', 'clonotype249_consensus_2']",CARGDYYDSSGHFHDAFDIW,TGTGCGAGGGGAGATTACTATGATAGTAGTGGTCATTTCCATGATGCTTTTGATATCTGG,IGHV3-7,IGHD3-22,IGHJ3,IGHD,,,,,,,CQQYNNWPPWTF,TGTCAGCAGTATAATAACTGGCCTCCGTGGACGTTC,IGKV3-15,None,IGKJ1,IGKC
167,clonotype25,"['clonotype25_consensus_1', 'clonotype25_consensus_2']",CARVNRSGSRDAFDIW,TGTGCGAGAGTTAATCGTTCGGGGAGTCGCGATGCTTTTGATATCTGG,IGHV1-2,IGHD3-10,IGHJ3,IGHM,CQSYDSSLSGHVVF,TGCCAGTCCTATGACAGCAGCCTGAGTGGTCATGTGGTATTC,IGLV1-40,None,IGLJ3,IGLC2,,,,,,
168,clonotype250,"['clonotype250_consensus_1', 'clonotype250_consensus_2']",CAREGIVIKWFDPW,TGTGCGAGAGAGGGAATAGTAATAAAGTGGTTCGACCCCTGG,IGHV4-61,IGHD2-21,IGHJ5,IGHA1,,,,,,,CQQSYSTPYTF,TGTCAACAGAGCTACAGTACCCCGTACACTTTT,IGKV1-39,None,IGKJ2,IGKC
169,clonotype251,"['clonotype251_consensus_2', 'clonotype251_consensus_1']",CTRGLGPGADDYW,TGTACCAGAGGCCTTGGCCCGGGGGCCGATGACTACTGG,IGHV4-59,IGHD3-10,IGHJ4,IGHG1,,,,,,,CQQREDWPRTF,TGTCAGCAGCGTGAGGACTGGCCTCGGACTTTT,IGKV3-11,None,IGKJ2,IGKC
170,clonotype252,"['clonotype252_consensus_3', 'clonotype252_consensus_2', 'clonotype252_consensus_1']",CARSSGDKVLDYW,TGTGCGAGATCGTCGGGGGACAAGGTCCTTGACTACTGG,IGHV5-10-1,IGHD3-16,IGHJ4,IGHD,CLSGDEDNPVF,TGTTTGTCTGGGGATGAGGACAATCCGGTATTC,IGLV3-22,None,IGLJ3,IGLC2,,,,,,
171,clonotype253,"['clonotype253_consensus_2', 'clonotype253_consensus_1']",CAKLGRQGGDYYYGMDVW,TGTGCGAAATTGGGAAGACAAGGCGGTGACTACTACTACGGTATGGACGTCTGG,IGHV3-23,IGHD1-1,IGHJ6,IGHM,CCSYVGSYSFLVF,TGCTGCTCATATGTAGGCAGCTACAGTTTCCTGGTATTC,IGLV2-11,None,IGLJ3,IGLC2,,,,,,
172,clonotype254,"['clonotype254_consensus_1', 'clonotype254_consensus_2']",CEGDFWSGYDAFDIW,TGTGAAGGCGATTTTTGGAGTGGTTATGATGCTTTTGATATCTGG,IGHV3-48,IGHD3-3,IGHJ3,IGHM,,,,,,,CMQGTHWPFTF,TGCATGCAAGGTACACACTGGCCATTCACTTTC,IGKV2-30,None,IGKJ4,IGKC
173,clonotype255,"['clonotype255_consensus_1', 'clonotype255_consensus_2']",CARQPRREDYYDSSGDYW,TGTGCGAGACAGCCCCGCCGCGAAGATTACTATGATAGTAGTGGAGACTACTGG,IGHV4-39,IGHD3-22,IGHJ4,IGHM,,,,,,,CQQYNNWPPGYTF,TGTCAGCAGTATAATAACTGGCCTCCGGGGTACACTTTT,IGKV3-15,None,IGKJ2,IGKC
174,clonotype256,"['clonotype256_consensus_2', 'clonotype256_consensus_1']",CARASYGSGSYYHVDYW,TGTGCGAGGGCTTCCTATGGTTCGGGGAGTTATTACCACGTTGACTACTGG,IGHV5-51,IGHD3-10,IGHJ4,IGHM,,,,,,,CQQYNSYWGWTF,TGCCAACAGTATAATAGTTACTGGGGGTGGACGTTC,IGKV1-5,None,IGKJ1,IGKC
175,clonotype257,"['clonotype257_consensus_2', 'clonotype257_consensus_1']",CAKGGSSGWYRYFQHW,TGTGCGAAAGGAGGTAGCAGTGGCTGGTATCGATACTTCCAGCACTGG,IGHV3-23,IGHD6-19,IGHJ1,IGHM,,,,,,,CQQYDNLPLTF,TGTCAACAGTATGATAATCTCCCGCTCACTTTC,IGKV1-33,None,IGKJ4,IGKC
176,clonotype258,"['clonotype258_consensus_1', 'clonotype258_consensus_2']",CARHRARPDFDYW,TGTGCGAGACATCGGGCTCGTCCGGACTTTGACTACTGG,IGHV4-39,IGHD6-6,IGHJ4,IGHM,,,,,,,CMQALQTPYTF,TGCATGCAAGCTCTACAAACTCCGTACACTTTT,IGKV2-28,None,IGKJ2,IGKC
177,clonotype259,"['clonotype259_consensus_2', 'clonotype259_consensus_1']",CARRIVLMVYGYYYYYMDVW,TGTGCGAGACGAATTGTACTAATGGTGTATGGCTACTACTACTACTACATGGACGTCTGG,IGHV4-61,IGHD2-8,IGHJ6,IGHM,,,,,,,CQQSYSTTQSTF,TGTCAACAGAGTTACAGTACCACTCAGAGCACCTTC,IGKV1-39,None,IGKJ5,IGKC
178,clonotype26,"['clonotype26_consensus_2', 'clonotype26_consensus_1']",CARGKVGDYYDSSGYYSGHYYYGMDVW,TGTGCGAGAGGGAAAGTAGGGGATTACTATGATAGTAGTGGTTATTACAGTGGGCACTACTACTACGGTATGGACGTCTGG,IGHV3-20,IGHD3-22,IGHJ6,IGHM,,,,,,,CMQALQTSYTF,TGCATGCAAGCTCTACAAACTTCGTACACTTTT,IGKV2-28,None,IGKJ2,IGKC
179,clonotype260,"['clonotype260_consensus_2', 'clonotype260_consensus_1']",CARQITMIAVGWFDPW,TGTGCGAGACAAATTACTATGATAGCAGTAGGCTGGTTCGACCCCTGG,IGHV7-4-1,IGHD3-22,IGHJ5,IGHM,,,,,,,CQQRSNWPPITF,TGTCAGCAGCGTAGCAACTGGCCTCCGATCACCTTC,IGKV3-11,None,IGKJ5,IGKC
180,clonotype261,"['clonotype261_consensus_1', 'clonotype261_consensus_2']",CTTTRGLGSYYLYYYMDVW,TGTACCACAACGCGCGGTCTGGGGAGCTACTACCTCTACTACTACATGGACGTCTGG,IGHV3-15,IGHD3-10,IGHJ6,IGHM,CQAWDSSTAVF,TGTCAGGCGTGGGACAGCAGCACTGCGGTATTC,IGLV3-1,None,IGLJ3,IGLC3,,,,,,
181,clonotype262,"['clonotype262_consensus_2', 'clonotype262_consensus_1']",,,,,,,,,,,,,CQQYNNWPPDF,TGTCAGCAGTATAATAACTGGCCTCCGGACTTTT,IGKV3-15,None,IGKJ2,IGKC
182,clonotype263,"['clonotype263_consensus_1', 'clonotype263_consensus_2']",CAREMVAGTYDLW,TGTGCGAGGGAAATGGTGGCTGGAACTTATGACTTGTGG,IGHV4-59,IGHD5-12,IGHJ4,IGHG3,,,,,,,CQQYSSYPHTF,TGCCAACAGTATAGTAGTTATCCTCACACTTTT,IGKV1-16,None,IGKJ2,IGKC
183,clonotype264,"['clonotype264_consensus_1', 'clonotype264_consensus_2']",CATDLLKYYDYW,TGTGCAACAGATCTGCTGAAATACTATGACTACTGG,IGHV1-24,IGHD6-13,IGHJ4,IGHD,,,,,,,CQQSYSTSYTF,TGTCAACAGAGTTACAGTACCTCGTACACTTTT,IGKV1-39,None,IGKJ2,IGKC
184,clonotype265,"['clonotype265_consensus_1', 'clonotype265_consensus_2']",CARRPYSGSSSWFFDLW,TGTGCGCGACGCCCGTATAGCGGCTCGTCGAGCTGGTTCTTCGATCTCTGG,IGHV4-39,IGHD6-6,IGHJ2,IGHM,,,,,,,CQQYYSTGTF,TGTCAGCAATATTATAGTACTGGGACGTTC,IGKV4-1,None,IGKJ1,IGKC
185,clonotype266,"['clonotype266_consensus_1', 'clonotype266_consensus_2']",CARDHSGYEGFDYW,TGTGCGAGAGATCATAGTGGCTACGAGGGGTTTGACTACTGG,IGHV3-48,IGHD5-12,IGHJ4,IGHM,CAAWDDSLNGSYVF,TGTGCAGCATGGGATGACAGCCTGAATGGTTCTTATGTCTTC,IGLV1-44,None,IGLJ1,IGLC2,,,,,,
186,clonotype267,"['clonotype267_consensus_1', 'clonotype267_consensus_2']",CARARTGFWSGPLVDYW,TGTGCGAGAGCCCGAACGGGGTTTTGGAGTGGTCCGCTCGTTGACTACTGG,IGHV4-31,IGHD3-3,IGHJ4,IGHM,CQTWGTGLWVF,TGTCAGACCTGGGGCACTGGCCTTTGGGTGTTC,IGLV4-69,None,IGLJ3,IGLC3,,,,,,
187,clonotype268,"['clonotype268_consensus_1', 'clonotype268_consensus_2']",CARQVEYSSSSWTPRPYYFDYW,TGTGCGAGGCAGGTCGAGTATAGCAGCTCGTCTTGGACCCCCCGACCATACTACTTTGACTACTGG,IGHV4-39,IGHD6-6,IGHJ4,IGHD,,,,,,,CQQYGSSPPTF,TGTCAGCAGTATGGTAGCTCACCTCCCACTTTT,IGKV3-20,None,IGKJ2,IGKC
188,clonotype269,"['clonotype269_consensus_1', 'clonotype269_consensus_2']",CARVSQRRWLQEIDYW,TGTGCGAGAGTCTCCCAGAGGAGATGGCTACAGGAAATTGACTACTGG,IGHV1-18,IGHD4-4,IGHJ4,IGHM,CAAWDDSLNGYVF,TGTGCAGCATGGGATGACAGCCTGAATGGTTATGTCTTC,IGLV1-44,None,IGLJ1,IGLC1,,,,,,
189,clonotype27,"['clonotype27_consensus_2', 'clonotype27_consensus_1']",CARRLGQWLVGGLGAFDIW,TGTGCGAGACGGCTGGGGCAGTGGCTGGTCGGGGGTCTAGGCGCTTTTGATATCTGG,IGHV5-51,IGHD6-19,IGHJ3,IGHM,,,,,,,CQQSYSTRSITF,TGTCAACAGAGTTACAGTACCCGATCGATCACCTTC,IGKV1-39,None,IGKJ5,IGKC
190,clonotype270,"['clonotype270_consensus_2', 'clonotype270_consensus_1']",CVKPSDYYYYGMDVW,TGTGTGAAACCCTCCGATTACTACTACTACGGTATGGACGTCTGG,IGHV3-64,IGHD5-12,IGHJ6,IGHM,,,,,,,CQQYYSTPALTF,TGTCAACAGTATTATAGTACCCCTGCGCTCACTTTC,IGKV1-NL1,None,IGKJ4,IGKC
191,clonotype271,"['clonotype271_consensus_2', 'clonotype271_consensus_1']",CARAYDFWSGYYYYFDYW,TGTGCGAGAGCGTACGATTTTTGGAGTGGTTATTATTACTACTTTGACTACTGG,IGHV1-3,IGHD3-3,IGHJ4,IGHM,,,,,,,CQQSYSTPYTF,TGTCAACAGAGTTACAGTACCCCGTACACTTTT,IGKV1-39,None,IGKJ2,IGKC
192,clonotype272,"['clonotype272_consensus_1', 'clonotype272_consensus_2']",CARSPYYGSGSYYPFYYYGMDVW,TGTGCGAGATCTCCGTACTATGGTTCGGGGAGTTATTATCCCTTCTACTACTACGGTATGGACGTCTGG,IGHV3-33,IGHD3-10,IGHJ6,IGHM,,,,,,,CQQYGSSQWTF,TGTCAGCAGTATGGTAGCTCACAGTGGACGTTC,IGKV3-20,None,IGKJ1,IGKC
193,clonotype273,"['clonotype273_consensus_2', 'clonotype273_consensus_1']",CARYSSGPHWYFDLW,TGTGCGAGATATAGCAGTGGACCCCACTGGTACTTCGATCTCTGG,IGHV3-7,IGHD6-19,IGHJ2,IGHM,CYSTDSSGNQGVF,TGTTACTCAACAGACAGCAGTGGTAATCAGGGGGTATTC,IGLV3-10,None,IGLJ3,IGLC2,,,,,,
194,clonotype274,"['clonotype274_consensus_1', 'clonotype274_consensus_2']",CTTDRYYDYVWGSYRTPGYW,TGTACCACAGACCGCTATTATGATTACGTTTGGGGGAGTTATCGAACCCCGGGGTACTGG,IGHV3-15,IGHD3-16,IGHJ4,IGHM,CAAWDDSLNGRVF,TGTGCAGCATGGGATGACAGCCTGAATGGCCGGGTGTTC,IGLV1-44,None,IGLJ3,IGLC2,,,,,,
195,clonotype275,"['clonotype275_consensus_1', 'clonotype275_consensus_2']",CARGYSSGWEPFDYW,TGTGCGAGAGGGTATAGCAGTGGCTGGGAACCTTTTGACTACTGG,IGHV4-39,IGHD6-19,IGHJ4,IGHM,CQVWDSSSDHLWVF,TGTCAGGTGTGGGATAGTAGTAGTGATCATCTTTGGGTGTTC,IGLV3-21,None,IGLJ3,IGLC2,,,,,,
196,clonotype276,"['clonotype276_consensus_1', 'clonotype276_consensus_2']",CARGGWVYYGSGSYPFDYW,TGTGCGAGAGGCGGATGGGTTTACTATGGTTCGGGGAGTTACCCGTTTGACTACTGG,IGHV4-34,IGHD3-10,IGHJ4,IGHD,,,,,,,CQQYYSTPQTF,TGTCAGCAATATTATAGTACTCCTCAGACTTTT,IGKV4-1,None,IGKJ2,IGKC
197,clonotype277,"['clonotype277_consensus_2', 'clonotype277_consensus_1']",CARGYYDFWSGYFDYW,TGTGCGAGAGGGTATTACGATTTTTGGAGTGGTTATTTTGACTACTGG,IGHV3-33,IGHD3-3,IGHJ4,IGHM,,,,,,,CQQRSNWPPRITF,TGTCAGCAGCGTAGCAACTGGCCTCCGAGGATCACCTTC,IGKV3-11,None,IGKJ5,IGKC
198,clonotype278,['clonotype278_consensus_1'],,,,,,,CAAWDDSLSGWVF,TGTGCAGCATGGGATGACAGCCTGAGTGGTTGGGTGTTC,IGLV1-44,None,IGLJ3,IGLC3,,,,,,
199,clonotype279,"['clonotype279_consensus_1', 'clonotype279_consensus_2']",CATLYDFWVGYYTSDYW,TGTGCAACGCTTTACGATTTTTGGGTTGGTTATTATACGAGTGACTACTGG,IGHV3-9,IGHD3-3,IGHJ4,IGHM,,,,,,,CMQGTHWPPCTF,TGCATGCAAGGTACACACTGGCCTCCGTGTACTTTT,IGKV2-30,None,IGKJ2,IGKC
200,clonotype28,"['clonotype28_consensus_1', 'clonotype28_consensus_2']",CARRSWSYGMDVW,TGTGCGAGACGCAGCTGGTCCTACGGTATGGACGTCTGG,IGHV4-59,IGHD6-13,IGHJ6,IGHM,CCSYAGSSPVVF,TGCTGCTCATATGCAGGTAGTAGCCCTGTGGTATTC,IGLV2-23,None,IGLJ3,IGLC3,,,,,,
201,clonotype280,"['clonotype280_consensus_1', 'clonotype280_consensus_2']",CARVDSGSYEFDYW,TGTGCGAGAGTAGATAGTGGGAGCTATGAGTTTGACTACTGG,IGHV4-59,IGHD1-26,IGHJ4,IGHM,CQVWDSSSDHPVF,TGTCAGGTGTGGGATAGTAGTAGTGATCATCCGGTATTC,IGLV3-21,None,IGLJ3,IGLC3,,,,,,
202,clonotype281,"['clonotype281_consensus_1', 'clonotype281_consensus_2']",CARSPEDYYDSSGTGWFDPW,TGTGCGAGATCTCCTGAGGATTACTATGATAGTAGTGGTACCGGGTGGTTCGACCCCTGG,IGHV5-51,IGHD3-22,IGHJ5,IGHM,CQVWDSSSDSRVF,TGTCAGGTGTGGGATAGTAGTAGTGATTCTCGAGTATTC,IGLV3-21,None,IGLJ3,IGLC2,,,,,,
203,clonotype282,"['clonotype282_consensus_1', 'clonotype282_consensus_2']",CARDPSSSFFSYWYFDLW,TGTGCGAGAGACCCCAGCAGCTCGTTCTTCTCGTACTGGTACTTCGATCTCTGG,IGHV4-59,IGHD2-2,IGHJ2,IGHM,,,,,,,CQQSYSTTRYTF,TGTCAACAGAGTTACAGTACCACTCGGTACACTTTT,IGKV1-39,None,IGKJ2,IGKC
204,clonotype283,"['clonotype283_consensus_1', 'clonotype283_consensus_2']",CGRERDSSGPDYW,TGTGGGAGAGAACGGGATAGCAGTGGCCCTGACTACTGG,IGHV3-30,IGHD6-19,IGHJ4,IGHM,,,,,,,CMQGLHLPYTF,TGCATGCAAGGTTTACACCTTCCGTACACTTTT,IGKV2-29,None,IGKJ2,IGKC
205,clonotype284,"['clonotype284_consensus_2', 'clonotype284_consensus_1']",CARDIGELELRDW,TGTGCGAGAGATATAGGAGAACTGGAACTACGAGACTGG,IGHV3-48,IGHD1-7,IGHJ4,IGHM,CQSADNSSIFRVF,TGTCAATCAGCAGACAACAGTAGTATTTTTCGGGTGTTC,IGLV3-25,None,IGLJ3,IGLC2,,,,,,
206,clonotype285,"['clonotype285_consensus_2', 'clonotype285_consensus_1']",CARDKGTQHSFTLFVAAAGTGGAFDIW,TGTGCGAGAGATAAGGGAACCCAGCACTCATTCACTCTGTTCGTTGCAGCAGCTGGTACCGGTGGTGCTTTTGATATCTGG,IGHV3-33,IGHD6-13,IGHJ3,IGHM,,,,,,,CQQYNSYSSF,TGCCAACAGTATAATAGTTATTCGTCGTTC,IGKV1-5,None,IGKJ1,IGKC
207,clonotype286,"['clonotype286_consensus_1', 'clonotype286_consensus_2']",CARGHTRYYYGSGSYYPTDYW,TGTGCAAGAGGCCATACCCGGTATTACTATGGTTCGGGGAGTTATTATCCCACTGACTACTGG,IGHV3-74,IGHD3-10,IGHJ4,IGHM,,,,,,,CQQYGSSPLTF,TGTCAGCAGTATGGTAGCTCACCCCTCACTTTC,IGKV3-20,None,IGKJ4,IGKC
208,clonotype287,"['clonotype287_consensus_2', 'clonotype287_consensus_1']",CAREMQGPYGFSENWFDSW,TGTGCGAGAGAAATGCAGGGCCCCTATGGATTCAGCGAAAACTGGTTTGACTCCTGG,IGHV3-7,IGHD5-5,IGHJ5,IGHA1,CQAWDRIIAVF,TGTCAGGCGTGGGACAGAATTATTGCGGTTTTC,IGLV3-1,None,IGLJ3,IGLC2,,,,,,
209,clonotype288,"['clonotype288_consensus_2', 'clonotype288_consensus_1']",CAKDIYPGIYYPYYYGLDVW,TGTGCAAAAGATATCTATCCGGGTATTTATTATCCCTACTACTACGGTTTGGACGTCTGG,IGHV3-9,IGHD3-10,IGHJ6,IGHM,CSSYAGSNNYVF,TGCAGCTCATATGCAGGCAGCAACAATTATGTCTTC,IGLV2-8,None,IGLJ1,IGLC1,,,,,,
210,clonotype289,"['clonotype289_consensus_2', 'clonotype289_consensus_1']",CARPHCSSTSCYAGGTWFDPW,TGTGCGAGACCCCATTGTAGTAGTACCAGCTGCTATGCCGGGGGTACCTGGTTCGACCCCTGG,IGHV4-39,IGHD2-2,IGHJ5,IGHM,,,,,,,CQQYGSSPYTF,TGTCAGCAGTATGGTAGCTCACCGTACACTTTT,IGKV3-20,None,IGKJ2,IGKC
211,clonotype29,"['clonotype29_consensus_2', 'clonotype29_consensus_1']",CARDGASSSGGDYYYYYMDVW,TGTGCGAGAGATGGGGCGAGCAGCTCGGGCGGGGACTACTACTACTACTACATGGACGTCTGG,IGHV3-48,IGHD6-6,IGHJ6,IGHM,CGTWDSSLSAGVF,TGCGGAACATGGGATAGCAGCCTGAGTGCTGGGGTGTTC,IGLV1-51,None,IGLJ3,IGLC2,,,,,,
212,clonotype290,"['clonotype290_consensus_2', 'clonotype290_consensus_1']",CARDRYSSSWRLDYW,TGTGCGAGAGATCGGTATAGCAGCAGCTGGAGACTTGACTACTGG,IGHV3-30-3,IGHD6-13,IGHJ4,IGHM,,,,,,,CQQSYSTPLTF,TGTCAACAGAGTTACAGTACCCCCCTCACTTTC,IGKV1-39,None,IGKJ4,IGKC
213,clonotype291,"['clonotype291_consensus_1', 'clonotype291_consensus_2']",CARDPGGPYYYGSGSYLPDYW,TGTGCGAGAGATCCAGGTGGGCCGTATTACTATGGTTCGGGGAGTTATCTCCCTGACTACTGG,IGHV3-48,IGHD3-10,IGHJ4,IGHM,CCSYAGSYTPLYVF,TGCTGCTCATATGCAGGCAGCTACACTCCCCTTTATGTCTTC,IGLV2-11,None,IGLJ1,IGLC1,,,,,,
214,clonotype292,"['clonotype292_consensus_2', 'clonotype292_consensus_1']",CARDEFWFGEFYDTFGWFDPW,TGTGCGAGAGATGAATTCTGGTTCGGGGAATTTTACGATACATTTGGGTGGTTCGACCCCTGG,IGHV3-23,IGHD3-10,IGHJ5,IGHM,CAAWDDSLNGKVF,TGTGCAGCATGGGATGACAGCCTGAATGGAAAGGTGTTC,IGLV1-44,None,IGLJ3,IGLC2,,,,,,
215,clonotype293,"['clonotype293_consensus_2', 'clonotype293_consensus_1']",CARDPHGGSYYEGDLRLYW,TGTGCGAGAGATCCCCACGGTGGGAGCTACTACGAGGGGGACCTTCGACTTTACTGG,IGHV3-30-3,IGHD1-26,IGHJ4,IGHM,,,,,,,CMQATQFPPSHL,TGCATGCAAGCTACACAGTTTCCTCCTTCTCACCTTC,IGKV2-28,None,IGKJ5,IGKC
216,clonotype294,"['clonotype294_consensus_1', 'clonotype294_consensus_2']",CARGPGGDYTGYGMDVW,TGTGCGAGAGGGCCTGGGGGTGACTACACCGGGTACGGTATGGACGTCTGG,IGHV3-21,IGHD2-8,IGHJ6,IGHM,CGTWDSSLRGVF,TGCGGAACATGGGATAGCAGCCTGAGAGGGGTCTTC,IGLV1-51,None,IGLJ1,IGLC1,,,,,,
217,clonotype295,"['clonotype295_consensus_2', 'clonotype295_consensus_1']",CAREDPNYGSGSGWFDPW,TGTGCGAGAGAGGACCCGAACTATGGTTCGGGGAGTGGTTGGTTCGACCCCTGG,IGHV3-48,IGHD3-10,IGHJ5,IGHM,CQAWDSSTVVF,TGTCAGGCGTGGGACAGCAGCACTGTGGTATTC,IGLV3-1,None,IGLJ3,IGLC2,,,,,,
218,clonotype296,"['clonotype296_consensus_1', 'clonotype296_consensus_2']",CARLIAPPPGGSYAFDYW,TGTGCGAGACTTATCGCCCCACCACCGGGTGGGAGCTACGCCTTTGACTACTGG,IGHV4-39,IGHD1-26,IGHJ4,IGHM,,,,,,,CQQSYSTPQTF,TGTCAACAGAGTTACAGTACCCCTCAGACGTTC,IGKV1-39,None,IGKJ1,IGKC
219,clonotype297,"['clonotype297_consensus_2', 'clonotype297_consensus_1']",CVRGTNSYPGVDYW,TGTGTGAGAGGTACAAATTCTTACCCGGGCGTTGACTACTGG,IGHV3-7,IGHD2-8,IGHJ4,IGHA1,CTSYGGNKNLIF,TGCACCTCATATGGAGGCAACAAAAACTTGATATTC,IGLV2-8,None,IGLJ3,IGLC2,,,,,,
220,clonotype298,"['clonotype298_consensus_2', 'clonotype298_consensus_1']",CARETRSTIFRGDYYGMDVW,TGTGCGAGAGAGACCAGGAGTACGATATTTAGAGGGGACTACTACGGTATGGACGTCTGG,IGHV1-18,IGHD3-3,IGHJ6,IGHD,,,,,,,CQQLNSYPITF,TGTCAACAGCTTAATAGTTACCCGATCACCTTC,IGKV1-9,None,IGKJ5,IGKC
221,clonotype299,"['clonotype299_consensus_2', 'clonotype299_consensus_1']",CARASSSWDPNYYYGMDVW,TGTGCGAGAGCTAGCAGCAGCTGGGACCCTAACTACTACTACGGTATGGACGTCTGG,IGHV7-4-1,IGHD6-13,IGHJ6,IGHM,CQSADSSGTYMVF,TGTCAATCAGCAGACAGCAGTGGTACTTATATGGTATTC,IGLV3-25,None,IGLJ3,IGLC2,,,,,,
222,clonotype3,"['clonotype3_consensus_3', 'clonotype3_consensus_2', 'clonotype3_consensus_4', 'clonotype3_consensus_1']",CARDHGDDFWSGYSYYYYGMDVW,TGTGCGAGAGATCACGGGGACGATTTTTGGAGTGGTTATTCATACTACTACTACGGTATGGACGTCTGG,IGHV3-48,IGHD3-3,IGHJ6,IGHM,,,,,,,CQQYDNLLALTF,TGTCAACAGTATGATAATCTCCTTGCGCTCACTTTC,IGKV1-33,None,IGKJ4,IGKC
223,clonotype30,"['clonotype30_consensus_2', 'clonotype30_consensus_1']",CARGGGGSLFGLGMDVW,TGTGCGAGAGGAGGGGGGGGCAGCCTCTTCGGGCTAGGTATGGACGTCTGG,IGHV3-30-3,IGHD2-15,IGHJ6,IGHM,,,,,,,CQQYYSTPLTF,TGTCAGCAATATTATAGTACTCCGCTCACTTTC,IGKV4-1,None,IGKJ4,IGKC
224,clonotype300,['clonotype300_consensus_1'],,,,,,,,,,,,,CQQYGSSPTF,TGTCAGCAGTATGGTAGCTCACCGACGTTC,IGKV3-20,None,IGKJ1,IGKC
225,clonotype301,"['clonotype301_consensus_2', 'clonotype301_consensus_1']",CAKDHGDGELFLDGWFDPW,TGTGCGAAAGATCACGGTGACGGGGAGTTATTTCTCGATGGGTGGTTCGACCCCTGG,IGHV3-23,IGHD3-10,IGHJ5,IGHM,CSSYAGSNHVVF,TGCAGCTCATATGCAGGCAGCAACCATGTGGTATTC,IGLV2-8,None,IGLJ3,IGLC2,,,,,,
226,clonotype302,"['clonotype302_consensus_1', 'clonotype302_consensus_2']",CARETRGYSYGLYYYYGMDVW,TGTGCTAGAGAGACCCGTGGATACAGCTATGGGCTATACTACTACTACGGTATGGACGTCTGG,IGHV3-72,IGHD5-5,IGHJ6,IGHD,CNSRDSSGNHVVF,TGTAACTCCCGGGACAGCAGTGGTAACCATGTGGTATTC,IGLV3-19,None,IGLJ3,IGLC3,,,,,,
227,clonotype303,"['clonotype303_consensus_1', 'clonotype303_consensus_2']",CARVWARSGYFYFDYW,TGTGCGAGAGTGTGGGCAAGGAGTGGTTATTTCTACTTTGACTACTGG,IGHV1-46,IGHD3-3,IGHJ4,IGHM,CSSCTSSSTYVF,TGCAGCTCATGTACAAGCAGCAGCACCTATGTCTTC,IGLV2-14,None,IGLJ1,IGLC1,,,,,,
228,clonotype304,"['clonotype304_consensus_1', 'clonotype304_consensus_2']",CAHSWGLYRHEQYFDYW,TGTGCACACTCTTGGGGTCTTTATCGCCACGAACAATACTTTGACTACTGG,IGHV2-5,IGHD3-16,IGHJ4,IGHM,CQAWDSSTAVF,TGTCAGGCGTGGGACAGCAGCACTGCGGTATTC,IGLV3-1,None,IGLJ3,IGLC2,,,,,,
229,clonotype305,"['clonotype305_consensus_2', 'clonotype305_consensus_1']",CARVSKYSSIFDYW,TGTGCGAGAGTGTCCAAATATAGCAGCATATTTGACTACTGG,IGHV4-59,IGHD6-13,IGHJ4,IGHD,,,,,,,CQQSKTF,TGTCAACAGAGTAAGACGTTC,IGKV1-39,None,IGKJ1,IGKC
230,clonotype306,['clonotype306_consensus_1'],CARSKMAQWLVWGAFDIW,TGTGCGAGGTCTAAAATGGCGCAGTGGCTGGTATGGGGTGCTTTTGATATCTGG,IGHV4-59,IGHD6-19,IGHJ3,IGHM,,,,,,,,,,,,
231,clonotype307,"['clonotype307_consensus_1', 'clonotype307_consensus_2']",CARSGSSWYSKTDYW,TGTGCGAGAAGTGGCAGCAGCTGGTACTCAAAGACTGACTACTGG,IGHV1-18,IGHD6-13,IGHJ4,IGHM,,,,,,,CQQYYSFPHTF,TGTCAACAGTATTATAGTTTCCCCCACACTTTT,IGKV1D-8,None,IGKJ2,IGKC
232,clonotype308,"['clonotype308_consensus_1', 'clonotype308_consensus_2']",CARDGHDYYGSGSYYDFDYW,TGTGCGAGAGATGGGCATGATTACTATGGTTCGGGGAGTTATTATGATTTTGACTACTGG,IGHV3-7,IGHD3-10,IGHJ4,IGHM,,,,,,,CQQSYSTPWTF,TGTCAACAGAGTTACAGTACCCCGTGGACGTTC,IGKV1-39,None,IGKJ1,IGKC
233,clonotype309,"['clonotype309_consensus_2', 'clonotype309_consensus_1']",CAAPGIAAAGQNAFDIW,TGTGCGGCCCCGGGTATAGCAGCAGCTGGCCAAAATGCTTTTGATATCTGG,IGHV3-30-3,IGHD6-13,IGHJ3,IGHM,,,,,,,CQQYGSSPWTF,TGTCAGCAGTATGGTAGCTCACCGTGGACGTTC,IGKV3-20,None,IGKJ1,IGKC
234,clonotype31,"['clonotype31_consensus_1', 'clonotype31_consensus_2']",CARGQRGDSSGYYYNTLYYFDYW,TGTGCAAGAGGACAAAGGGGTGATAGTAGTGGTTATTACTACAATACCCTATACTACTTTGACTACTGG,IGHV3-13,IGHD3-22,IGHJ4,IGHM,CQAWDSSTVVF,TGTCAGGCGTGGGACAGCAGCACTGTGGTATTC,IGLV3-1,None,IGLJ3,IGLC2,,,,,,
235,clonotype310,"['clonotype310_consensus_1', 'clonotype310_consensus_2']",CARGLQLKLYDFLVW,TGTGCGAGGGGCCTCCAACTGAAACTTTACGATTTTCTCGTCTGG,IGHV3-21,IGHD1-1,IGHJ6,IGHG2,CQTWGTGIHVVF,TGTCAGACCTGGGGCACTGGCATTCATGTGGTTTTC,IGLV4-69,None,IGLJ3,IGLC2,,,,,,
236,clonotype311,"['clonotype311_consensus_2', 'clonotype311_consensus_1']",CAKDYVVVTAGRYFDYW,TGTGCGAAAGACTATGTGGTGGTGACTGCCGGCCGCTACTTTGACTACTGG,IGHV3-23,IGHD2-21,IGHJ4,IGHM,,,,,,,CQQRSNWPPLFTF,TGTCAGCAGCGTAGCAACTGGCCTCCTTTATTCACTTTC,IGKV3-11,None,IGKJ3,IGKC
237,clonotype312,"['clonotype312_consensus_1', 'clonotype312_consensus_2']",CARDLAGRGDNLMGDVW,TGTGCGAGAGATCTGGCCGGTAGAGGAGACAATCTAATGGGGGACGTCTGG,IGHV4-59,IGHD2-8,IGHJ6,IGHD,CAAWDDSLNGVVF,TGTGCAGCATGGGATGACAGCCTGAATGGTGTGGTATTC,IGLV1-44,None,IGLJ3,IGLC3,,,,,,
238,clonotype313,"['clonotype313_consensus_2', 'clonotype313_consensus_1']",CARHRFYSSGWWDAFDVW,TGTGCGAGACACCGCTTTTATAGTAGTGGCTGGTGGGATGCTTTCGATGTCTGG,IGHV4-59,IGHD6-19,IGHJ3,IGHG2,,,,,,,CQQYGSSPLTF,TGTCAGCAGTATGGTAGCTCACCTCTCACTTTC,IGKV3-20,None,IGKJ4,IGKC
239,clonotype314,"['clonotype314_consensus_2', 'clonotype314_consensus_1']",CARTGGLGYFDYW,TGTGCGAGAACAGGGGGACTAGGCTACTTTGACTACTGG,IGHV1-18,IGHD4-17,IGHJ4,IGHM,,,,,,,CQQSYSTPMYTF,TGTCAACAGAGTTACAGTACCCCTATGTACACTTTT,IGKV1-39,None,IGKJ2,IGKC
240,clonotype315,"['clonotype315_consensus_1', 'clonotype315_consensus_2']",CATAPPIGGAMYNWFDPW,TGTGCAACAGCCCCCCCCATAGGGGGAGCGATGTACAACTGGTTCGACCCCTGG,IGHV1-24,IGHD1-26,IGHJ5,IGHD,CNSRDSSGNHWVF,TGTAACTCCCGGGACAGCAGTGGTAACCATTGGGTGTTC,IGLV3-19,None,IGLJ3,IGLC2,,,,,,
241,clonotype316,"['clonotype316_consensus_1', 'clonotype316_consensus_2']",CAKVEQQLGSPHYYYYYYMDVW,TGTGCGAAAGTGGAGCAGCAGCTGGGTTCCCCCCACTACTACTACTACTACTACATGGACGTCTGG,IGHV3-30,IGHD6-13,IGHJ6,IGHM,,,,,,,CQQYYSYPLTF,TGTCAACAGTATTATAGTTACCCGCTCACTTTC,IGKV1-8,None,IGKJ4,IGKC
242,clonotype317,"['clonotype317_consensus_1', 'clonotype317_consensus_2']",CARDGGGWFDPW,TGTGCGAGAGATGGGGGGGGCTGGTTCGACCCCTGG,IGHV3-30-3,IGHD3-16,IGHJ5,IGHM,CQAWDSSTVVF,TGTCAGGCGTGGGACAGCAGCACTGTGGTATTC,IGLV3-1,None,IGLJ3,IGLC2,,,,,,
243,clonotype318,"['clonotype318_consensus_1', 'clonotype318_consensus_2']",CASLCSSGWYLVDWYFDLW,TGTGCGAGCCTCTGTAGCAGTGGCTGGTACTTGGTAGACTGGTACTTCGATCTCTGG,IGHV4-59,IGHD6-19,IGHJ2,IGHM,CNSRDSSGNHLVF,TGTAACTCCCGGGACAGCAGTGGTAACCATCTGGTATTC,IGLV3-19,None,IGLJ3,IGLC2,,,,,,
244,clonotype319,"['clonotype319_consensus_2', 'clonotype319_consensus_1']",CARFVVSVVRGVIENWFDPW,TGTGCGAGATTTGTGGTTAGTGTGGTTCGGGGAGTTATCGAAAACTGGTTCGACCCCTGG,IGHV4-31,IGHD3-10,IGHJ5,IGHM,CGTWDSSLSAGLAVF,TGCGGAACATGGGATAGCAGCCTGAGTGCTGGCCTTGCTGTGTTC,IGLV1-51,None,IGLJ7,IGLC7,,,,,,
245,clonotype32,"['clonotype32_consensus_2', 'clonotype32_consensus_1']",CAREGGDGFTPF,TGTGCGAGAGAAGGGGGAGATGGTTTCACCCCTTTT,IGHV3-33,IGHD3-16,IGHJ5,IGHM,CQSADSSGTYWVF,TGTCAATCAGCAGACAGCAGTGGTACTTATTGGGTGTTC,IGLV3-25,None,IGLJ3,IGLC2,,,,,,
246,clonotype320,"['clonotype320_consensus_1', 'clonotype320_consensus_2']",CATGPPIGSRDWFDPW,TGTGCAACAGGCCCCCCTATAGGGTCTCGCGACTGGTTCGACCCCTGG,IGHV1-24,IGHD1-26,IGHJ5,IGHG1,CAAWDDSLNGWVF,TGTGCAGCATGGGATGACAGCCTGAATGGTTGGGTGTTC,IGLV1-44,None,IGLJ3,IGLC2,,,,,,
247,clonotype321,"['clonotype321_consensus_1', 'clonotype321_consensus_2']",CARHPRSMGFGEPFDYW,TGTGCGAGACATCCAAGGTCGATGGGGTTCGGGGAGCCATTTGACTACTGG,IGHV4-39,IGHD3-10,IGHJ4,IGHM,,,,,,,CQQYNNWRTF,TGTCAGCAGTATAATAACTGGCGGACGTTC,IGKV3-15,None,IGKJ1,IGKC
248,clonotype322,"['clonotype322_consensus_1', 'clonotype322_consensus_2']",CAIVLRYFGGWFDPW,TGTGCGATCGTATTACGATATTTTGGTGGGTGGTTCGACCCCTGG,IGHV4-34,IGHD3-9,IGHJ5,IGHM,,,,,,,CQQSYSTPLTF,TGTCAACAGAGTTACAGTACCCCGCTCACTTTC,IGKV1-39,None,IGKJ4,IGKC
249,clonotype323,"['clonotype323_consensus_1', 'clonotype323_consensus_2']",CAKDGWYYDSSGSGNWFDPW,TGTGCGAAAGATGGCTGGTACTATGATAGTAGTGGGTCGGGTAACTGGTTCGACCCCTGG,IGHV3-23,IGHD3-22,IGHJ5,IGHD,CNSRDSSGNHVVF,TGTAACTCCCGGGACAGCAGTGGTAACCATGTGGTATTC,IGLV3-19,None,IGLJ3,IGLC2,,,,,,
250,clonotype324,['clonotype324_consensus_1'],CARWSDGSGNYQYRHRGKKFDYW,TGTGCAAGGTGGTCGGATGGTTCGGGGAATTATCAATACCGCCATCGGGGTAAAAAATTTGACTACTGG,IGHV6-1,IGHD3-10,IGHJ4,IGHG3,,,,,,,,,,,,
251,clonotype325,"['clonotype325_consensus_2', 'clonotype325_consensus_1']",CAKDQGIQLWFRRSNDYYGMDVW,TGTGCGAAAGATCAGGGGATACAGCTATGGTTTAGGAGGTCGAACGACTACTACGGTATGGACGTCTGG,IGHV3-23,IGHD5-5,IGHJ6,IGHD,,,,,,,CQQYNNWPWTF,TGTCAGCAGTATAATAACTGGCCCTGGACGTTC,IGKV3-15,None,IGKJ1,IGKC
252,clonotype326,"['clonotype326_consensus_3', 'clonotype326_consensus_1', 'clonotype326_consensus_2']",CARARFSSSGSYYHYW,TGTGCGAGAGCGCGGTTTAGTAGTAGTGGGAGCTACTATCACTACTGG,IGHV1-18,IGHD2-15,IGHJ4,IGHM,,,,,,,CQQSYSTPFTF,TGTCAACAGAGTTACAGTACCCCCTTCACTTTC,IGKV1-39,None,IGKJ3,IGKC
253,clonotype327,"['clonotype327_consensus_2', 'clonotype327_consensus_1']",CARDSGGYSYGYNARYYYGMDVW,TGTGCGAGAGATAGTGGCGGGTACAGCTATGGTTACAACGCGAGGTACTACTACGGTATGGACGTCTGG,IGHV3-20,IGHD5-5,IGHJ6,IGHD,,,,,,,CQQYNSYPYTF,TGCCAACAGTATAATAGTTACCCGTACACTTTT,IGKV1-5,None,IGKJ2,IGKC
254,clonotype328,"['clonotype328_consensus_2', 'clonotype328_consensus_1']",CARGVSPEFDPW,TGTGCGAGGGGGGTATCTCCGGAGTTCGACCCCTGG,IGHV1-46,IGHD2-15,IGHJ5,IGHM,CQSYDSSNHWVF,TGTCAGTCTTATGATAGCAGCAATCATTGGGTGTTC,IGLV6-57,None,IGLJ3,IGLC2,,,,,,
255,clonotype329,"['clonotype329_consensus_1', 'clonotype329_consensus_2']",CAKVRRGYSYGSFDYW,TGTGCGAAAGTACGACGTGGATACAGCTATGGTTCCTTTGACTACTGG,IGHV3-30,IGHD5-5,IGHJ4,IGHM,,,,,,,CQQYNSYSTF,TGCCAACAGTATAATAGTTATTCGACGTTC,IGKV1-5,None,IGKJ1,IGKC
256,clonotype33,"['clonotype33_consensus_2', 'clonotype33_consensus_1']",CAKEADNTGWYIDFW,TGTGCGAAAGAGGCGGATAACACTGGCTGGTACATTGACTTTTGG,IGHV3-23,IGHD6-19,IGHJ4,IGHM,CQTWGTGIRVF,TGTCAGACCTGGGGCACTGGCATTCGGGTGTTC,IGLV4-69,None,IGLJ3,IGLC3,,,,,,
257,clonotype330,"['clonotype330_consensus_2', 'clonotype330_consensus_1']",CAKDRRRGETALAFDIW,TGTGCGAAAGATAGGCGTCGGGGTGAGACAGCTTTGGCTTTTGATATCTGG,IGHV3-23,IGHD5-5,IGHJ3,IGHM,,,,,,,CQQYNSYPFTF,TGCCAACAGTATAATAGTTACCCATTCACTTTC,IGKV1-16,None,IGKJ3,IGKC
258,clonotype331,"['clonotype331_consensus_1', 'clonotype331_consensus_2']",CARQAGLLWFGAILDYYYGMDVW,TGTGCGAGACAAGCAGGATTACTATGGTTCGGGGCAATCCTTGACTACTACTACGGTATGGACGTCTGG,IGHV3-30-3,IGHD3-10,IGHJ6,IGHM,,,,,,,CQQYGSSPPYTF,TGTCAGCAGTATGGTAGCTCACCTCCGTACACTTTT,IGKV3-20,None,IGKJ2,IGKC
259,clonotype332,"['clonotype332_consensus_1', 'clonotype332_consensus_2']",CARDLRFLDYYYYYYMDVW,TGTGCGAGAGACTTACGATTTTTAGATTACTACTACTACTACTACATGGACGTCTGG,IGHV3-7,IGHD3-3,IGHJ6,IGHM,,,,,,,CQQRSNWPQGTF,TGTCAGCAGCGTAGCAACTGGCCTCAGGGGACGTTC,IGKV3-11,None,IGKJ1,IGKC
260,clonotype333,"['clonotype333_consensus_2', 'clonotype333_consensus_1']",CAKDIVSRYYYGMDVW,TGTGCGAAAGATATAGTTAGTCGTTACTACTACGGTATGGACGTCTGG,IGHV3-30,IGHD5-5,IGHJ6,IGHM,CCSYAGSSTYVF,TGCTGCTCATATGCAGGTAGTAGCACTTATGTCTTC,IGLV2-23,None,IGLJ1,IGLC1,,,,,,
261,clonotype334,"['clonotype334_consensus_1', 'clonotype334_consensus_2']",CAKDDGPGGYSFFDYW,TGTGCGAAAGACGATGGTCCTGGGGGCTACTCATTCTTTGACTACTGG,IGHV3-23,IGHD3-10,IGHJ4,IGHM,CQTWGTALVF,TGTCAGACCTGGGGTACTGCCTTGGTATTC,IGLV4-69,None,IGLJ3,IGLC2,,,,,,
262,clonotype335,"['clonotype335_consensus_1', 'clonotype335_consensus_2']",CASSCSGGSCLDYW,TGTGCGAGTAGTTGTAGTGGTGGTAGCTGCCTTGACTACTGG,IGHV3-11,IGHD2-15,IGHJ4,IGHM,CCSYAGSYTLVF,TGCTGCTCATATGCAGGCAGCTACACTTTGGTATTC,IGLV2-11,None,IGLJ3,IGLC2,,,,,,
263,clonotype336,"['clonotype336_consensus_2', 'clonotype336_consensus_1']",CARDGVANGSSGFRYYFDYW,TGTGCGAGAGATGGGGTGGCCAATGGCAGCAGTGGCTTCCGCTACTACTTTGACTACTGG,IGHV3-21,IGHD6-19,IGHJ4,IGHM,,,,,,,CQQSYSTPPYTF,TGTCAACAGAGTTACAGTACCCCTCCCTACACTTTT,IGKV1-39,None,IGKJ2,IGKC
264,clonotype337,"['clonotype337_consensus_1', 'clonotype337_consensus_2']",CVRGGKKYFGVVIIDDALDIW,TGTGTGAGAGGCGGTAAAAAATATTTTGGAGTGGTTATTATCGATGATGCGCTTGATATCTGG,IGHV1-18,IGHD3-3,IGHJ3,IGHG1,CQTWGTDIQVF,TGTCAGACCTGGGGCACTGACATTCAGGTGTTC,IGLV4-69,None,IGLJ3,IGLC2,,,,,,
265,clonotype338,['clonotype338_consensus_1'],,,,,,,CNSRDSSGNHLNVF,TGTAACTCCCGGGACAGCAGTGGTAACCATCTAAATGTCTTC,IGLV3-19,None,IGLJ1,IGLC1,,,,,,
266,clonotype339,"['clonotype339_consensus_2', 'clonotype339_consensus_1']",CAKELLSVAAFDIW,TGTGCGAAAGAATTACTCTCCGTTGCCGCTTTTGATATCTGG,IGHV3-30,IGHD3-10,IGHJ3,IGHM,CQVWDSSSDHYVF,TGTCAGGTGTGGGATAGTAGTAGTGATCATTATGTCTTC,IGLV3-21,None,IGLJ1,IGLC2,,,,,,
267,clonotype34,"['clonotype34_consensus_2', 'clonotype34_consensus_1']",CTTRYCSSTSCPGGLVDVW,TGTACCACCCGATATTGTAGTAGTACCAGCTGCCCCGGCGGTTTGGTGGACGTCTGG,IGHV3-15,IGHD2-2,IGHJ6,IGHD,,,,,,,CMQALQTGYTF,TGCATGCAAGCTCTACAAACAGGGTACACTTTT,IGKV2-28,None,IGKJ2,IGKC
268,clonotype340,"['clonotype340_consensus_1', 'clonotype340_consensus_4', 'clonotype340_consensus_2', 'clonotype340_consensus_3']",CARGTVVTAIGGWFDPW,TGTGCGAGAGGCACGGTGGTGACTGCTATTGGGGGTTGGTTCGACCCCTGG,IGHV4-34,IGHD2-21,IGHJ5,IGHM,CQTWGTGIRVF,TGTCAGACCTGGGGCACTGGCATTCGGGTGTTC,IGLV4-69,None,IGLJ3,IGLC2,,,,,,
269,clonotype341,"['clonotype341_consensus_1', 'clonotype341_consensus_2']",CARETPYGASIDYW,TGTGCGAGAGAAACCCCCTACGGTGCCTCTATTGACTACTGG,IGHV4-59,IGHD4-17,IGHJ4,IGHD,,,,,,,CQQANSFRTF,TGTCAACAGGCTAACAGTTTCCGGACGTTC,IGKV1-12,None,IGKJ1,IGKC
270,clonotype342,['clonotype342_consensus_1'],,,,,,,CQAWDSSTYVF,TGTCAGGCGTGGGACAGCAGCACTTATGTCTTC,IGLV3-1,None,IGLJ1,IGLC1,,,,,,
271,clonotype343,"['clonotype343_consensus_2', 'clonotype343_consensus_3', 'clonotype343_consensus_1']",CARATYSPSGGYFDYW,TGTGCGAGAGCTACATACAGCCCGTCGGGGGGGTACTTTGACTACTGG,IGHV3-48,IGHD6-6,IGHJ4,IGHM,,,,,,,CQQSYSTSLTF,TGTCAACAGAGTTACAGTACCTCTCTCACTTTC,IGKV1-39,None,IGKJ4,IGKC
272,clonotype344,"['clonotype344_consensus_2', 'clonotype344_consensus_1']",CATGPAVAGTSDWFDPW,TGTGCAACAGGGCCCGCAGTGGCTGGTACGTCCGACTGGTTCGACCCCTGG,IGHV1-24,IGHD6-19,IGHJ5,IGHM,CYSTDSSGNHRVF,TGTTACTCAACAGACAGCAGTGGTAATCATAGGGTATTC,IGLV3-10,None,IGLJ3,IGLC2,,,,,,
273,clonotype345,"['clonotype345_consensus_3', 'clonotype345_consensus_2', 'clonotype345_consensus_1']",CARTGYSGYDLAYW,TGTGCGAGGACTGGATATAGTGGCTACGATCTGGCCTACTGG,IGHV3-11,IGHD5-12,IGHJ4,IGHM,CCSYAGSSLWVF,TGCTGCTCATATGCAGGTAGTAGCCTCTGGGTGTTC,IGLV2-23,None,IGLJ3,IGLC2,CMQATQFPNGYTF,TGCATGCAAGCTACACAGTTTCCTAATGGGTACACTTTT,IGKV2-28,None,IGKJ2,IGKC
274,clonotype346,"['clonotype346_consensus_2', 'clonotype346_consensus_1']",CARKLGYCSGGSCYPPTRFDPW,TGTGCGAGAAAACTAGGATATTGTAGTGGTGGTAGCTGCTACCCCCCCACAAGGTTCGACCCCTGG,IGHV4-39,IGHD2-15,IGHJ5,IGHM,,,,,,,CMQALQTPPFVTF,TGCATGCAAGCTCTACAAACTCCTCCTTTCGTCACTTTT,IGKV2-28,None,IGKJ2,IGKC
275,clonotype347,"['clonotype347_consensus_2', 'clonotype347_consensus_1']",CARGGYCSSTSCYGGYHDAFDIW,TGTGCAAGAGGTGGATATTGTAGTAGTACCAGCTGCTATGGCGGGTATCATGATGCTTTTGATATCTGG,IGHV3-13,IGHD2-2,IGHJ3,IGHM,CQAWDSSTWVF,TGTCAGGCGTGGGACAGCAGCACCTGGGTGTTC,IGLV3-1,None,IGLJ3,IGLC2,,,,,,
276,clonotype35,"['clonotype35_consensus_2', 'clonotype35_consensus_1']",CARGGRTYYYGSGSPGWDYW,TGTGCGAGAGGGGGCCGGACGTATTACTATGGTTCGGGGAGTCCCGGATGGGACTACTGG,IGHV1-3,IGHD3-10,IGHJ4,IGHM,,,,,,,CQQSYSTPPYTF,TGTCAACAGAGTTACAGTACCCCTCCGTACACTTTT,IGKV1-39,None,IGKJ2,IGKC
277,clonotype36,"['clonotype36_consensus_1', 'clonotype36_consensus_2']",CAKDRGVTTSVYFECW,TGTGCGAAAGATCGCGGGGTGACTACGTCTGTCTACTTTGAGTGCTGG,IGHV3-30,IGHD4-17,IGHJ4,IGHM,CAAWDDSLNGWVF,TGTGCAGCATGGGATGACAGCCTGAATGGTTGGGTGTTC,IGLV1-44,None,IGLJ3,IGLC3,,,,,,
278,clonotype37,"['clonotype37_consensus_1', 'clonotype37_consensus_2']",CASGGLSGYYGMDVW,TGTGCGAGTGGGGGCCTATCTGGCTACTACGGTATGGACGTCTGG,IGHV3-30,IGHD7-27,IGHJ6,IGHM,CQSYDSSNWVF,TGTCAGTCTTATGATAGCAGCAATTGGGTGTTC,IGLV6-57,None,IGLJ3,IGLC2,,,,,,
279,clonotype38,"['clonotype38_consensus_2', 'clonotype38_consensus_1']",CARSTVVTLDVGAFDIW,TGTGCGAGATCGACGGTGGTAACTCTGGACGTGGGTGCTTTTGATATCTGG,IGHV3-53,IGHD2-15,IGHJ3,IGHM,,,,,,,CQQSYSTTWTF,TGTCAACAGAGTTACAGTACCACGTGGACGTTC,IGKV1-39,None,IGKJ1,IGKC
280,clonotype39,"['clonotype39_consensus_2', 'clonotype39_consensus_1']",CARESDRYSSSWYPQYFQHW,TGTGCGAGAGAGAGCGATCGGTATAGCAGCAGCTGGTACCCACAATACTTCCAGCACTGG,IGHV1-3,IGHD6-13,IGHJ1,IGHM,,,,,,,CQQSYSTPITF,TGTCAACAGAGTTACAGTACCCCAATCACTTTC,IGKV1-39,None,IGKJ3,IGKC
281,clonotype4,"['clonotype4_consensus_2', 'clonotype4_consensus_1', 'clonotype4_consensus_3']",CARSSRQQVNWFDPW,TGTGCGAGATCGAGTCGGCAGCAGGTCAACTGGTTCGACCCCTGG,IGHV4-34,IGHD6-13,IGHJ5,IGHM,,,,,,,CMQALQTHTF,TGCATGCAAGCTCTACAAACCCACACCTTC,IGKV2-28,None,IGKJ5,IGKC
282,clonotype40,"['clonotype40_consensus_1', 'clonotype40_consensus_2']",CAREAGSSGRAGWFDPW,TGTGCGAGAGAGGCGGGCAGTAGTGGTAGGGCTGGCTGGTTCGACCCCTGG,IGHV3-30,IGHD2-15,IGHJ5,IGHM,,,,,,,CQQYDSYPLTF,TGCCAACAGTATGATTCTTACCCGCTCACTTTC,IGKV1-16,None,IGKJ4,IGKC
283,clonotype41,"['clonotype41_consensus_1', 'clonotype41_consensus_2']",CQTGMVRGVMDTDLW,TGTCAAACCGGTATGGTTCGGGGAGTTATGGACACAGACCTCTGG,IGHV3-15,IGHD3-10,IGHJ5,IGHM,CYSTDSSGNHRVF,TGTTACTCAACAGACAGCAGTGGTAATCATAGGGTATTC,IGLV3-10,None,IGLJ3,IGLC2,,,,,,
284,clonotype42,"['clonotype42_consensus_2', 'clonotype42_consensus_1']",CARGGIAVAGTRGVWAFDIW,TGTGCTAGAGGGGGTATAGCAGTGGCTGGTACACGGGGCGTATGGGCTTTTGATATCTGG,IGHV3-72,IGHD6-19,IGHJ3,IGHM,,,,,,,CQQSYSTPRTF,TGTCAACAGAGTTACAGTACCCCTCGAACGTTC,IGKV1-39,None,IGKJ1,IGKC
285,clonotype43,"['clonotype43_consensus_2', 'clonotype43_consensus_1']",CARGASWGDGGYYYYYYGMDVW,TGTGCGAGAGGGGCCTCGTGGGGGGACGGAGGATATTACTACTACTACTACGGTATGGACGTCTGG,IGHV1-46,IGHD3-16,IGHJ6,IGHD,CQSYDSSLSGYVF,TGCCAGTCCTATGACAGCAGCCTGAGTGGTTATGTCTTC,IGLV1-40,None,IGLJ1,IGLC1,,,,,,
286,clonotype44,"['clonotype44_consensus_1', 'clonotype44_consensus_2']",CAKILNYYDSSGYYTFDYW,TGTGCGAAGATTCTCAATTACTATGATAGTAGTGGTTATTACACCTTTGACTACTGG,IGHV3-30,IGHD3-22,IGHJ4,IGHM,CSSYTSSSTLYVF,TGCAGCTCATATACAAGCAGCAGCACTCTCTATGTCTTC,IGLV2-14,None,IGLJ1,IGLC1,,,,,,
287,clonotype45,"['clonotype45_consensus_2', 'clonotype45_consensus_1']",CARDFRVYSGSYYKYYYYYMDVW,TGTGCGAGAGATTTCCGCGTTTATTCGGGGAGTTATTATAAATACTACTACTACTACATGGACGTCTGG,IGHV3-30-3,IGHD3-10,IGHJ6,IGHM,CSSYTSSSTLGVF,TGCAGCTCATATACAAGCAGCAGCACTCTCGGAGTCTTC,IGLV2-14,None,IGLJ1,IGLC1,,,,,,
288,clonotype46,"['clonotype46_consensus_1', 'clonotype46_consensus_2']",CARDQPARLGYYYYGMDVW,TGTGCGAGAGATCAGCCAGCTCGTCTTGGTTACTACTACTACGGTATGGACGTCTGG,IGHV3-48,IGHD6-6,IGHJ6,IGHM,,,,,,,CQQRSNWPPWTF,TGTCAGCAGCGTAGCAACTGGCCCCCGTGGACGTTC,IGKV3-11,None,IGKJ1,IGKC
289,clonotype47,"['clonotype47_consensus_2', 'clonotype47_consensus_1']",CARQVGAIGYYGMDVW,TGTGCGAGGCAAGTGGGTGCTATCGGCTACTACGGTATGGACGTCTGG,IGHV5-51,IGHD1-26,IGHJ6,IGHM,,,,,,,CQQYNSSPFTF,TGCCAACAGTATAATAGTTCCCCATTCACTTTC,IGKV1-5,None,IGKJ3,IGKC
290,clonotype48,"['clonotype48_consensus_1', 'clonotype48_consensus_2']",CARALPAAIHPWFDPW,TGTGCAAGGGCCTTACCAGCTGCTATTCACCCCTGGTTCGACCCCTGG,IGHV6-1,IGHD2-2,IGHJ5,IGHM,,,,,,,CQQYYSTPYPF,TGTCAGCAATATTATAGTACTCCTTACCCTTTC,IGKV4-1,None,IGKJ3,IGKC
291,clonotype49,"['clonotype49_consensus_1', 'clonotype49_consensus_2']",CARGRASIAAAGTPSDYW,TGTGCGAGAGGGAGGGCTAGTATAGCAGCAGCTGGGACCCCCTCTGACTACTGG,IGHV1-3,IGHD6-13,IGHJ4,IGHD,,,,,,,CMQALQTPLTF,TGCATGCAAGCTCTACAAACCCCGCTCACTTTC,IGKV2-28,None,IGKJ4,IGKC
292,clonotype5,"['clonotype5_consensus_2', 'clonotype5_consensus_1']",CARHLNSGIVETSIDYW,TGTGCGAGACATCTAAATAGCGGTATAGTGGAAACATCGATCGACTATTGG,IGHV4-39,IGHD1-26,IGHJ4,IGHM,,,,,,,CQQYYNIPLTF,TGTCAGCAATATTATAATATTCCTCTCACTTTC,IGKV4-1,None,IGKJ4,IGKC
293,clonotype50,"['clonotype50_consensus_1', 'clonotype50_consensus_2']",CAKGDYDILTGYKPYYFDYW,TGTGCGAAAGGCGATTACGATATTTTGACTGGTTATAAACCGTACTACTTTGACTACTGG,IGHV3-23,IGHD3-9,IGHJ4,IGHD,,,,,,,CMQRIEFPMYTF,TGCATGCAACGTATAGAGTTTCCTATGTACACTTTT,IGKV2-40,None,IGKJ2,IGKC
294,clonotype51,"['clonotype51_consensus_2', 'clonotype51_consensus_1']",CTTEDIVVVVAALQQPW,TGTACCACAGAAGATATTGTGGTGGTGGTAGCTGCTCTTCAACAACCCTGG,IGHV3-15,IGHD2-15,IGHJ5,IGHM,CAAWDDSLNAFYVF,TGTGCAGCATGGGATGACAGCCTGAATGCCTTTTATGTCTTC,IGLV1-44,None,IGLJ1,IGLC1,,,,,,
295,clonotype52,"['clonotype52_consensus_1', 'clonotype52_consensus_2', 'clonotype52_consensus_3']",CARGGGDSAVGDYYYGMDVW,TGTGCGAGAGGCGGGGGTGACTCCGCCGTAGGTGACTACTACTACGGTATGGACGTCTGG,IGHV4-31,IGHD2-21,IGHJ6,IGHM,,,,,,,CLQHDNFPLWTF,TGTCTACAACATGATAATTTCCCTCTGTGGACGTTC,IGKV5-2,None,IGKJ1,IGKC
296,clonotype53,"['clonotype53_consensus_1', 'clonotype53_consensus_2']",CARDQPVLRYFDWLLGNGMDVW,TGTGCGAGAGACCAGCCCGTTTTACGATATTTTGACTGGTTATTGGGGAACGGTATGGACGTCTGG,IGHV3-21,IGHD3-9,IGHJ6,IGHG1,CCSYAGSYTFWVF,TGCTGCTCATATGCAGGCAGCTACACTTTTTGGGTGTTC,IGLV2-11,None,IGLJ3,IGLC2,,,,,,
297,clonotype54,['clonotype54_consensus_1'],,,,,,,CCSYAGSSTYVF,TGCTGCTCATATGCAGGTAGTAGCACTTATGTCTTC,IGLV2-23,None,IGLJ1,IGLC1,,,,,,
298,clonotype55,"['clonotype55_consensus_1', 'clonotype55_consensus_2']",CARLTSPMIAIGNDAFDIW,TGTGCGAGACTGACATCGCCTATGATAGCGATAGGGAATGATGCTTTTGATATCTGG,IGHV5-51,IGHD3-22,IGHJ3,IGHM,,,,,,,CQQRSNWLYTF,TGTCAGCAGCGTAGCAACTGGCTTTACACTTTT,IGKV3-11,None,IGKJ2,IGKC
299,clonotype56,"['clonotype56_consensus_2', 'clonotype56_consensus_1']",CARDWYSSSWSRWWNKNGGGSWFDPW,TGTGCGAGAGATTGGTATAGCAGCAGCTGGTCCCGGTGGTGGAATAAAAACGGTGGGGGTAGCTGGTTCGACCCCTGG,IGHV3-48,IGHD6-13,IGHJ5,IGHM,,,,,,,CQQYNSYGITF,TGCCAACAGTATAATAGTTATGGGATCACCTTC,IGKV1-5,None,IGKJ5,IGKC
300,clonotype57,"['clonotype57_consensus_1', 'clonotype57_consensus_2']",CARHSYGRNWFDPW,TGTGCGAGACACAGCTATGGTCGGAACTGGTTCGACCCCTGG,IGHV4-34,IGHD5-5,IGHJ5,IGHM,CGTWDSSLSAGVF,TGCGGAACATGGGATAGCAGCCTGAGTGCTGGGGTCTTC,IGLV1-51,None,IGLJ1,IGLC1,,,,,,
301,clonotype58,"['clonotype58_consensus_1', 'clonotype58_consensus_2']",CARATRTTYYYDSGDAFDIW,TGTGCGAGAGCCACGCGAACCACGTATTACTATGATAGTGGGGATGCTTTTGATATCTGG,IGHV3-7,IGHD3-22,IGHJ3,IGHM,,,,,,,CQQYYSYPFTF,TGTCAACAGTATTATAGTTACCCATTCACTTTC,IGKV1-8,None,IGKJ3,IGKC
302,clonotype59,"['clonotype59_consensus_2', 'clonotype59_consensus_1']",CARDSLDIRSVTPGGFDYW,TGTGCGAGAGATTCATTGGATATCCGCTCGGTGACCCCGGGGGGCTTTGACTACTGG,IGHV4-31,IGHD6-6,IGHJ4,IGHM,,,,,,,CLQHNSYPPTF,TGTCTACAGCATAATAGTTACCCTCCCACTTTT,IGKV1-17,None,IGKJ2,IGKC
303,clonotype6,"['clonotype6_consensus_2', 'clonotype6_consensus_1']",CARLRLLYSSGPKACFDYW,TGTGCGAGGCTACGCCTCCTCTATAGCAGTGGACCTAAAGCGTGTTTTGACTACTGG,IGHV4-4,IGHD6-19,IGHJ4,IGHM,,,,,,,CQQYYSYPRTF,TGTCAACAGTATTATAGTTACCCTCGGACTTTT,IGKV1-8,None,IGKJ2,IGKC
304,clonotype60,"['clonotype60_consensus_2', 'clonotype60_consensus_1']",CASTGTRRDGYNSDFDYW,TGTGCGAGCACTGGCACCCGTAGAGATGGCTACAATTCGGACTTTGACTACTGG,IGHV3-21,IGHD5-12,IGHJ4,IGHM,CGTWDSSLSAGVF,TGCGGAACATGGGATAGCAGCCTGAGTGCTGGGGTGTTC,IGLV1-51,None,IGLJ3,IGLC2,,,,,,
305,clonotype61,"['clonotype61_consensus_3', 'clonotype61_consensus_2', 'clonotype61_consensus_1']",CTTISSSPGYW,TGTACCACAATAAGCAGCTCGCCGGGCTACTGG,IGHV3-15,IGHD6-6,IGHJ4,IGHM,CYSTDSSGNHRGVF,TGTTACTCAACAGACAGCAGTGGTAATCATAGAGGGGTATTC,IGLV3-10,None,IGLJ3,IGLC2,CQQYYSTPGHF,TGTCAGCAATATTATAGTACTCCGGGACACTTTT,IGKV4-1,None,IGKJ2,IGKC
306,clonotype62,"['clonotype62_consensus_2', 'clonotype62_consensus_1']",CARRSAVAGTGGYYFDYW,TGTGCGAGACGAAGCGCAGTGGCTGGTACGGGGGGGTACTACTTTGACTACTGG,IGHV4-39,IGHD6-19,IGHJ4,IGHM,CQAWDSSTVVF,TGTCAGGCGTGGGACAGCAGCACCGTGGTATTC,IGLV3-1,None,IGLJ3,IGLC2,,,,,,
307,clonotype63,"['clonotype63_consensus_1', 'clonotype63_consensus_2']",CARLSSSKWAAGFNWFDPW,TGTGCGAGACTAAGCAGTTCTAAATGGGCAGCTGGCTTCAACTGGTTCGACCCCTGG,IGHV4-59,IGHD6-13,IGHJ5,IGHM,,,,,,,CQQSYSTPPTF,TGTCAACAGAGTTACAGTACCCCTCCCACGTTC,IGKV1-39,None,IGKJ1,IGKC
308,clonotype64,"['clonotype64_consensus_2', 'clonotype64_consensus_1']",CARDRGYYDILTGQNLRYGMDVW,TGTGCGAGAGATCGCGGGTATTACGATATTTTGACTGGCCAGAACCTACGCTACGGTATGGACGTCTGG,IGHV1-46,IGHD3-9,IGHJ6,IGHM,CQSYDSSLSGSGVF,TGCCAGTCCTATGACAGCAGCCTGAGTGGTTCGGGAGTGTTC,IGLV1-40,None,IGLJ3,IGLC2,,,,,,
309,clonotype65,"['clonotype65_consensus_1', 'clonotype65_consensus_2']",CAKVIQLRFLEWLLGFDYW,TGTGCGAAAGTTATCCAATTACGATTTTTGGAGTGGTTATTAGGTTTTGACTACTGG,IGHV3-23,IGHD3-3,IGHJ4,IGHM,CAAWDDSLNGVVF,TGTGCAGCATGGGATGACAGCCTGAATGGTGTGGTATTC,IGLV1-44,None,IGLJ3,IGLC2,,,,,,
310,clonotype66,"['clonotype66_consensus_1', 'clonotype66_consensus_2']",CARGYNWNDGAFDIW,TGTGCGAGAGGGTACAACTGGAACGACGGTGCTTTTGATATCTGG,IGHV3-21,IGHD1-1,IGHJ3,IGHM,,,,,,,CQQLNSYPYTF,TGTCAACAGCTTAATAGTTACCCGTACACTTTT,IGKV1-9,None,IGKJ2,IGKC
311,clonotype67,"['clonotype67_consensus_1', 'clonotype67_consensus_2']",CARDQYDSSGYYYDAYLFFDYW,TGTGCGAGAGATCAATATGATAGTAGTGGTTATTACTACGACGCTTATCTTTTCTTTGACTACTGG,IGHV3-48,IGHD3-22,IGHJ4,IGHM,CQVWDSSSDHVVF,TGTCAGGTGTGGGATAGTAGTAGTGATCATGTGGTATTC,IGLV3-21,None,IGLJ3,IGLC2,,,,,,
312,clonotype68,"['clonotype68_consensus_2', 'clonotype68_consensus_1']",CTTDPEDIVVVALGGPW,TGTACCACAGATCCGGAGGATATTGTAGTGGTGGCCCTCGGGGGGCCCTGG,IGHV3-15,IGHD2-15,IGHJ5,IGHM,CQVWDSSSDHYVF,TGTCAGGTGTGGGATAGTAGTAGTGATCATTATGTCTTC,IGLV3-21,None,IGLJ1,IGLC1,,,,,,
313,clonotype69,"['clonotype69_consensus_2', 'clonotype69_consensus_1']",CARAYGDYEGYGMDVW,TGTGCGAGAGCATACGGTGACTACGAGGGCTACGGTATGGACGTCTGG,IGHV1-8,IGHD4-17,IGHJ6,IGHM,CQVWDSSSDHWVF,TGTCAGGTGTGGGATAGTAGTAGTGATCATTGGGTGTTC,IGLV3-21,None,IGLJ3,IGLC2,,,,,,
314,clonotype7,"['clonotype7_consensus_1', 'clonotype7_consensus_2']",CARRGRSITMVRGAQTYYYYMDVW,TGTGCGAGACGTGGCAGGAGTATTACTATGGTTCGGGGAGCCCAGACCTACTACTACTACATGGACGTCTGG,IGHV5-10-1,IGHD3-10,IGHJ6,IGHM,,,,,,,CQQSYSTPWTF,TGTCAACAGAGTTACAGTACCCCGTGGACGTTC,IGKV1-39,None,IGKJ1,IGKC
315,clonotype70,"['clonotype70_consensus_1', 'clonotype70_consensus_2']",CAREGSLGAFDIW,TGTGCGAGAGAGGGCTCCCTGGGCGCTTTTGATATCTGG,IGHV3-7,IGHD1-26,IGHJ3,IGHD,,,,,,,CQQYNSYPYTF,TGCCAACAGTATAATAGTTACCCGTACACTTTT,IGKV1-5,None,IGKJ2,IGKC
316,clonotype71,"['clonotype71_consensus_2', 'clonotype71_consensus_1']",CARRAGSEYGYFAQAGGMDVW,TGTGCGAGACGAGCGGGGAGTGAATATGGTTACTTTGCGCAGGCGGGCGGTATGGACGTCTGG,IGHV5-51,IGHD3-10,IGHJ6,IGHM,CAAWDDSLSGVVF,TGTGCAGCATGGGATGACAGCCTGAGTGGTGTGGTATTC,IGLV1-47,None,IGLJ3,IGLC3,,,,,,
317,clonotype72,"['clonotype72_consensus_2', 'clonotype72_consensus_1']",CAREGNLHYYYYYMDVW,TGTGCGAGAGAGGGAAACTTGCACTACTACTACTACTACATGGACGTCTGG,IGHV3-30,IGHD3-3,IGHJ6,IGHD,CQSADSSGTYYVF,TGTCAATCAGCAGACAGCAGTGGTACCTATTATGTCTTC,IGLV3-25,None,IGLJ1,IGLC1,,,,,,
318,clonotype73,"['clonotype73_consensus_2', 'clonotype73_consensus_1']",CARGGFPILYGSGRKIGQYYYGMDVW,TGTGCGAGAGGGGGCTTTCCGATCCTTTATGGTTCGGGGAGAAAAATCGGGCAGTACTACTACGGTATGGACGTCTGG,IGHV4-59,IGHD3-10,IGHJ6,IGHM,,,,,,,CMQALQTPYTF,TGCATGCAAGCTCTACAAACCCCGTACACTTTT,IGKV2-28,None,IGKJ2,IGKC
319,clonotype74,"['clonotype74_consensus_1', 'clonotype74_consensus_2']",CARGLLRSTSCDFDYW,TGTGCGAGAGGCCTACTCCGTAGTACCAGCTGCGATTTTGACTACTGG,IGHV4-34,IGHD2-2,IGHJ4,IGHD,,,,,,,CQQSYSTPRAF,TGTCAACAGAGTTACAGTACCCCCCGGGCTTTC,IGKV1-39,None,IGKJ3,IGKC
320,clonotype75,"['clonotype75_consensus_1', 'clonotype75_consensus_2']",CARAKWLRSYYFDYW,TGTGCGAGAGCTAAGTGGCTACGATCGTACTACTTTGACTACTGG,IGHV3-48,IGHD5-12,IGHJ4,IGHD,,,,,,,CQQYDNPPLTF,TGTCAACAGTATGATAATCCCCCGCTCACTTTC,IGKV1-33,None,IGKJ4,IGKC
321,clonotype76,"['clonotype76_consensus_1', 'clonotype76_consensus_2']",CAYLPIWFGDPFDYW,TGTGCCTATCTCCCTATATGGTTCGGGGACCCCTTTGACTACTGG,IGHV3-48,IGHD3-10,IGHJ4,IGHM,,,,,,,CMQALQTPLSL,TGCATGCAAGCTCTACAAACTCCCCTTTCACTT,IGKV2-28,None,IGKJ3,IGKC
322,clonotype77,['clonotype77_consensus_1'],,,,,,,,,,,,,CQQTYTYARNF,TGTCAACAGACTTACACTTACGCGAGAAATTTT,IGKV1-39,None,IGKJ2,IGKC
323,clonotype78,"['clonotype78_consensus_2', 'clonotype78_consensus_1']",CARVRPGVGPPFDAFDIW,TGTGCGAGAGTCCGGCCCGGGGTCGGTCCTCCTTTTGATGCTTTTGATATCTGG,IGHV1-69,IGHD2-15,IGHJ3,IGHM,,,,,,,CQQYNSYWTF,TGCCAACAGTATAATAGTTATTGGACGTTC,IGKV1-5,None,IGKJ1,IGKC
324,clonotype79,"['clonotype79_consensus_1', 'clonotype79_consensus_2']",CTKDVRSSSLTVVVILDAFDIW,TGTACGAAAGATGTCCGAAGTAGTTCTTTGACAGTAGTGGTCATCCTGGATGCTTTTGATATCTGG,IGHV3-23,IGHD3-22,IGHJ3,IGHM,,,,,,,CQQYYSTPPCTF,TGTCAGCAATATTATAGTACTCCTCCGTGCACTTTT,IGKV4-1,None,IGKJ2,IGKC
325,clonotype8,"['clonotype8_consensus_1', 'clonotype8_consensus_2']",CAKRTDGWFGELSDW,TGTGCGAAACGGACTGATGGATGGTTCGGGGAGTTATCCGACTGG,IGHV3-23,IGHD3-10,IGHJ4,IGHD,,,,,,,CQQLNSYPFTF,TGTCAACAGCTTAATAGTTACCCATTCACTTTC,IGKV1-9,None,IGKJ3,IGKC
326,clonotype80,"['clonotype80_consensus_2', 'clonotype80_consensus_1']",CARLRSGGMGGWSTAIDYW,TGTGCGAGACTTCGTAGTGGTGGTATGGGTGGGTGGTCTACCGCCATTGACTACTGG,IGHV5-10-1,IGHD2-15,IGHJ4,IGHM,CSSYAGSNNMVF,TGCAGCTCATATGCAGGCAGCAACAACATGGTTTTC,IGLV2-8,None,IGLJ3,IGLC3,,,,,,
327,clonotype81,"['clonotype81_consensus_2', 'clonotype81_consensus_1']",CARAGLGSGSFTYYYGMDVW,TGTGCGAGAGCAGGTTTAGGTTCGGGGAGTTTCACTTACTACTACGGTATGGACGTCTGG,IGHV1-18,IGHD3-10,IGHJ6,IGHM,,,,,,,CQQYGSSPRTF,TGTCAGCAGTATGGTAGCTCACCTCGCACTTTC,IGKV3-20,None,IGKJ4,IGKC
328,clonotype82,"['clonotype82_consensus_1', 'clonotype82_consensus_2']",CAREGRWLQVNDYW,TGTGCAAGAGAGGGGAGATGGCTACAAGTGAATGACTACTGG,IGHV3-74,IGHD2-21,IGHJ4,IGHM,,,,,,,CQQYGSSPPVTF,TGTCAGCAGTATGGTAGCTCACCTCCGGTCACTTTT,IGKV3-20,None,IGKJ2,IGKC
329,clonotype83,"['clonotype83_consensus_2', 'clonotype83_consensus_1']",CARVGGMTSQPPYYYYYGMDVW,TGTGCGAGAGTGGGTGGGATGACTAGCCAACCCCCTTACTACTACTACTACGGTATGGACGTCTGG,IGHV3-48,IGHD2-21,IGHJ6,IGHM,,,,,,,CQQYGSSPRWTF,TGTCAGCAGTATGGTAGCTCACCTCGGTGGACGTTC,IGKV3-20,None,IGKJ1,IGKC
330,clonotype84,"['clonotype84_consensus_1', 'clonotype84_consensus_2']",CARYPLGVSSPMVRGVINYYYYGMDVW,TGTGCGAGATACCCTCTAGGGGTAAGCTCCCCTATGGTTCGGGGAGTTATTAACTACTACTACTACGGTATGGACGTCTGG,IGHV5-10-1,IGHD3-10,IGHJ6,IGHD,,,,,,,CQQYDNLPPEVTF,TGTCAACAGTATGATAATCTCCCTCCGGAGGTCACTTTC,IGKV1-33,None,IGKJ4,IGKC
331,clonotype85,"['clonotype85_consensus_1', 'clonotype85_consensus_2']",CAREPVLRYFDWTRHSYYFDYW,TGTGCGAGAGAGCCTGTATTACGATATTTTGACTGGACCCGACACTCGTACTACTTTGACTACTGG,IGHV3-21,IGHD3-9,IGHJ4,IGHM,CSSYAGSNNVVF,TGCAGCTCATATGCAGGCAGCAACAATGTGGTATTC,IGLV2-8,None,IGLJ3,IGLC2,,,,,,
332,clonotype86,"['clonotype86_consensus_2', 'clonotype86_consensus_1']",CTYQGMYYFDSTGSYVNYW,TGTACTTACCAGGGGATGTATTACTTTGATAGTACTGGTTCTTATGTAAACTACTGG,IGHV3-73,IGHD3-22,IGHJ4,IGHM,CSSYTSSSTVVF,TGCAGCTCATATACAAGCAGCAGCACTGTGGTATTC,IGLV2-14,None,IGLJ3,IGLC2,,,,,,
333,clonotype87,"['clonotype87_consensus_1', 'clonotype87_consensus_2']",CAKDGATAARTFDYW,TGTGCGAAAGATGGAGCAACAGCAGCTCGCACATTTGACTACTGG,IGHV3-30,IGHD6-13,IGHJ4,IGHM,,,,,,,CQQSYSTDITF,TGTCAACAGAGTTACAGTACCGATATCACTTTC,IGKV1-39,None,IGKJ3,IGKC
334,clonotype88,"['clonotype88_consensus_2', 'clonotype88_consensus_1']",CARVPTYYYDSSGSKGGMDVW,TGTGCTAGAGTCCCCACGTATTACTATGATAGTAGTGGTTCCAAGGGGGGTATGGACGTCTGG,IGHV3-72,IGHD3-22,IGHJ6,IGHM,,,,,,,CQQLNSYPFTF,TGTCAACAGCTTAATAGTTACCCATTCACTTTC,IGKV1-8,None,IGKJ3,IGKC
335,clonotype89,"['clonotype89_consensus_1', 'clonotype89_consensus_2']",CAKGGSSSWYTWFDPW,TGTGCGAAAGGTGGGAGCAGCAGCTGGTATACGTGGTTCGACCCCTGG,IGHV1-3,IGHD6-13,IGHJ5,IGHM,,,,,,,CQQYYSTPPTF,TGTCAGCAATATTATAGTACTCCTCCGACGTTC,IGKV4-1,None,IGKJ1,IGKC
336,clonotype9,"['clonotype9_consensus_2', 'clonotype9_consensus_1']",CARERVIGIFGVVTAFDIW,TGTGCGAGAGAGAGGGTCATAGGGATTTTTGGAGTGGTTACTGCTTTTGATATCTGG,IGHV7-4-1,IGHD3-3,IGHJ3,IGHM,CLLSYSGARVF,TGCTTGCTCTCCTATAGTGGTGCTCGGGTGTTC,IGLV7-46,None,IGLJ3,IGLC2,,,,,,
337,clonotype90,"['clonotype90_consensus_2', 'clonotype90_consensus_1']",CARDLTGTAQYFQHW,TGTGCGAGAGATTTAACTGGAACTGCCCAATACTTCCAACACTGG,IGHV3-11,IGHD1-7,IGHJ1,IGHM,,,,,,,CQQYGSSPRTF,TGTCAGCAGTATGGTAGCTCACCCCGGACGTTC,IGKV3-20,None,IGKJ1,IGKC
338,clonotype91,"['clonotype91_consensus_2', 'clonotype91_consensus_1']",CARLIVGQSCSGGSCWPIDYW,TGTGCGAGACTGATTGTAGGTCAGAGTTGTAGTGGTGGTAGCTGCTGGCCAATTGACTACTGG,IGHV4-4,IGHD2-15,IGHJ4,IGHM,CYSTDSSGNCWVF,TGTTACTCAACAGACAGCAGTGGTAATTGTTGGGTGTTC,IGLV3-10,None,IGLJ3,IGLC2,,,,,,
339,clonotype92,"['clonotype92_consensus_2', 'clonotype92_consensus_1']",CARLAVTTFHYYYYGMDVW,TGTGCGAGACTAGCGGTGACTACGTTCCACTACTACTACTACGGTATGGACGTCTGG,IGHV4-39,IGHD4-17,IGHJ6,IGHM,,,,,,,CQQANSFPYTF,TGTCAACAGGCTAACAGTTTCCCGTACACTTTT,IGKV1-12,None,IGKJ2,IGKC
340,clonotype93,"['clonotype93_consensus_1', 'clonotype93_consensus_2']",CTTEGFSSSWLDYW,TGTACCACAGAGGGGTTTAGCAGCAGCTGGCTTGACTACTGG,IGHV3-15,IGHD6-13,IGHJ4,IGHA1,,,,,,,CLQHSSYPLTF,TGTCTACAGCATAGTAGTTATCCCCTCACTTTC,IGKV1-17,None,IGKJ4,IGKC
341,clonotype94,"['clonotype94_consensus_1', 'clonotype94_consensus_2']",CARWIQLWGGPSYYYYGMDVW,TGTGCGAGATGGATACAGCTATGGGGGGGACCAAGTTACTACTACTACGGTATGGACGTCTGG,IGHV3-21,IGHD5-5,IGHJ6,IGHD,CNSRDSSGNNVVF,TGTAACTCCCGGGACAGCAGTGGTAACAATGTGGTATTC,IGLV3-19,None,IGLJ3,IGLC2,,,,,,
342,clonotype95,"['clonotype95_consensus_1', 'clonotype95_consensus_2']",CARLITFGGVIVYW,TGTGCGAGATTGATTACGTTTGGGGGAGTTATCGTTTACTGG,IGHV5-51,IGHD3-16,IGHJ4,IGHM,,,,,,,CQQYGSSPYTF,TGTCAGCAGTATGGTAGCTCACCGTACACTTTT,IGKV3-20,None,IGKJ2,IGKC
343,clonotype96,"['clonotype96_consensus_2', 'clonotype96_consensus_1']",CARVELLWFGEPHPFDIW,TGTGCGAGAGTTGAATTACTATGGTTCGGGGAGCCCCATCCTTTTGATATCTGG,IGHV3-21,IGHD3-10,IGHJ3,IGHD,,,,,,,CQQYNSYSPYTF,TGCCAACAGTATAATAGTTATTCTCCGTACACTTTT,IGKV1-5,None,IGKJ2,IGKC
344,clonotype97,"['clonotype97_consensus_1', 'clonotype97_consensus_2']",CARSPKLRYFDWLLQWFDPW,TGTGCGAGATCCCCCAAATTACGATATTTTGACTGGTTATTACAATGGTTCGACCCCTGG,IGHV3-21,IGHD3-9,IGHJ5,IGHD,,,,,,,CQQYNNWPLYTF,TGTCAGCAGTATAATAACTGGCCTTTGTACACTTTT,IGKV3D-15,None,IGKJ2,IGKC
345,clonotype98,"['clonotype98_consensus_1', 'clonotype98_consensus_2']",CAREVVSYRRANFFDYW,TGTGCGAGAGAAGTAGTGTCGTACAGGAGGGCCAACTTTTTTGACTACTGG,IGHV4-31,IGHD2-8,IGHJ4,IGHM,,,,,,,CQQSYSTPRTF,TGTCAACAGAGTTACAGTACCCCTCGGACTTTT,IGKV1-39,None,IGKJ2,IGKC
346,clonotype99,"['clonotype99_consensus_1', 'clonotype99_consensus_2']",CATGLGYCSGGSCWGSYFDYW,TGTGCGACCGGCCTAGGATATTGTAGTGGTGGTAGCTGCTGGGGGTCCTACTTTGACTACTGG,IGHV1-46,IGHD2-15,IGHJ4,IGHD,,,,,,,CQQYGSSPQLTF,TGTCAGCAGTATGGTAGCTCACCTCAGCTCACTTTC,IGKV3D-20,None,IGKJ4,IGKC
