,clonotype_id,consensus_id,length,chain,v_gene,d_gene,j_gene,c_gene,full_length,productive,cdr3,cdr3_nt
0,clonotype1,clonotype1_consensus_2,620,IGH,IGHV3-49,IGHD3-10,IGHJ6,IGHD,True,True,CTTQGWNTVYYYYGMDVW,TGTACTACCCAGGGGTGGAACACAGTCTACTACTACTACGGTATGGACGTCTGG
1,clonotype1,clonotype1_consensus_1,665,IGK,IGKV1-27,None,IGKJ4,IGKC,True,True,CQKYNSAPLTF,TGTCAAAAGTATAACAGTGCCCCTCTCACTTTC
2,clonotype10,clonotype10_consensus_2,661,IGK,IGKV1-39,None,IGKJ4,IGKC,True,True,CQQSYSTPLTF,TGTCAACAGAGTTACAGTACCCCCCTCACTTTC
3,clonotype10,clonotype10_consensus_1,582,IGH,IGHV1-69,IGHD3-9,IGHJ3,IGHM,True,True,CARDLKERYFDWLLYPGDAFDIW,TGTGCGAGAGATCTCAAGGAACGATATTTTGACTGGTTATTATACCCAGGTGATGCTTTTGATATCTGG
4,clonotype100,clonotype100_consensus_1,687,IGK,IGKV3-15,None,IGKJ4,IGKC,True,True,CQQYNNWPLLTF,TGTCAGCAGTATAATAACTGGCCTCTTCTCACTTTC
5,clonotype100,clonotype100_consensus_2,578,IGH,IGHV3-23,IGHD6-13,IGHJ4,IGHM,True,True,CAVRLDSSSWYYFDYW,TGTGCGGTCCGTCTAGATAGCAGCAGCTGGTACTATTTTGACTACTGG
6,clonotype101,clonotype101_consensus_1,692,IGL,IGLV3-25,None,IGLJ3,IGLC2,True,True,CQSADSSGTYVVF,TGTCAATCAGCAGACAGCAGTGGTACTTATGTGGTATTC
7,clonotype101,clonotype101_consensus_2,581,IGH,IGHV4-61,IGHD3-22,IGHJ5,IGHM,True,True,CARVCEGSSGYYYVGWFDPW,TGTGCGAGAGTCTGTGAGGGTAGTAGTGGTTATTACTACGTAGGCTGGTTCGACCCCTGG
8,clonotype102,clonotype102_consensus_1,664,IGK,IGKV1-39,None,IGKJ1,IGKC,True,True,CQQSYPSLWTF,TGTCAACAGAGTTACCCTTCCCTGTGGACGTTC
9,clonotype102,clonotype102_consensus_2,764,IGH,IGHV4-31,IGHD1-26,IGHJ4,IGHG3,True,True,CARTQAHRAFDFW,TGTGCGAGGACACAAGCTCACAGGGCTTTTGACTTCTGG
10,clonotype103,clonotype103_consensus_1,759,IGL,IGLV3-1,None,IGLJ3,IGLC2,True,True,CQAWDSSTVVF,TGTCAGGCGTGGGACAGCAGCACTGTGGTATTC
11,clonotype104,clonotype104_consensus_2,753,IGH,IGHV1-2,IGHD3-10,IGHJ5,IGHM,True,True,CARNYKYGSGRDDWFDPW,TGTGCGAGAAACTACAAATATGGTTCGGGGAGAGATGACTGGTTCGACCCCTGG
12,clonotype104,clonotype104_consensus_1,698,IGL,IGLV1-40,None,IGLJ3,IGLC2,True,True,CQSYDSSLSGSRVF,TGCCAGTCCTATGACAGCAGCCTGAGTGGTTCGAGAGTGTTC
13,clonotype105,clonotype105_consensus_2,690,IGK,IGKV3-11,None,IGKJ2,IGKC,True,True,CQQRSNWPPGYSF,TGTCAGCAGCGTAGCAACTGGCCTCCGGGGTACAGTTTT
14,clonotype105,clonotype105_consensus_1,765,IGH,IGHV1-8,IGHD2-2,IGHJ6,IGHG1,True,True,CARALAAGTIYYYGMDVW,TGTGCGAGAGCATTAGCAGCTGGCACGATCTACTACTACGGGATGGACGTCTGG
15,clonotype106,clonotype106_consensus_2,715,IGL,IGLV3-19,None,IGLJ3,IGLC2,True,True,CNSRDSSGNHLVF,TGTAACTCCCGGGACAGCAGTGGTAACCATCTGGTGTTC
16,clonotype106,clonotype106_consensus_1,749,IGH,IGHV4-39,IGHD6-19,IGHJ4,IGHM,True,True,CARIYSSGWYRYPRDHQFDYW,TGTGCGAGGATCTATAGCAGTGGCTGGTACCGGTACCCTCGAGACCACCAATTTGACTACTGG
17,clonotype107,clonotype107_consensus_2,592,IGH,IGHV3-33,IGHD3-22,IGHJ2,IGHM,True,True,CAKNAHYDSSRLWYFDLW,TGTGCGAAAAATGCCCACTATGATAGTAGCCGGCTTTGGTACTTCGATCTCTGG
18,clonotype107,clonotype107_consensus_1,759,IGL,IGLV3-1,None,IGLJ3,IGLC2,True,True,CQAWDSSTVVF,TGTCAGGCGTGGGACAGCAGCACTGTGGTATTC
19,clonotype108,clonotype108_consensus_2,753,IGH,IGHV1-2,IGHD2-8,IGHJ5,IGHD,True,True,CARDQQVYAIFRGVDPW,TGTGCGAGAGATCAACAGGTGTATGCTATTTTTCGGGGGGTCGACCCCTGG
20,clonotype108,clonotype108_consensus_1,771,IGL,IGLV1-51,None,IGLJ3,IGLC3,True,True,CGTWDSSLSAGVF,TGCGGAACATGGGATAGCAGCCTGAGTGCTGGGGTGTTC
21,clonotype109,clonotype109_consensus_1,778,IGL,IGLV1-47,None,IGLJ3,IGLC3,True,True,CTTWDDSLSAWVF,TGTACAACATGGGATGACAGCCTGAGTGCTTGGGTGTTC
22,clonotype109,clonotype109_consensus_2,666,IGH,IGHV3-7,IGHD6-25,IGHJ4,IGHA1,True,True,CARDFAAVPAYW,TGTGCGAGAGATTTCGCGGCAGTACCTGCCTACTGG
23,clonotype11,clonotype11_consensus_1,658,IGK,IGKV1-39,None,IGKJ2,IGKC,True,True,CQQSYSTPYTF,TGTCAACAGAGTTACAGTACCCCGTACACTTTT
24,clonotype11,clonotype11_consensus_2,578,IGH,IGHV3-21,IGHD2-2,IGHJ6,IGHM,True,True,CARDRGVW,TGTGCGAGAGACAGGGGCGTCTGG
25,clonotype110,clonotype110_consensus_2,576,IGH,IGHV3-23,IGHD3-10,IGHJ4,IGHM,True,True,CAKDNDYMALCIDYW,TGTGCGAAAGATAATGACTACATGGCCCTTTGTATTGACTACTGG
26,clonotype110,clonotype110_consensus_1,683,IGK,IGKV1-8,None,IGKJ1,IGKC,True,True,CQQYYSYPPAF,TGTCAACAGTATTATAGTTACCCTCCGGCGTTC
27,clonotype111,clonotype111_consensus_1,618,IGH,IGHV3-33,IGHD3-10,IGHJ4,IGHM,True,True,CAKDLVYYGSGSHTPFDYW,TGTGCGAAAGATCTCGTATACTATGGTTCGGGGAGTCACACCCCCTTTGACTACTGG
28,clonotype111,clonotype111_consensus_2,660,IGK,IGKV1-39,None,IGKJ2,IGKC,True,True,CQQSYSTPYTF,TGTCAACAGAGTTACAGTACCCCGTACACTTTT
29,clonotype112,clonotype112_consensus_3,785,IGL,IGLV3-21,None,IGLJ3,IGLC3,True,True,CQVWDSSSDHPVF,TGTCAGGTGTGGGATAGTAGTAGTGATCATCCGGTATTC
30,clonotype112,clonotype112_consensus_1,732,IGH,IGHV4-30-4,IGHD3-22,IGHJ2,IGHM,True,True,CARVGESSGYYHWYFDLW,TGTGCCAGAGTGGGGGAAAGTAGTGGTTATTATCACTGGTACTTCGATCTCTGG
31,clonotype112,clonotype112_consensus_2,771,IGL,IGLV6-57,None,IGLJ3,IGLC3,True,True,CQSYDSSNPWVF,TGTCAGTCTTATGATAGCAGCAATCCTTGGGTGTTC
32,clonotype113,clonotype113_consensus_2,735,IGH,IGHV4-59,IGHD3-22,IGHJ4,IGHM,True,True,CARRINYYDSSGRKPVYYFDYW,TGTGCGAGACGAATTAATTACTATGATAGTAGTGGTCGAAAACCCGTGTACTACTTTGACTACTGG
33,clonotype113,clonotype113_consensus_1,684,IGL,IGLV3-25,None,IGLJ1,IGLC1,True,True,CQSADSSGTYVF,TGTCAATCAGCAGACAGCAGTGGTACTTATGTCTTC
34,clonotype114,clonotype114_consensus_1,781,IGL,IGLV1-47,None,IGLJ3,IGLC2,True,True,CAAWDDSLSAHWVF,TGTGCAGCATGGGATGACAGCCTGAGTGCCCATTGGGTGTTC
35,clonotype114,clonotype114_consensus_2,740,IGH,IGHV4-34,IGHD6-13,IGHJ6,IGHM,True,True,CARGRGIPRYSSSFTYYYYGMDVW,TGTGCGAGAGGCCGCGGAATCCCCCGGTATAGCAGCAGCTTTACCTACTACTACTACGGTATGGACGTCTGG
36,clonotype115,clonotype115_consensus_2,696,IGL,IGLV1-40,None,IGLJ1,IGLC1,True,True,CQSYDSSLSGYVF,TGCCAGTCCTATGACAGCAGCCTGAGTGGTTATGTCTTC
37,clonotype115,clonotype115_consensus_1,606,IGH,IGHV3-30-3,IGHD7-27,IGHJ4,IGHM,True,True,CARALGWTFDYW,TGTGCGAGAGCACTGGGCTGGACATTTGACTACTGG
38,clonotype116,clonotype116_consensus_1,675,IGK,IGKV3-11,None,IGKJ5,IGKC,True,True,CQQSNNWPLTF,TGTCAGCAGAGTAACAACTGGCCTCTGACCTTC
39,clonotype116,clonotype116_consensus_2,577,IGH,IGHV3-53,IGHD6-19,IGHJ5,IGHM,True,True,CAGRYSGDWYRFW,TGTGCGGGGCGATATAGCGGTGACTGGTACCGCTTCTGG
40,clonotype117,clonotype117_consensus_1,671,IGK,IGKV3-11,None,IGKJ1,IGKC,True,True,CQQRSNWPWTF,TGTCAGCAGCGTAGCAACTGGCCTTGGACGTTC
41,clonotype117,clonotype117_consensus_2,657,IGH,IGHV3-21,IGHD2-2,IGHJ4,IGHM,True,True,CARAALGYCSSTSCSPAYYFDYW,TGTGCGAGAGCTGCCCTAGGATATTGTAGTAGTACCAGCTGCTCACCCGCGTACTACTTTGACTACTGG
42,clonotype118,clonotype118_consensus_1,721,IGH,IGHV1-69,IGHD2-2,IGHJ6,IGHM,True,True,CARLPDYYYYGMDVW,TGTGCGAGATTACCGGACTACTACTACTACGGTATGGACGTCTGG
43,clonotype118,clonotype118_consensus_2,658,IGK,IGKV1-5,None,IGKJ2,IGKC,True,True,CQQYNSYLYTF,TGCCAACAGTATAATAGTTATCTGTACACTTTT
44,clonotype119,clonotype119_consensus_1,776,IGH,IGHV3-33,IGHD5-5,IGHJ6,IGHD,True,True,CANNPVDTAMDNYYYYGMDVW,TGTGCGAACAATCCCGTGGATACAGCTATGGACAACTACTACTACTACGGTATGGACGTCTGG
45,clonotype12,clonotype12_consensus_2,676,IGL,IGLV3-19,None,IGLJ1,IGLC1,True,True,CNSRDSSGNLHVF,TGTAACTCCCGGGACAGCAGTGGTAACCTCCATGTCTTC
46,clonotype12,clonotype12_consensus_1,602,IGH,IGHV3-30,IGHD5-5,IGHJ4,IGHM,True,True,CARGKYSYPSYYFDYW,TGTGCGAGAGGGAAATACAGCTATCCCTCCTACTACTTTGACTACTGG
47,clonotype120,clonotype120_consensus_1,695,IGL,IGLV4-69,None,IGLJ3,IGLC3,True,True,CQTWGTGIRVF,TGTCAGACCTGGGGCACTGGCATTCGGGTGTTC
48,clonotype120,clonotype120_consensus_3,515,IGH,IGHV2-5,IGHD3-22,IGHJ5,IGHM,True,True,CAHVYYDSRLSVW,TGTGCACACGTTTACTATGATAGTAGGTTATCGGTCTGG
49,clonotype120,clonotype120_consensus_2,761,IGL,IGLV3-1,None,IGLJ3,IGLC3,True,True,CQAWDSSTVVF,TGTCAGGCGTGGGACAGCAGCACTGTGGTATTC
50,clonotype121,clonotype121_consensus_1,708,IGL,IGLV1-40,None,IGLJ3,IGLC2,True,True,CQSYDSSLSGSGVF,TGCCAGTCCTATGACAGCAGCCTGAGTGGTTCGGGGGTATTC
51,clonotype121,clonotype121_consensus_2,936,IGH,IGHV1-69,IGHD6-13,IGHJ6,IGHD,True,True,CARPGGAPGIAAAGSGTYYYYYGMDVW,TGTGCGAGACCGGGGGGGGCCCCGGGTATAGCAGCAGCTGGTTCCGGAACTTATTACTACTACTACGGTATGGACGTCTGG
52,clonotype122,clonotype122_consensus_1,680,IGK,IGKV2-30,None,IGKJ1,IGKC,True,True,CMQGTHWPWTF,TGCATGCAAGGTACACACTGGCCTTGGACGTTC
53,clonotype123,clonotype123_consensus_2,747,IGL,IGLV3-1,None,IGLJ3,IGLC2,True,True,CQAWDSSTAVF,TGTCAGGCGTGGGACAGCAGCACTGCGGTATTC
54,clonotype123,clonotype123_consensus_1,713,IGH,IGHV4-39,IGHD3-16,IGHJ3,IGHM,True,True,CARHYFSGAVANNDAFDIW,TGTGCGAGACATTACTTTTCGGGGGCAGTGGCTAATAATGATGCTTTTGATATCTGG
55,clonotype124,clonotype124_consensus_1,738,IGH,IGHV4-31,IGHD3-22,IGHJ3,IGHM,True,True,CARRLAYYYDSSGYREAFDIW,TGTGCGAGAAGGTTGGCGTATTACTATGATAGTAGTGGTTATCGGGAAGCTTTTGATATCTGG
56,clonotype124,clonotype124_consensus_2,684,IGL,IGLV2-14,None,IGLJ3,IGLC2,True,True,CSSYTSSSTRCVF,TGCAGCTCATATACAAGCAGCAGCACCCGATGTGTATTC
57,clonotype125,clonotype125_consensus_1,676,IGK,IGKV2-28,None,IGKJ1,IGKC,True,False,CMQGIQIPWTL,TGCATGCAAGGTATACAAATTCCGTGGACGTTG
58,clonotype125,clonotype125_consensus_2,738,IGH,IGHV3-15,IGHD3-3,IGHJ4,IGHG2,True,True,CATGSGYANGGHWGADW,TGTGCCACAGGGAGTGGCTATGCGAATGGGGGCCATTGGGGGGCTGACTGG
59,clonotype126,clonotype126_consensus_2,666,IGH,IGHV3-15,IGHD3-10,IGHJ4,IGHA1,True,True,CTKGGPEGTYFDYW,TGCACCAAAGGGGGTCCGGAGGGAACATACTTCGACTACTGG
60,clonotype126,clonotype126_consensus_1,756,IGK,IGKV4-1,None,IGKJ3,IGKC,True,True,CQQYYSSPFTF,TGTCAGCAGTATTATAGTAGTCCATTCACTTTC
61,clonotype127,clonotype127_consensus_1,599,IGH,IGHV3-66,IGHD3-22,IGHJ2,IGHM,True,True,CARGTPYYYDSSGYYPHWYFDLW,TGTGCGAGAGGGACCCCTTATTACTATGATAGTAGTGGTTATTACCCTCACTGGTACTTCGATCTCTGG
62,clonotype127,clonotype127_consensus_2,790,IGK,IGKV3-15,None,IGKJ1,IGKC,True,True,CQQYNNWLWTF,TGTCAGCAGTATAATAACTGGCTTTGGACGTTC
63,clonotype128,clonotype128_consensus_2,701,IGK,IGKV2-28,None,IGKJ3,IGKC,True,True,CMQALQTLLFTF,TGCATGCAAGCTCTACAAACTCTTTTATTCACTTTC
64,clonotype128,clonotype128_consensus_1,569,IGH,IGHV1-69,IGHD5-12,IGHJ6,IGHM,True,True,CAREGVATIYYYYGMDVW,TGTGCGAGAGAAGGGGTGGCTACGATTTACTACTACTACGGTATGGACGTCTGG
65,clonotype129,clonotype129_consensus_1,700,IGK,IGKV1-12,None,IGKJ4,IGKC,True,True,CQQASSFPALTF,TGTCAACAGGCTAGCAGTTTCCCCGCGCTCACTTTC
66,clonotype129,clonotype129_consensus_2,553,IGH,IGHV1-69,IGHD2-21,IGHJ5,IGHM,True,True,CASSFSNWFDPW,TGTGCGAGCTCCTTTTCGAACTGGTTCGACCCCTGG
67,clonotype13,clonotype13_consensus_1,680,IGL,IGLV2-14,None,IGLJ3,IGLC2,True,True,CSSYTSSSTVVF,TGCAGCTCATATACAAGCAGCAGCACTGTGGTATTC
68,clonotype13,clonotype13_consensus_2,676,IGK,IGKV2-29,None,IGKJ2,IGKC,True,True,CMQGIHLPYTF,TGCATGCAAGGTATACACCTTCCGTACACTTTT
69,clonotype13,clonotype13_consensus_3,714,IGH,IGHV5-51,IGHD5-5,IGHJ4,IGHM,True,True,CARHHRGYSYVDYW,TGTGCGAGACACCATCGTGGATACAGCTATGTTGACTACTGG
70,clonotype130,clonotype130_consensus_2,658,IGK,IGKV1-39,None,IGKJ3,IGKC,True,True,CQQSYSTPFTF,TGTCAACAGAGTTACAGTACCCCATTCACTTTC
71,clonotype130,clonotype130_consensus_1,733,IGH,IGHV3-30-3,IGHD3-16,IGHJ4,IGHM,True,True,CARGGGYYFDYW,TGTGCGAGAGGGGGGGGATACTACTTTGACTACTGG
72,clonotype131,clonotype131_consensus_1,555,IGH,IGHV4-59,IGHD3-16,IGHJ6,IGHD,True,True,CARDPPFYGMDVW,TGTGCGAGAGATCCCCCATTTTACGGTATGGACGTCTGG
73,clonotype131,clonotype131_consensus_2,679,IGK,IGKV3-11,None,IGKJ1,IGKC,True,True,CQQRSNWPWTF,TGTCAGCAGCGTAGCAACTGGCCGTGGACGTTC
74,clonotype132,clonotype132_consensus_1,728,IGH,IGHV1-46,IGHD1-26,IGHJ6,IGHM,True,True,CARASGSYFYYYYMDVW,TGTGCGAGGGCTAGTGGGAGCTACTTCTACTACTACTACATGGACGTCTGG
75,clonotype132,clonotype132_consensus_2,665,IGK,IGKV1-27,None,IGKJ1,IGKC,True,True,CQKYNSAQTWTF,TGTCAAAAGTATAACAGTGCCCAGACGTGGACGTTC
76,clonotype133,clonotype133_consensus_1,577,IGH,IGHV3-11,IGHD1-1,IGHJ4,IGHM,True,True,CARVGTTGTTLDYW,TGTGCGAGAGTCGGTACAACTGGAACGACTCTTGACTACTGG
77,clonotype133,clonotype133_consensus_2,690,IGL,IGLV2-14,None,IGLJ1,IGLC1,True,True,CSSYTSSSTSNYVF,TGCAGCTCATATACAAGCAGCAGCACTTCTAATTATGTCTTC
78,clonotype134,clonotype134_consensus_2,660,IGK,IGKV1-9,None,IGKJ2,IGKC,True,False,CQQLNSYPVHF,TGTCAACAGCTTAATAGTTACCCCGTACACTTTT
79,clonotype134,clonotype134_consensus_1,599,IGH,IGHV3-48,IGHD3-9,IGHJ5,IGHM,True,True,CAREPDPPTYTIFYTEQNWFDPW,TGTGCGAGGGAACCCGACCCCCCCACCTATACGATATTTTATACGGAGCAGAACTGGTTCGACCCCTGG
80,clonotype135,clonotype135_consensus_1,677,IGK,IGKV1-33,None,IGKJ4,IGKC,True,True,CQQYDNLPPLTF,TGTCAACAGTATGATAATCTCCCTCCACTCACTTTC
81,clonotype135,clonotype135_consensus_2,589,IGH,IGHV3-30,IGHD2-2,IGHJ4,IGHM,True,True,CAKDPRVPAASHRSGQFDYW,TGTGCGAAAGATCCGCGAGTACCAGCTGCTAGTCACCGAAGTGGGCAATTTGACTACTGG
82,clonotype136,clonotype136_consensus_1,680,IGL,IGLV3-21,None,IGLJ3,IGLC1,True,True,CQVWDSSSDHVVF,TGTCAGGTGTGGGATAGTAGTAGTGATCATGTGGTATTC
83,clonotype136,clonotype136_consensus_2,578,IGH,IGHV3-74,IGHD6-13,IGHJ4,IGHM,True,True,CARVRYSSSWYLSGDFDYW,TGTGCAAGAGTTAGATATAGCAGCAGCTGGTACCTATCAGGAGACTTTGACTACTGG
84,clonotype137,clonotype137_consensus_1,606,IGH,IGHV1-18,IGHD2-2,IGHJ6,IGHD,True,True,CARDGPAARAYYYYYYMDVW,TGTGCGAGAGATGGACCAGCTGCCCGGGCCTACTACTACTACTACTACATGGACGTCTGG
85,clonotype137,clonotype137_consensus_2,700,IGK,IGKV3-20,None,IGKJ4,IGKC,True,True,CQQYGSSPTF,TGTCAGCAGTATGGTAGCTCACCCACTTTC
86,clonotype138,clonotype138_consensus_1,661,IGK,IGKV1-33,None,IGKJ4,IGKC,True,True,CQQYDNLPLTF,TGTCAACAGTATGATAATCTCCCTCTCACTTTC
87,clonotype138,clonotype138_consensus_2,674,IGH,IGHV3-30,IGHD3-3,IGHJ6,IGHM,True,True,CAKEGNGSQDFWSGYLMDVW,TGTGCGAAAGAAGGGAATGGATCTCAGGATTTTTGGAGTGGTTATCTAATGGACGTCTGG
88,clonotype139,clonotype139_consensus_2,665,IGK,IGKV1-5,None,IGKJ2,IGKC,True,True,CQQYNSYPYTF,TGCCAACAGTATAATAGTTATCCGTACACTTTT
89,clonotype139,clonotype139_consensus_1,612,IGH,IGHV1-46,IGHD2-2,IGHJ6,IGHM,True,True,CARVYRGVVPAALEWGMDVW,TGTGCGAGAGTGTATAGAGGGGTAGTACCAGCTGCTCTCGAGTGGGGTATGGACGTCTGG
90,clonotype14,clonotype14_consensus_1,649,IGK,IGKV1-33,None,IGKJ5,IGKC,True,True,CQQYGTF,TGTCAACAGTATGGAACCTTC
91,clonotype14,clonotype14_consensus_2,568,IGH,IGHV4-30-4,IGHD2-2,IGHJ4,IGHM,True,True,CARSHCSYSNCYYFDYW,TGTGCCAGATCACATTGCAGTTATAGCAACTGCTACTACTTTGACTACTGG
92,clonotype140,clonotype140_consensus_1,599,IGH,IGHV4-39,IGHD6-19,IGHJ5,IGHM,True,True,CARHAVAVAGRRTNWFDPW,TGTGCGAGACATGCGGTGGCAGTGGCTGGCAGGAGGACTAACTGGTTCGACCCCTGG
93,clonotype140,clonotype140_consensus_2,661,IGK,IGKV1-39,None,IGKJ1,IGKC,True,True,CQQSYSTPPTF,TGTCAACAGAGTTACAGTACCCCTCCCACGTTC
94,clonotype141,clonotype141_consensus_1,661,IGK,IGKV1-NL1,None,IGKJ4,IGKC,True,True,CQQYYSTLLTF,TGTCAACAGTATTATAGTACCCTCCTCACTTTC
95,clonotype141,clonotype141_consensus_2,739,IGH,IGHV4-34,IGHD4-17,IGHJ3,IGHM,True,True,CAGRTNTMTTVVTPVMDAFDIW,TGTGCGGGACGGACCAATACCATGACTACGGTGGTAACTCCGGTAATGGATGCTTTTGATATCTGG
96,clonotype142,clonotype142_consensus_1,727,IGH,IGHV4-34,IGHD3-16,IGHJ5,IGHD,True,True,CARRGATVKQSGWFDPW,TGTGCGAGACGGGGAGCTACGGTGAAACAGAGTGGGTGGTTCGACCCCTGG
97,clonotype142,clonotype142_consensus_2,724,IGL,IGLV1-40,None,IGLJ1,IGLC1,True,True,CQSYDSSLSGSYVF,TGCCAGTCCTATGACAGCAGCCTGAGTGGTTCTTATGTCTTC
98,clonotype143,clonotype143_consensus_1,610,IGH,IGHV3-30,IGHD2-2,IGHJ6,IGHM,True,True,CARDKARLGYCSSTSCPPYFYYGMDVW,TGTGCGAGAGATAAGGCGAGGCTAGGATATTGTAGTAGTACCAGCTGCCCCCCCTACTTTTACTACGGTATGGACGTCTGG
99,clonotype143,clonotype143_consensus_2,661,IGK,IGKV1-39,None,IGKJ2,IGKC,True,True,CQQSYSTPYTF,TGTCAACAGAGTTACAGTACCCCGTACACTTTT
100,clonotype144,clonotype144_consensus_1,737,IGH,IGHV1-18,IGHD2-2,IGHJ1,IGHM,True,True,CARDTRGVVPAAPTSSRYFQHW,TGTGCGAGAGATACACGGGGAGTAGTACCAGCTGCACCTACGTCCTCAAGATACTTCCAGCACTGG
101,clonotype144,clonotype144_consensus_2,876,IGK,IGKV4-1,None,IGKJ4,IGKC,True,True,CQQYYSTPQLTF,TGTCAGCAATATTATAGTACTCCTCAGCTCACTTTC
102,clonotype145,clonotype145_consensus_1,693,IGK,IGKV1-17,None,IGKJ3,IGKC,True,True,CLQHNSYPFTF,TGTCTACAGCATAATAGTTACCCATTCACTTTC
103,clonotype145,clonotype145_consensus_2,738,IGH,IGHV3-30-3,IGHD3-3,IGHJ4,IGHM,True,True,CARGHDFWSGPIDYW,TGTGCGAGAGGGCACGATTTTTGGAGTGGCCCGATTGACTACTGG
104,clonotype146,clonotype146_consensus_1,663,IGK,IGKV1-33,None,IGKJ4,IGKC,True,True,CQQYDNLPLTF,TGTCAACAGTATGATAATCTCCCGCTCACTTTC
105,clonotype146,clonotype146_consensus_2,744,IGH,IGHV1-69,IGHD5-12,IGHJ6,IGHM,True,True,CARAILVGIVATIEKNYYGMDVW,TGTGCGAGGGCTATACTGGTGGGGATAGTGGCTACGATCGAAAAAAACTACTACGGTATGGACGTCTGG
106,clonotype147,clonotype147_consensus_3,659,IGK,IGKV1-9,None,IGKJ4,IGKC,True,True,CQQLISYPLTF,TGTCAACAGCTTATTAGTTACCCCCTCACTTTC
107,clonotype147,clonotype147_consensus_1,769,IGL,IGLV1-44,None,IGLJ3,IGLC2,True,True,CAAWDDSLNGWVF,TGTGCAGCATGGGATGACAGCCTGAATGGTTGGGTGTTC
108,clonotype147,clonotype147_consensus_2,745,IGH,IGHV1-8,IGHD1-26,IGHJ4,IGHM,True,True,CARGRWVNSGSYSYFDYW,TGTGCGAGAGGCCGGTGGGTTAATAGTGGGAGCTACTCATACTTTGACTACTGG
109,clonotype148,clonotype148_consensus_2,686,IGK,IGKV3-20,None,IGKJ2,IGKC,True,True,CQQYGSSPGYTF,TGTCAGCAGTATGGTAGCTCACCCGGGTACACTTTT
110,clonotype148,clonotype148_consensus_1,672,IGH,IGHV3-53,IGHD1-26,IGHJ4,IGHG2,True,True,CARDLFQVGATDYW,TGTGCGAGAGATCTGTTTCAAGTGGGAGCTACTGACTACTGG
111,clonotype149,clonotype149_consensus_1,754,IGK,IGKV4-1,None,IGKJ4,IGKC,True,True,CQQYYSTPQTF,TGTCAGCAATATTATAGTACTCCTCAAACTTTC
112,clonotype149,clonotype149_consensus_2,795,IGL,IGLV3-21,None,IGLJ3,IGLC2,True,True,CQVWDSSSDHPVF,TGTCAGGTGTGGGATAGTAGTAGTGATCATCCGGTGTTC
113,clonotype15,clonotype15_consensus_1,689,IGL,IGLV2-14,None,IGLJ1,IGLC1,True,True,CSSYTSSSLYVF,TGCAGCTCATATACAAGCAGCAGCCTTTATGTCTTC
114,clonotype150,clonotype150_consensus_1,678,IGK,IGKV3-11,None,IGKJ2,IGKC,True,True,CQQRSNWPPGYTF,TGTCAGCAGCGTAGCAACTGGCCTCCGGGGTACACTTTT
115,clonotype150,clonotype150_consensus_2,604,IGH,IGHV1-2,IGHD3-10,IGHJ6,IGHD,True,True,CARERGIGSGSHYYYYGMDVW,TGTGCGAGAGAGCGGGGAATCGGATCGGGGAGTCATTACTACTACTACGGTATGGACGTCTGG
116,clonotype151,clonotype151_consensus_1,721,IGH,IGHV1-18,IGHD3-22,IGHJ4,IGHM,True,True,CAKDLPGAHYDSGGLGYW,TGTGCGAAAGATCTCCCGGGCGCTCATTATGATAGTGGTGGCCTGGGCTACTGG
117,clonotype151,clonotype151_consensus_2,684,IGK,IGKV3-15,None,IGKJ1,IGKC,True,True,CQQFNKWPRTF,TGTCAGCAGTTTAATAAGTGGCCTCGGACGTTC
118,clonotype152,clonotype152_consensus_1,794,IGH,IGHV3-30,IGHD3-10,IGHJ6,IGHD,True,True,CARDHDGSGSSPSPNYYYYYGMDVW,TGTGCGAGAGATCACGATGGTTCGGGGAGTTCGCCCTCCCCGAATTACTACTACTACTACGGTATGGACGTCTGG
119,clonotype152,clonotype152_consensus_2,691,IGK,IGKV5-2,None,IGKJ4,IGKC,True,True,CLQHDNFPLTF,TGTCTACAACATGATAATTTCCCTCTGACTTTC
120,clonotype153,clonotype153_consensus_2,675,IGK,IGKV3D-15,None,IGKJ4,IGKC,True,True,CQQYHKWPLTF,TGTCAGCAGTATCATAAATGGCCGCTCACTTTC
121,clonotype153,clonotype153_consensus_1,583,IGH,IGHV3-23,IGHD3-22,IGHJ4,IGHM,True,True,CARFRLDTSAYYEFDCW,TGTGCGAGGTTCCGGCTGGATACCAGTGCCTATTACGAGTTTGACTGCTGG
122,clonotype154,clonotype154_consensus_2,678,IGK,IGKV3-20,None,IGKJ4,IGKC,True,True,CQQYGSSPRLTF,TGTCAGCAGTATGGTAGCTCACCTCGGCTCACTTTC
123,clonotype154,clonotype154_consensus_1,635,IGH,IGHV3-9,IGHD2-15,IGHJ6,IGHM,True,True,CAKDILCRVAAVTVPYYYYGMDVW,TGTGCAAAAGATATATTGTGTCGGGTAGCAGCAGTCACGGTCCCCTACTACTACTACGGTATGGACGTCTGG
124,clonotype155,clonotype155_consensus_2,664,IGK,IGKV1-39,None,IGKJ1,IGKC,True,True,CQQSYSTPLWTF,TGTCAACAGAGTTACAGTACCCCCTTGTGGACGTTC
125,clonotype155,clonotype155_consensus_1,630,IGH,IGHV3-30,IGHD3-10,IGHJ6,IGHM,True,True,CARDQVRITMVRGVIPYYYYYGMDVW,TGTGCGAGAGATCAAGTACGTATTACTATGGTTCGGGGAGTTATCCCTTACTACTACTACTACGGTATGGACGTCTGG
126,clonotype156,clonotype156_consensus_1,728,IGH,IGHV1-2,IGHD3-10,IGHJ4,IGHM,True,True,CARDQAFSMVRGGLDYW,TGTGCGAGAGATCAGGCGTTTAGTATGGTTCGGGGAGGGCTTGACTACTGG
127,clonotype156,clonotype156_consensus_2,682,IGL,IGLV2-8,None,IGLJ3,IGLC2,True,True,CSSYAGSNNWVF,TGCAGCTCATATGCAGGCAGCAACAATTGGGTGTTC
128,clonotype157,clonotype157_consensus_1,706,IGH,IGHV4-59,IGHD5-12,IGHJ4,IGHM,True,True,CARHRKRWLQFGALDYW,TGTGCGAGACACCGGAAGAGATGGCTACAATTTGGGGCCCTAGACTACTGG
129,clonotype157,clonotype157_consensus_2,687,IGK,IGKV3-20,None,IGKJ1,IGKC,True,True,CQQYGSSPPTF,TGTCAGCAGTATGGTAGCTCACCTCCGACGTTC
130,clonotype158,clonotype158_consensus_1,672,IGK,IGKV3-11,None,IGKJ1,IGKC,True,True,CQQRSNWPKTF,TGTCAGCAGCGTAGCAACTGGCCTAAGACGTTC
131,clonotype158,clonotype158_consensus_2,624,IGH,IGHV3-21,IGHD3-22,IGHJ5,IGHD,True,True,CAREFDYYDSSGYYWDWFDPW,TGTGCGAGAGAGTTTGATTACTATGATAGTAGTGGTTACTACTGGGACTGGTTCGACCCCTGG
132,clonotype159,clonotype159_consensus_1,680,IGK,IGKV3-15,None,IGKJ2,IGKC,True,True,CQQYNNWPPETF,TGTCAGCAGTATAATAACTGGCCTCCGGAAACTTTT
133,clonotype159,clonotype159_consensus_2,756,IGH,IGHV3-23,IGHD2-2,IGHJ4,IGHM,True,True,CANAGRYCSSTSCYWGYFDYW,TGTGCGAATGCGGGTCGATATTGTAGTAGTACCAGCTGCTATTGGGGCTACTTTGACTACTGG
134,clonotype16,clonotype16_consensus_1,712,IGL,IGLV2-23,None,IGLJ1,IGLC1,True,True,CCSYAGSSTYVF,TGCTGCTCATATGCAGGTAGTAGCACTTATGTCTTC
135,clonotype16,clonotype16_consensus_2,495,IGH,IGHV4-4,IGHD1-26,IGHJ4,IGHM,True,True,CARRQWELLFDYW,TGTGCGAGACGCCAGTGGGAGCTACTCTTTGACTACTGG
136,clonotype160,clonotype160_consensus_2,624,IGH,IGHV3-30-3,IGHD2-2,IGHJ4,IGHD,True,True,CLVVPAAITSADYW,TGCTTAGTAGTACCAGCTGCTATAACATCAGCAGACTACTGG
137,clonotype160,clonotype160_consensus_1,676,IGK,IGKV3-15,None,IGKJ2,IGKC,True,True,CQQYNNWHLYTF,TGTCAGCAGTATAATAACTGGCATTTGTACACTTTT
138,clonotype161,clonotype161_consensus_1,693,IGL,IGLV1-40,None,IGLJ3,IGLC2,True,True,CQSYDSSLSGSVF,TGCCAGTCCTATGACAGCAGCCTGAGTGGTTCGGTATTC
139,clonotype161,clonotype161_consensus_3,777,IGK,IGKV4-1,None,IGKJ2,IGKC,True,True,CQQYYSTPHTF,TGTCAGCAATATTATAGTACTCCGCACACTTTT
140,clonotype161,clonotype161_consensus_2,711,IGH,IGHV5-10-1,IGHD2-8,IGHJ5,IGHM,True,True,CARCRVGGWFDPW,TGTGCGAGATGCCGGGTTGGTGGCTGGTTCGACCCCTGG
141,clonotype162,clonotype162_consensus_2,653,IGH,IGHV4-39,IGHD5-5,IGHJ4,IGHM,True,True,CARHGYSYGLDYFDYW,TGTGCGAGACATGGATACAGCTATGGTCTCGACTACTTTGACTACTGG
142,clonotype162,clonotype162_consensus_1,658,IGK,IGKV1-39,None,IGKJ3,IGKC,True,True,CQQSYSTRWAF,TGTCAACAGAGTTACAGTACCCGGTGGGCTTTC
143,clonotype163,clonotype163_consensus_1,677,IGK,IGKV2-29,None,IGKJ5,IGKC,True,True,CMQGIHLPITF,TGCATGCAAGGTATACACCTTCCGATCACCTTC
144,clonotype163,clonotype163_consensus_2,650,IGH,IGHV3-21,IGHD3-3,IGHJ6,IGHD,True,True,CARGGVPKFGKVVLRFFEMDVW,TGTGCGAGAGGAGGGGTTCCCAAGTTCGGAAAAGTTGTATTACGATTTTTTGAGATGGACGTCTGG
145,clonotype164,clonotype164_consensus_2,605,IGH,IGHV1-24,IGHD5-12,IGHJ4,IGHD,True,True,CATPIGGYDGPFDYW,TGTGCAACCCCGATCGGTGGCTACGATGGACCATTTGACTACTGG
146,clonotype164,clonotype164_consensus_1,660,IGK,IGKV1-39,None,IGKJ4,IGKC,True,True,CQQSYSTPLTF,TGTCAACAGAGTTACAGTACCCCTCTCACTTTC
147,clonotype165,clonotype165_consensus_1,585,IGH,IGHV4-31,IGHD3-10,IGHJ5,IGHM,True,True,CARAPYGSGSYYSGTYIGAFDPW,TGTGCGAGGGCCCCGTATGGTTCGGGGAGTTATTATTCGGGGACCTACATAGGGGCCTTCGACCCCTGG
148,clonotype165,clonotype165_consensus_2,666,IGL,IGLV3-1,None,IGLJ1,IGLC1,True,True,CQAWDSSTAYVF,TGTCAGGCGTGGGACAGCAGCACTGCTTATGTCTTC
149,clonotype166,clonotype166_consensus_2,682,IGL,IGLV2-14,None,IGLJ1,IGLC1,True,True,CSSYTSSSTYVF,TGCAGCTCATATACAAGCAGCAGCACTTATGTCTTC
150,clonotype166,clonotype166_consensus_1,566,IGH,IGHV5-51,IGHD6-13,IGHJ4,IGHM,True,True,CARLSYSSSFGGYW,TGTGCGAGACTCTCGTATAGCAGCAGCTTCGGGGGCTACTGG
151,clonotype167,clonotype167_consensus_2,548,IGH,IGHV4-39,IGHD2-2,IGHJ4,IGHM,True,True,CARLYCSSTSCYYYYW,TGTGCGAGGTTATATTGTAGTAGTACCAGCTGCTATTACTACTACTGG
152,clonotype167,clonotype167_consensus_1,776,IGL,IGLV1-44,None,IGLJ3,IGLC2,True,True,CAAWDDSLNGPVF,TGTGCAGCATGGGATGACAGCCTGAATGGTCCGGTATTC
153,clonotype168,clonotype168_consensus_1,749,IGH,IGHV1-2,IGHD1-1,IGHJ6,IGHM,True,True,CARVAGTTGHNYGMDVW,TGTGCGAGAGTGGCTGGAACGACGGGGCACAACTACGGTATGGACGTCTGG
154,clonotype168,clonotype168_consensus_2,684,IGL,IGLV2-14,None,IGLJ3,IGLC2,True,True,CSSYTSSSTWVF,TGCAGCTCATATACAAGCAGCAGCACTTGGGTGTTC
155,clonotype169,clonotype169_consensus_2,681,IGL,IGLV2-23,None,IGLJ1,IGLC1,True,True,CSSYGGSSIFYVF,TGCTCCTCATATGGAGGTAGTAGCATTTTTTATGTCTTC
156,clonotype169,clonotype169_consensus_1,705,IGH,IGHV3-21,IGHD5-12,IGHJ6,IGHG1,True,True,CARYVGYSAYDFGEYYYAMDVW,TGTGCGAGATACGTGGGGTATAGTGCGTACGATTTTGGGGAATATTATTACGCTATGGACGTCTGG
157,clonotype17,clonotype17_consensus_1,861,IGK,IGKV4-1,None,IGKJ2,IGKC,True,True,CQQYYSTPYTF,TGTCAGCAATATTATAGTACTCCGTACACTTTT
158,clonotype17,clonotype17_consensus_2,591,IGH,IGHV1-24,IGHD6-13,IGHJ4,IGHM,True,True,CATGLPAAGYSTKGGYW,TGTGCAACCGGCCTACCAGCTGCTGGCTACAGTACCAAGGGAGGCTACTGG
159,clonotype170,clonotype170_consensus_1,771,IGL,IGLV1-44,None,IGLJ3,IGLC2,True,True,CAAWDDSLNGLVF,TGTGCAGCATGGGATGACAGCCTGAATGGCCTGGTATTC
160,clonotype170,clonotype170_consensus_2,735,IGH,IGHV3-48,IGHD1-26,IGHJ4,IGHM,True,True,CARAGLVGAAIDYW,TGTGCGAGAGCTGGGCTAGTGGGAGCTGCAATTGACTACTGG
161,clonotype171,clonotype171_consensus_1,615,IGH,IGHV3-23,IGHD2-8,IGHJ3,IGHM,True,True,CVKDATSHNGVYDGFDVW,TGTGTGAAAGATGCGACGTCGCATAACGGTGTTTACGACGGTTTTGATGTCTGG
162,clonotype171,clonotype171_consensus_2,678,IGK,IGKV3-20,None,IGKJ4,IGKC,True,True,CQRYGTSPPLTF,TGTCAGCGGTATGGTACCTCACCTCCACTCACTTTC
163,clonotype172,clonotype172_consensus_2,723,IGL,IGLV1-47,None,IGLJ3,IGLC2,True,True,CAAWDDSLSGDWVF,TGTGCAGCATGGGATGACAGCCTGAGTGGTGATTGGGTGTTC
164,clonotype172,clonotype172_consensus_1,557,IGH,IGHV4-39,IGHD3-22,IGHJ4,IGHM,True,True,CARHDLLDSSGFDYW,TGTGCGAGACACGACCTCCTTGATAGTAGTGGGTTTGACTACTGG
165,clonotype173,clonotype173_consensus_2,594,IGH,IGHV4-59,IGHD3-16,IGHJ4,IGHD,True,True,CARSGGPQLTFDYW,TGTGCGAGATCTGGGGGACCCCAGCTCACCTTTGACTACTGG
166,clonotype173,clonotype173_consensus_1,860,IGK,IGKV4-1,None,IGKJ4,IGKC,True,True,CQQYYSTPLTF,TGTCAGCAATATTATAGTACTCCGCTCACTTTC
167,clonotype174,clonotype174_consensus_2,684,IGK,IGKV3-11,None,IGKJ1,IGKC,True,True,CQQRSNWSWTF,TGTCAGCAGCGTAGCAACTGGTCTTGGACGTTC
168,clonotype174,clonotype174_consensus_1,785,IGH,IGHV3-7,IGHD1-1,IGHJ6,IGHD,True,True,CAREGTTGTSKSLYYYYYMDVW,TGTGCGAGAGAAGGAACAACTGGAACGTCGAAGTCCCTTTACTACTACTACTACATGGACGTCTGG
169,clonotype175,clonotype175_consensus_1,788,IGL,IGLV3-21,None,IGLJ1,IGLC1,True,True,CQVWDSSSDHLYVF,TGTCAGGTGTGGGATAGTAGTAGTGATCATCTTTATGTCTTC
170,clonotype175,clonotype175_consensus_2,771,IGH,IGHV3-23,IGHD5-5,IGHJ4,IGHD,True,True,CALSRGYSYGLDYW,TGTGCGCTTTCTCGTGGATACAGCTATGGTTTGGACTACTGG
171,clonotype176,clonotype176_consensus_2,678,IGK,IGKV3-15,None,IGKJ4,IGKC,True,True,CQQYNNWPPLTF,TGTCAGCAGTATAATAACTGGCCCCCGCTCACTTTC
172,clonotype176,clonotype176_consensus_1,670,IGH,IGHV3-48,IGHD3-22,IGHJ6,IGHM,True,True,CAREQTMMVYYYYGMDVW,TGTGCGAGAGAACAGACTATGATGGTCTACTACTACTACGGTATGGACGTCTGG
173,clonotype177,clonotype177_consensus_1,700,IGL,IGLV3-25,None,IGLJ1,IGLC1,True,True,CQSADSSGTYYVF,TGTCAATCAGCAGACAGCAGTGGTACTTATTATGTCTTC
174,clonotype177,clonotype177_consensus_2,744,IGH,IGHV3-30-3,IGHD2-15,IGHJ6,IGHM,True,True,CARGGCGGSCYSDYYYYGMDVW,TGTGCGAGAGGGGGGTGTGGTGGTAGCTGCTACTCCGACTACTACTACTACGGTATGGACGTCTGG
175,clonotype178,clonotype178_consensus_1,561,IGH,IGHV3-30-3,IGHD2-2,IGHJ6,IGHD,True,True,CARDHCSSTSCYRPEKTNSYYYYMDVW,TGTGCGAGAGATCATTGTAGTAGTACCAGCTGCTATCGTCCCGAAAAGACTAATAGCTACTACTACTACATGGACGTCTGG
176,clonotype178,clonotype178_consensus_2,688,IGL,IGLV1-47,None,IGLJ3,IGLC2,True,True,CAAWDDSLSGWVF,TGTGCAGCATGGGATGACAGCCTGAGTGGTTGGGTGTTC
177,clonotype179,clonotype179_consensus_2,683,IGL,IGLV2-8,None,IGLJ1,IGLC1,True,True,CSSYAGSNNYVF,TGCAGCTCATATGCAGGCAGCAACAATTATGTCTTC
178,clonotype179,clonotype179_consensus_1,839,IGH,IGHV4-59,IGHD2-8,IGHJ6,IGHM,True,True,CARHQFIRLSDYGMDVW,TGTGCGAGACACCAATTCATCCGGCTCTCTGACTACGGTATGGACGTCTGG
179,clonotype18,clonotype18_consensus_1,759,IGL,IGLV3-1,None,IGLJ1,IGLC1,True,True,CQAWDSSSYVF,TGTCAGGCGTGGGACAGCAGCTCTTATGTCTTC
180,clonotype18,clonotype18_consensus_2,638,IGH,IGHV4-39,IGHD2-15,IGHJ4,IGHM,True,True,CAGEGYCSGGSCCWRYW,TGTGCCGGGGAAGGATATTGTAGTGGTGGTAGCTGCTGCTGGAGGTACTGG
181,clonotype180,clonotype180_consensus_1,658,IGK,IGKV1-39,None,IGKJ1,IGKC,True,True,CQQSYSTPRTF,TGTCAACAGAGTTACAGTACCCCTAGGACGTTC
182,clonotype180,clonotype180_consensus_2,737,IGH,IGHV1-46,IGHD2-21,IGHJ3,IGHM,True,True,CARDDIVVVTAIGFGAFDIW,TGTGCGAGAGATGACATTGTGGTGGTGACTGCTATTGGTTTTGGTGCTTTTGATATCTGG
183,clonotype181,clonotype181_consensus_2,711,IGL,IGLV3-19,None,IGLJ1,IGLC1,True,True,CNSRDSSGNHQVF,TGTAACTCCCGGGACAGCAGTGGTAACCATCAAGTCTTC
184,clonotype181,clonotype181_consensus_1,700,IGH,IGHV2-26,IGHD2-2,IGHJ4,IGHM,True,True,CARIVGCSSTSCYLPYYFDYW,TGTGCACGGATAGTAGGTTGTAGTAGTACCAGCTGCTATCTCCCGTACTACTTTGACTACTGG
185,clonotype182,clonotype182_consensus_2,582,IGH,IGHV3-21,IGHD5-12,IGHJ4,IGHM,True,True,CARDVLVATAFDYW,TGTGCGAGAGATGTTCTAGTGGCTACGGCCTTTGACTACTGG
186,clonotype182,clonotype182_consensus_1,673,IGL,IGLV3-19,None,IGLJ1,IGLC1,True,True,CNSRDSSGNHYVF,TGTAACTCCCGGGACAGCAGTGGTAACCATTATGTCTTC
187,clonotype183,clonotype183_consensus_2,583,IGH,IGHV3-48,IGHD3-10,IGHJ4,IGHM,True,True,CARSGVMVRGVVLDYW,TGTGCGAGATCAGGCGTGATGGTTCGGGGAGTGGTCCTTGACTACTGG
188,clonotype183,clonotype183_consensus_1,688,IGK,IGKV3-15,None,IGKJ4,IGKC,True,True,CQQYNNWPLTF,TGTCAGCAGTATAATAACTGGCCTCTCACTTTC
189,clonotype184,clonotype184_consensus_2,782,IGH,IGHV1-69,IGHD4-4,IGHJ6,IGHM,True,True,CARGATVTPQRNYYYYGMDVW,TGTGCGAGAGGGGCTACAGTAACCCCCCAGCGGAATTACTACTACTACGGTATGGACGTCTGG
190,clonotype184,clonotype184_consensus_1,661,IGK,IGKV1-39,None,IGKJ4,IGKC,True,True,CQQSYSTPLTF,TGTCAACAGAGTTACAGTACCCCGCTCACTTTC
191,clonotype185,clonotype185_consensus_1,563,IGH,IGHV3-74,IGHD5-5,IGHJ3,IGHM,True,True,CARGGIQLWLDAFDIW,TGTGCAAGAGGGGGGATACAGCTATGGTTAGATGCTTTTGATATCTGG
192,clonotype185,clonotype185_consensus_2,672,IGK,IGKV3-15,None,IGKJ2,IGKC,True,True,CQQYNNWGYTF,TGTCAGCAGTATAATAACTGGGGGTACACTTTT
193,clonotype186,clonotype186_consensus_1,722,IGH,IGHV1-24,IGHD3-10,IGHJ3,IGHM,True,True,CATRNTMMGPGAFDIW,TGTGCAACAAGAAATACTATGATGGGGCCAGGTGCTTTTGATATCTGG
194,clonotype186,clonotype186_consensus_2,678,IGK,IGKV1-16,None,IGKJ5,IGKC,True,True,CQQYNSYPITF,TGCCAACAGTATAATAGTTACCCGATCACCTTC
195,clonotype187,clonotype187_consensus_2,736,IGH,IGHV4-39,IGHD4-4,IGHJ4,IGHM,True,True,CARHKKDDYSNYVSLEFFDYW,TGTGCGAGACATAAGAAAGATGACTACAGTAACTACGTCTCTTTGGAGTTCTTTGACTATTGG
196,clonotype187,clonotype187_consensus_1,693,IGL,IGLV1-40,None,IGLJ1,IGLC1,True,True,CQSYDSSLSGYVF,TGCCAGTCCTATGACAGCAGCCTGAGTGGTTATGTCTTC
197,clonotype188,clonotype188_consensus_1,724,IGH,IGHV1-3,IGHD3-22,IGHJ2,IGHM,True,True,CARGGSNYYDSSWDWYFDLW,TGTGCGAGGGGCGGTTCGAATTACTATGATAGTAGTTGGGACTGGTACTTCGATCTCTGG
198,clonotype189,clonotype189_consensus_2,695,IGK,IGKV2-30,None,IGKJ4,IGKC,True,True,CMQGTLPLTF,TGCATGCAAGGTACACTCCCACTCACTTTC
199,clonotype189,clonotype189_consensus_1,593,IGH,IGHV1-69,IGHD3-16,IGHJ3,IGHD,True,True,CARLWGRDGYNAAFDIW,TGTGCGAGGCTCTGGGGGAGGGATGGCTACAATGCTGCTTTTGATATCTGG
200,clonotype19,clonotype19_consensus_1,746,IGK,IGKV1-39,None,IGKJ4,IGKC,True,True,CQQSYSSLF,TGTCAACAGAGTTACAGTTCCCTTTTC
201,clonotype190,clonotype190_consensus_2,708,IGH,IGHV4-59,IGHD2-2,IGHJ6,IGHM,True,True,CARGLVVPAADYYYYYMDVW,TGTGCGAGAGGACTAGTAGTACCAGCTGCTGACTACTACTACTACTACATGGACGTCTGG
202,clonotype190,clonotype190_consensus_1,749,IGL,IGLV3-1,None,IGLJ3,IGLC2,True,True,CQAWDSSTYVVF,TGTCAGGCGTGGGACAGCAGCACTTATGTGGTATTC
203,clonotype191,clonotype191_consensus_1,590,IGH,IGHV1-18,IGHD2-2,IGHJ5,IGHM,True,True,CARNQLLYDWNWFGPW,TGTGCGAGAAACCAGCTGCTATACGATTGGAACTGGTTTGGTCCCTGG
204,clonotype191,clonotype191_consensus_2,770,IGL,IGLV1-40,None,IGLJ3,IGLC2,True,True,CQSYDSSLSVVF,TGCCAGTCCTATGACAGCAGCCTGAGTGTGGTATTC
205,clonotype192,clonotype192_consensus_1,660,IGH,IGHV4-34,IGHD2-2,IGHJ6,IGHA1,True,True,CARVPRCSSTGCYTDYYYYYYMDVW,TGTGCGAGAGTTCCGCGTTGTAGTAGTACCGGCTGCTATACCGATTACTACTACTACTACTACATGGACGTCTGG
206,clonotype192,clonotype192_consensus_2,776,IGL,IGLV1-44,None,IGLJ1,IGLC1,True,True,CTVWDDSLNGLYVF,TGTACAGTATGGGATGACAGCCTGAATGGTCTTTATGTCTTC
207,clonotype193,clonotype193_consensus_2,538,IGH,IGHV4-39,IGHD6-19,IGHJ4,IGHM,True,True,CARLPLYIAVAGNDYW,TGTGCGAGACTTCCCCTCTATATAGCAGTGGCTGGCAACGACTACTGG
208,clonotype193,clonotype193_consensus_1,675,IGK,IGKV3-15,None,IGKJ2,IGKC,True,True,CQQYNNWPYTF,TGTCAGCAGTATAATAACTGGCCGTACACTTTT
209,clonotype194,clonotype194_consensus_1,765,IGH,IGHV3-23,IGHD3-3,IGHJ4,IGHM,True,True,CAKEETYYDFWSGYPQGRDFDYW,TGTGCGAAAGAGGAAACGTATTACGATTTTTGGAGTGGTTACCCACAAGGAAGGGACTTTGACTACTGG
210,clonotype194,clonotype194_consensus_2,688,IGL,IGLV8-61,None,IGLJ3,IGLC2,True,True,CVLYMGSGISVF,TGTGTGCTGTATATGGGTAGTGGCATTTCGGTGTTC
211,clonotype195,clonotype195_consensus_1,786,IGK,IGKV3-15,None,IGKJ1,IGKC,True,True,CQQYNNWPRTF,TGTCAGCAGTATAATAACTGGCCTCGTACGTTC
212,clonotype195,clonotype195_consensus_2,619,IGH,IGHV3-7,IGHD3-3,IGHJ3,IGHD,True,True,CARVHDFWSGTASGAFDIW,TGTGCGAGAGTACACGATTTTTGGAGTGGAACAGCTTCAGGGGCTTTTGATATCTGG
213,clonotype196,clonotype196_consensus_1,593,IGH,IGHV4-39,IGHD2-15,IGHJ6,IGHD,True,True,CASDYCSGGSCYRPGNYGMDVW,TGTGCGAGCGATTATTGTAGTGGTGGTAGCTGCTACCGCCCGGGGAACTACGGTATGGACGTCTGG
214,clonotype196,clonotype196_consensus_2,706,IGL,IGLV3-1,None,IGLJ3,IGLC2,True,True,CQAWDSSVVF,TGTCAGGCGTGGGACAGCAGCGTGGTATTC
215,clonotype197,clonotype197_consensus_2,603,IGH,IGHV1-46,IGHD3-10,IGHJ4,IGHM,True,True,CARGGGSGSYYWVDYW,TGTGCGAGAGGGGGTGGTTCGGGGAGTTATTACTGGGTTGACTACTGG
216,clonotype197,clonotype197_consensus_1,711,IGL,IGLV3-19,None,IGLJ3,IGLC2,True,True,CNSRDSSGNHLVF,TGTAACTCCCGGGACAGCAGTGGTAACCATCTGGTGTTC
217,clonotype198,clonotype198_consensus_1,721,IGH,IGHV3-73,IGHD4-4,IGHJ6,IGHD,True,True,CTTVSDVYYYYGMDVW,TGTACTACGGTCAGTGACGTCTACTACTACTACGGTATGGACGTCTGG
218,clonotype198,clonotype198_consensus_2,695,IGL,IGLV1-40,None,IGLJ3,IGLC2,True,True,CQSYDSSLSGYVVF,TGCCAGTCCTATGACAGCAGCCTGAGTGGCTATGTGGTATTC
219,clonotype199,clonotype199_consensus_2,720,IGH,IGHV5-51,IGHD6-13,IGHJ3,IGHM,True,True,CARPMGSSWSDAFDIW,TGTGCGAGACCTATGGGCAGCAGCTGGTCAGATGCTTTTGATATCTGG
220,clonotype199,clonotype199_consensus_1,660,IGK,IGKV1-27,None,IGKJ1,IGKC,True,True,CQKYNSAPRTF,TGTCAAAAGTATAACAGTGCCCCTCGGACGTTC
221,clonotype2,clonotype2_consensus_3,723,IGH,IGHV4-34,IGHD6-13,IGHJ5,IGHM,True,True,CARGYRVTSSWYSIGARRFDPW,TGTGCGAGAGGCTACCGCGTAACCAGCAGCTGGTACAGTATTGGTGCCCGCCGGTTCGACCCCTGG
222,clonotype2,clonotype2_consensus_2,684,IGL,IGLV1-36,None,IGLJ3,IGLC2,True,True,CAAWDDSLKGVF,TGTGCAGCATGGGATGACAGCCTGAAGGGGGTATTC
223,clonotype2,clonotype2_consensus_1,676,IGL,IGLV2-11,None,IGLJ3,IGLC3,True,True,CCSYAGSYLGF,TGCTGCTCATATGCAGGCAGCTACCTTGGGTTC
224,clonotype20,clonotype20_consensus_2,759,IGH,IGHV3-21,IGHD6-19,IGHJ6,IGHM,True,True,CAREPSVAGPDDYYYYYGMDVW,TGTGCGAGGGAGCCTTCAGTGGCTGGCCCTGATGATTACTACTACTACTACGGTATGGACGTCTGG
225,clonotype20,clonotype20_consensus_1,690,IGL,IGLV3-25,None,IGLJ3,IGLC2,True,True,CQSADSSGTYRVF,TGTCAATCAGCAGACAGCAGTGGTACTTATAGGGTGTTC
226,clonotype200,clonotype200_consensus_2,797,IGK,IGKV3-11,None,IGKJ1,IGKC,True,True,CQQRSNWPWTF,TGTCAGCAGCGTAGCAACTGGCCGTGGACGTTC
227,clonotype200,clonotype200_consensus_1,711,IGH,IGHV1-69,IGHD7-27,IGHJ5,IGHM,True,True,CAREGNNWFDPW,TGTGCGAGGGAGGGGAACAACTGGTTCGACCCCTGG
228,clonotype201,clonotype201_consensus_1,698,IGL,IGLV2-8,None,IGLJ1,IGLC1,True,True,CSSYAGSNNLGVF,TGCAGCTCATATGCAGGCAGCAACAATTTAGGGGTCTTC
229,clonotype201,clonotype201_consensus_2,721,IGH,IGHV5-10-1,IGHD6-19,IGHJ4,IGHM,True,True,CARRGIVVAYDCW,TGTGCGAGACGAGGAATAGTAGTGGCCTACGACTGCTGG
230,clonotype202,clonotype202_consensus_2,744,IGH,IGHV3-30,IGHD4-17,IGHJ2,IGHM,True,True,CARGNYGGLLYWYFDLW,TGTGCGAGAGGGAACTACGGTGGTCTCTTATACTGGTACTTCGATCTCTGG
231,clonotype202,clonotype202_consensus_1,902,IGK,IGKV4-1,None,IGKJ2,IGKC,True,True,CQQYYSTPYTF,TGTCAGCAATATTATAGTACTCCGTACACTTTT
232,clonotype203,clonotype203_consensus_2,663,IGK,IGKV1-NL1,None,IGKJ1,IGKC,True,True,CQQYYSTPPTF,TGTCAACAGTATTATAGTACCCCTCCGACGTTC
233,clonotype203,clonotype203_consensus_1,561,IGH,IGHV1-3,IGHD2-2,IGHJ3,IGHM,True,True,CARVYCSSTSCFPVNAFDIW,TGTGCGAGGGTGTATTGTAGTAGTACCAGCTGCTTTCCGGTAAACGCTTTTGATATCTGG
234,clonotype204,clonotype204_consensus_1,705,IGH,IGHV1-46,IGHD7-27,IGHJ5,IGHM,True,True,CARGDNWFDPW,TGTGCGAGAGGGGACAACTGGTTCGACCCCTGG
235,clonotype204,clonotype204_consensus_2,743,IGK,IGKV4-1,None,IGKJ1,IGKC,True,True,CQQYYSTPRTF,TGTCAGCAATATTATAGTACTCCTCGGACGTTC
236,clonotype205,clonotype205_consensus_1,727,IGH,IGHV1-18,IGHD4-17,IGHJ5,IGHM,True,True,CARDSWRYGDYVKERFDPW,TGTGCGAGAGATAGTTGGCGCTACGGTGACTACGTGAAGGAGCGCTTCGACCCCTGG
237,clonotype205,clonotype205_consensus_2,710,IGK,IGKV3-11,None,IGKJ5,IGKC,True,True,CQQRSNWITF,TGTCAGCAGCGTAGCAACTGGATCACCTTC
238,clonotype206,clonotype206_consensus_1,718,IGH,IGHV4-39,IGHD2-15,IGHJ4,IGHM,True,True,CARLVGATAHW,TGTGCGAGACTGGTGGGAGCTACTGCTCACTGG
239,clonotype206,clonotype206_consensus_2,687,IGL,IGLV2-14,None,IGLJ3,IGLC2,True,True,CSSYTSSSTVVF,TGCAGCTCATATACAAGCAGCAGCACTGTGGTATTC
240,clonotype207,clonotype207_consensus_2,728,IGH,IGHV4-39,IGHD3-22,IGHJ4,IGHM,True,True,CASWVPYGGTYYDSSVPFDYW,TGTGCGTCGTGGGTACCCTATGGAGGGACTTACTATGATAGTAGTGTCCCCTTTGACTACTGG
241,clonotype207,clonotype207_consensus_1,782,IGK,IGKV3-20,None,IGKJ4,IGKC,True,True,CQQYGTSPQTTF,TGTCAGCAGTATGGTACCTCACCTCAGACCACTTTC
242,clonotype208,clonotype208_consensus_2,610,IGH,IGHV5-10-1,IGHD2-2,IGHJ5,IGHM,True,True,CAIATVYCSSTSCYSPKAPRWW,TGTGCGATCGCGACCGTATATTGTAGTAGTACCAGCTGCTATTCCCCCAAGGCTCCACGGTGGTGG
243,clonotype208,clonotype208_consensus_1,698,IGK,IGKV2-29,None,IGKJ2,IGKC,True,True,CMQGIHLPRTF,TGCATGCAAGGTATACACCTTCCAAGGACTTTT
244,clonotype209,clonotype209_consensus_1,713,IGH,IGHV4-61,IGHD3-16,IGHJ5,IGHD,True,True,CAREGAGWFDPW,TGTGCGAGAGAGGGGGCCGGGTGGTTCGACCCCTGG
245,clonotype209,clonotype209_consensus_2,661,IGK,IGKV1-39,None,IGKJ2,IGKC,True,True,CQQSYSTPYTF,TGTCAACAGAGTTACAGTACCCCGTACACTTTT
246,clonotype21,clonotype21_consensus_1,586,IGH,IGHV3-49,IGHD6-13,IGHJ4,IGHM,True,True,CTREEGYSSSWYGGYW,TGTACTAGAGAAGAGGGGTATAGCAGCAGCTGGTACGGCGGGTACTGG
247,clonotype21,clonotype21_consensus_2,768,IGK,IGKV4-1,None,IGKJ4,IGKC,True,True,CQQYYSTPLTF,TGTCAGCAATATTATAGTACTCCACTCACTTTC
248,clonotype210,clonotype210_consensus_1,658,IGK,IGKV1-39,None,IGKJ2,IGKC,True,True,CQQSYSTHTF,TGTCAACAGAGTTACAGTACCCACACTTTT
249,clonotype210,clonotype210_consensus_2,606,IGH,IGHV3-21,IGHD3-22,IGHJ3,IGHM,True,True,CARAYYDSSGYYDAFDIW,TGTGCGAGAGCTTACTATGATAGTAGTGGTTATTATGATGCTTTTGATATCTGG
250,clonotype211,clonotype211_consensus_1,711,IGL,IGLV3-19,None,IGLJ3,IGLC3,True,True,CNSRDSSGNHLVF,TGTAACTCCCGGGACAGCAGTGGTAACCATCTGGTATTC
251,clonotype211,clonotype211_consensus_2,745,IGH,IGHV3-9,IGHD6-13,IGHJ3,IGHD,True,True,CAKDKGIAAEGSFDIW,TGTGCAAAAGATAAGGGAATAGCAGCAGAGGGATCATTTGATATCTGG
252,clonotype212,clonotype212_consensus_1,664,IGH,IGHV3-66,IGHD1-26,IGHJ6,IGHA1,True,True,CASVSGHYYYYGMDVW,TGCGCGAGCGTCAGTGGGCACTACTACTACTACGGTATGGACGTCTGG
253,clonotype212,clonotype212_consensus_2,683,IGK,IGKV2-28,None,IGKJ1,IGKC,True,True,CMQVLQTVTWTF,TGCATGCAAGTTCTACAAACTGTCACGTGGACGTTC
254,clonotype213,clonotype213_consensus_1,716,IGH,IGHV3-53,IGHD3-10,IGHJ4,IGHM,True,True,CARGSIRDYW,TGTGCGAGAGGGTCGATTCGGGACTACTGG
255,clonotype213,clonotype213_consensus_2,659,IGK,IGKV6-21,None,IGKJ4,IGKC,True,True,CHQSSSFPLTF,TGTCATCAGAGTAGTAGTTTTCCGCTCACTTTC
256,clonotype214,clonotype214_consensus_1,719,IGH,IGHV4-31,IGHD3-10,IGHJ5,IGHM,True,True,CARFKGPDRKWFDPW,TGTGCGAGATTTAAAGGGCCGGACCGGAAGTGGTTCGACCCCTGG
257,clonotype214,clonotype214_consensus_2,722,IGL,IGLV1-44,None,IGLJ3,IGLC2,True,True,CATWDDSLIGPVF,TGTGCGACATGGGATGACAGCCTGATTGGTCCGGTGTTC
258,clonotype215,clonotype215_consensus_2,727,IGH,IGHV2-70,IGHD3-10,IGHJ6,IGHM,True,True,CARTRLWFGDGLGMDVW,TGTGCACGGACCCGACTATGGTTCGGGGACGGACTTGGTATGGACGTCTGG
259,clonotype215,clonotype215_consensus_1,761,IGL,IGLV3-1,None,IGLJ3,IGLC2,True,True,CQAWDSSTVVF,TGTCAGGCGTGGGACAGCAGCACTGTGGTATTC
260,clonotype216,clonotype216_consensus_1,694,IGL,IGLV3-25,None,IGLJ3,IGLC2,True,True,CQSADSSGTWVF,TGTCAATCAGCAGACAGCAGTGGTACTTGGGTGTTC
261,clonotype216,clonotype216_consensus_2,712,IGH,IGHV1-46,IGHD3-10,IGHJ4,IGHM,True,True,CARGRDYYFDYW,TGTGCGAGAGGGAGGGATTACTACTTTGACTACTGG
262,clonotype217,clonotype217_consensus_1,689,IGK,IGKV3-11,None,IGKJ4,IGKC,True,True,CQQRSNWPPTLTF,TGTCAGCAGCGTAGCAACTGGCCTCCCACGCTCACTTTC
263,clonotype217,clonotype217_consensus_2,584,IGH,IGHV3-30-3,IGHD4-4,IGHJ4,IGHM,True,True,CARGPMTTVTTGSPDDYW,TGTGCGAGAGGCCCCATGACTACAGTAACTACGGGTTCCCCGGACGACTACTGG
264,clonotype218,clonotype218_consensus_2,628,IGH,IGHV3-64,IGHD2-21,IGHJ3,IGHM,True,True,CARVRAYCGGDCSLRAFDIW,TGTGCGAGAGTTAGGGCATATTGTGGTGGTGACTGCTCCCTGCGGGCTTTTGATATCTGG
265,clonotype218,clonotype218_consensus_1,748,IGK,IGKV1-39,None,IGKJ1,IGKC,True,True,CQQSYSTPWTF,TGTCAACAGAGTTACAGTACCCCTTGGACGTTC
266,clonotype219,clonotype219_consensus_1,699,IGL,IGLV2-11,None,IGLJ3,IGLC3,True,True,CCSYAGSYTLVF,TGCTGCTCATATGCAGGCAGCTACACTTTGGTATTC
267,clonotype219,clonotype219_consensus_2,682,IGH,IGHV4-39,IGHD2-2,IGHJ5,IGHG1,True,True,CARRGDIVVVPAASNWFDPW,TGTGCGAGACGGGGGGATATTGTAGTAGTACCAGCTGCCTCAAACTGGTTCGACCCCTGG
268,clonotype22,clonotype22_consensus_1,563,IGH,IGHV4-30-2,IGHD6-13,IGHJ6,IGHM,True,True,CARVYRNTVGENYYYYYMDVW,TGTGCCAGAGTGTATCGCAACACCGTGGGGGAGAACTACTACTACTACTACATGGACGTCTGG
269,clonotype22,clonotype22_consensus_2,658,IGK,IGKV1-39,None,IGKJ1,IGKC,True,True,CQQSYSTPVTF,TGTCAACAGAGTTACAGTACCCCTGTGACGTTC
270,clonotype220,clonotype220_consensus_2,678,IGK,IGKV2-24,None,IGKJ4,IGKC,True,True,CMQTTQFPLTF,TGTATGCAGACCACACAATTTCCGCTCACTTTC
271,clonotype220,clonotype220_consensus_1,744,IGH,IGHV3-23,IGHD6-13,IGHJ5,IGHM,True,True,CTKDAIVAPAFNWFDPW,TGTACGAAAGATGCTATTGTAGCACCTGCGTTCAATTGGTTCGACCCCTGG
272,clonotype221,clonotype221_consensus_1,722,IGH,IGHV3-7,IGHD3-16,IGHJ4,IGHM,True,True,CVRSLWGRYW,TGTGTGAGAAGTCTATGGGGGCGATACTGG
273,clonotype221,clonotype221_consensus_2,671,IGL,IGLV3-10,None,IGLJ1,IGLC1,True,True,CYSTDSSDNQYVF,TGTTACTCAACAGACAGCAGTGATAATCAGTATGTCTTC
274,clonotype222,clonotype222_consensus_1,753,IGK,IGKV1-39,None,IGKJ4,IGKC,True,True,CQQSYSTPLTF,TGTCAACAGAGTTACAGTACCCCTCTCACTTTC
275,clonotype222,clonotype222_consensus_2,603,IGH,IGHV3-7,IGHD3-3,IGHJ5,IGHM,True,True,CAREVGLRFLEWLPKNWFDPW,TGTGCGAGAGAGGTGGGGCTACGATTTTTGGAGTGGTTACCAAAAAACTGGTTCGACCCCTGG
276,clonotype223,clonotype223_consensus_2,609,IGH,IGHV3-21,IGHD3-22,IGHJ3,IGHM,True,True,CARDDRWEAYYYDSSGYPEGAFDIW,TGTGCGAGAGATGACCGGTGGGAGGCTTATTACTATGATAGTAGTGGTTACCCCGAGGGTGCTTTTGATATCTGG
277,clonotype223,clonotype223_consensus_3,650,IGL,IGLV1-47,None,IGLJ3,IGLC2,True,True,CAAWDDRLSGPVF,TGTGCAGCATGGGATGACAGGCTGAGTGGTCCGGTATTC
278,clonotype223,clonotype223_consensus_1,655,IGK,IGKV1-9,None,IGKJ1,IGKC,True,True,CQQLNSYPRTF,TGTCAACAGCTTAATAGTTACCCTCGAACGTTC
279,clonotype224,clonotype224_consensus_1,807,IGL,IGLV3-21,None,IGLJ3,IGLC2,True,True,CQVWDSSSDLHVVF,TGTCAGGTGTGGGATAGTAGTAGTGATCTTCATGTGGTATTC
280,clonotype224,clonotype224_consensus_2,796,IGH,IGHV3-66,IGHD2-15,IGHJ4,IGHM,True,True,CAREKRGYCSGGSCYQPYYFDYW,TGTGCGAGAGAGAAGCGTGGATATTGTAGTGGTGGTAGCTGCTACCAACCGTACTACTTTGACTACTGG
281,clonotype225,clonotype225_consensus_2,737,IGH,IGHV3-7,IGHD7-27,IGHJ3,IGHG2,True,True,CAKDNWGQGIEDAFDVW,TGTGCGAAAGATAATTGGGGACAAGGGATTGAGGATGCTTTTGATGTCTGG
282,clonotype225,clonotype225_consensus_1,698,IGL,IGLV1-40,None,IGLJ3,IGLC2,True,True,CQSYDNILSNWVF,TGTCAGTCCTATGACAACATCCTGAGTAATTGGGTGTTC
283,clonotype226,clonotype226_consensus_2,694,IGL,IGLV1-51,None,IGLJ3,IGLC2,True,True,CGTWDSSLSANWVF,TGCGGAACATGGGATAGCAGCCTGAGTGCCAATTGGGTGTTC
284,clonotype226,clonotype226_consensus_1,732,IGH,IGHV5-10-1,IGHD6-19,IGHJ5,IGHM,True,True,CARHSAERHGYSSGWYDYW,TGTGCGAGACATTCGGCCGAACGACACGGGTATAGCAGTGGCTGGTACGACTACTGG
285,clonotype227,clonotype227_consensus_2,694,IGL,IGLV1-51,None,IGLJ3,IGLC2,True,True,CGTWDSSLSAWVF,TGCGGAACATGGGATAGCAGCCTGAGTGCTTGGGTGTTC
286,clonotype227,clonotype227_consensus_1,645,IGH,IGHV3-21,IGHD2-2,IGHJ5,IGHM,True,True,CASLRIVVVPAPPSSPLHSNWFDPW,TGTGCGAGTTTACGGATTGTAGTAGTACCAGCACCCCCCTCAAGCCCGCTCCATTCGAACTGGTTCGACCCCTGG
287,clonotype228,clonotype228_consensus_1,693,IGH,IGHV3-23,IGHD2-2,IGHJ4,IGHG3,True,True,CAKSGSSSTFRFDYW,TGTGCGAAAAGTGGTAGTAGTTCCACTTTCCGCTTTGACTACTGG
288,clonotype228,clonotype228_consensus_2,675,IGK,IGKV1-5,None,IGKJ1,IGKC,True,True,CQQYNSYSTF,TGCCAACAGTATAATAGTTATTCGACGTTC
289,clonotype229,clonotype229_consensus_2,692,IGL,IGLV1-51,None,IGLJ3,IGLC2,True,True,CGTWDSSLSAVVF,TGCGGAACATGGGATAGCAGCCTGAGTGCTGTGGTATTC
290,clonotype229,clonotype229_consensus_1,607,IGH,IGHV3-23,IGHD5-5,IGHJ6,IGHM,True,True,CAKDQQGYSYDYYYYYGMDVW,TGTGCGAAAGATCAACAAGGATACAGCTATGACTACTACTACTACTACGGTATGGACGTCTGG
291,clonotype23,clonotype23_consensus_2,702,IGL,IGLV2-11,None,IGLJ3,IGLC3,True,True,CCSYAGSYTFNWVF,TGCTGCTCATATGCAGGCAGCTACACTTTCAATTGGGTGTTC
292,clonotype23,clonotype23_consensus_1,750,IGH,IGHV3-23,IGHD3-10,IGHJ5,IGHM,True,True,CAKGFVPSGSIPYNWFDPW,TGTGCGAAAGGGTTCGTCCCTTCGGGCAGCATTCCCTACAACTGGTTCGACCCCTGG
293,clonotype230,clonotype230_consensus_1,783,IGL,IGLV1-44,None,IGLJ3,IGLC2,True,True,CAAWDDSLNGWVF,TGTGCAGCATGGGATGACAGCCTGAATGGTTGGGTGTTC
294,clonotype230,clonotype230_consensus_2,744,IGH,IGHV3-21,IGHD3-22,IGHJ5,IGHM,True,True,CAREYYYDSSGHWFDPW,TGTGCGAGAGAGTACTACTATGATAGTAGTGGTCACTGGTTCGACCCCTGG
295,clonotype231,clonotype231_consensus_1,830,IGK,IGKV3-20,None,IGKJ5,IGKC,True,True,CQQYGSSPPITF,TGTCAGCAGTATGGTAGCTCACCTCCGATCACCTTC
296,clonotype231,clonotype231_consensus_2,678,IGK,IGKV1-8,None,IGKJ1,IGKC,True,True,CQQYYSYPRTF,TGTCAACAGTATTATAGTTACCCTCGGACGTTC
297,clonotype231,clonotype231_consensus_3,559,IGH,IGHV4-59,IGHD3-3,IGHJ4,IGHM,True,True,CAREPTKFGGGYFDYW,TGTGCGAGAGAACCTACCAAATTTGGGGGGGGCTACTTTGACTACTGG
298,clonotype232,clonotype232_consensus_1,677,IGK,IGKV2-24,None,IGKJ2,IGKC,True,True,CMQATQFPYTF,TGCATGCAAGCTACACAATTTCCTTACACTTTT
299,clonotype232,clonotype232_consensus_2,764,IGH,IGHV5-10-1,IGHD2-15,IGHJ6,IGHD,True,True,CAREWELPGMDVW,TGTGCGAGGGAGTGGGAGCTACCAGGTATGGACGTCTGG
300,clonotype233,clonotype233_consensus_2,758,IGH,IGHV7-4-1,IGHD3-22,IGHJ4,IGHG1,True,True,CATDFSSGYSLDYW,TGTGCGACAGATTTTAGTAGTGGTTATTCACTTGACTACTGG
301,clonotype233,clonotype233_consensus_1,690,IGL,IGLV1-44,None,IGLJ3,IGLC2,True,True,CAAYDDNLNAVVF,TGTGCAGCATACGATGACAACCTGAATGCTGTGGTATTC
302,clonotype234,clonotype234_consensus_2,740,IGH,IGHV1-3,IGHD3-10,IGHJ6,IGHM,True,True,CARREEKYYGSGSYYNYYYYGMDVW,TGTGCGAGAAGGGAGGAGAAGTACTATGGTTCGGGGAGTTATTATAACTACTACTACTACGGTATGGACGTCTGG
303,clonotype234,clonotype234_consensus_1,676,IGK,IGKV2-28,None,IGKJ2,IGKC,True,True,CMQALQTPHTF,TGCATGCAAGCTCTACAAACTCCTCACACTTTT
304,clonotype235,clonotype235_consensus_1,795,IGK,IGKV3-15,None,IGKJ2,IGKC,True,True,CQQYNNWPTF,TGTCAGCAGTATAATAACTGGCCCACTTTT
305,clonotype235,clonotype235_consensus_2,762,IGH,IGHV4-39,IGHD2-15,IGHJ2,IGHM,True,True,CARHPRLGYCSGGSCTGDWYFDLW,TGTGCGAGACATCCGAGATTAGGATATTGTAGTGGTGGTAGCTGCACCGGCGACTGGTACTTCGATCTCTGG
306,clonotype236,clonotype236_consensus_1,760,IGL,IGLV3-1,None,IGLJ3,IGLC2,True,True,CQAWDSSTAVF,TGTCAGGCGTGGGACAGCAGCACTGCGGTGTTC
307,clonotype236,clonotype236_consensus_2,606,IGH,IGHV1-24,IGHD3-3,IGHJ3,IGHD,True,True,CATDSERITIFEDAFDIW,TGTGCAACAGACTCTGAACGTATTACGATTTTTGAAGATGCTTTTGATATCTGG
308,clonotype237,clonotype237_consensus_2,693,IGK,IGKV3-20,None,IGKJ3,IGKC,True,True,CQQYGSSPPKFTF,TGTCAGCAGTATGGTAGCTCACCTCCGAAATTCACTTTC
309,clonotype237,clonotype237_consensus_1,736,IGH,IGHV7-4-1,IGHD2-15,IGHJ5,IGHM,True,True,CARDEGYCSGGSCYEFGTLDPW,TGTGCGAGAGATGAGGGATATTGTAGTGGTGGTAGCTGCTACGAATTTGGGACTCTCGACCCCTGG
310,clonotype238,clonotype238_consensus_2,680,IGL,IGLV3-25,None,IGLJ3,IGLC2,True,True,CQSADSSGTWVF,TGTCAATCAGCAGACAGCAGTGGTACTTGGGTGTTC
311,clonotype238,clonotype238_consensus_1,580,IGH,IGHV3-30-3,IGHD3-22,IGHJ4,IGHM,True,True,CARDEDYYDSSGYYADYW,TGTGCGAGAGATGAGGATTACTATGATAGTAGTGGTTATTATGCGGACTACTGG
312,clonotype239,clonotype239_consensus_1,667,IGK,IGKV1-8,None,IGKJ1,IGKC,True,True,CQQYYSYPRTF,TGTCAACAGTATTATAGTTACCCTCGGACGTTC
313,clonotype239,clonotype239_consensus_2,587,IGH,IGHV3-9,IGHD3-10,IGHJ3,IGHM,True,True,CAKVGIGAFDIW,TGTGCAAAAGTAGGGATCGGTGCTTTTGATATCTGG
314,clonotype24,clonotype24_consensus_1,688,IGL,IGLV2-14,None,IGLJ1,IGLC1,True,True,CSSYTSSSTSPYVF,TGCAGCTCATATACAAGCAGCAGCACTTCCCCTTATGTCTTC
315,clonotype24,clonotype24_consensus_2,807,IGH,IGHV3-72,IGHD4-17,IGHJ6,IGHG1,True,True,CVRLGYGDPGNYYYGMDVW,TGTGTTAGATTAGGGTACGGTGACCCCGGCAACTACTACTACGGTATGGACGTCTGG
316,clonotype240,clonotype240_consensus_1,907,IGK,IGKV4-1,None,IGKJ1,IGKC,True,True,CQQYYSTPRTF,TGTCAGCAATATTATAGTACTCCTCGGACGTTC
317,clonotype240,clonotype240_consensus_2,739,IGH,IGHV1-69,IGHD3-22,IGHJ4,IGHM,True,True,CARDNPFYYDSSGYYWGYFDYW,TGTGCGAGAGATAATCCCTTTTACTATGATAGTAGTGGTTATTACTGGGGCTACTTTGACTACTGG
318,clonotype241,clonotype241_consensus_1,676,IGK,IGKV4-1,None,IGKJ2,IGKC,True,True,CHQYYSYQNTF,TGTCACCAATATTATAGTTATCAGAATACTTTT
319,clonotype241,clonotype241_consensus_2,729,IGH,IGHV3-33,IGHD7-27,IGHJ4,IGHM,True,True,CAKDHSGAIDYW,TGTGCGAAAGATCACTCTGGGGCTATTGACTACTGG
320,clonotype242,clonotype242_consensus_1,666,IGK,IGKV3-15,None,IGKJ2,IGKC,True,True,CQQYNNWPLYTF,TGTCAGCAGTATAATAACTGGCCTCTGTACACTTTT
321,clonotype243,clonotype243_consensus_2,663,IGK,IGKV1-5,None,IGKJ1,IGKC,True,True,CQQYNSYPWTF,TGCCAACAGTATAATAGTTATCCGTGGACGTTC
322,clonotype243,clonotype243_consensus_1,564,IGH,IGHV4-39,IGHD4-17,IGHJ4,IGHM,True,True,CARHDYGDRDFDYW,TGTGCGAGACATGACTACGGTGACCGGGACTTTGACTACTGG
323,clonotype244,clonotype244_consensus_2,652,IGH,IGHV4-39,IGHD6-6,IGHJ6,IGHD,True,True,CATNVAARFYYYMDVW,TGTGCGACCAATGTAGCAGCTCGCTTCTACTACTACATGGACGTCTGG
324,clonotype244,clonotype244_consensus_1,679,IGL,IGLV2-14,None,IGLJ3,IGLC3,True,True,CSSYTSSSTLVF,TGCAGCTCATATACAAGCAGCAGCACTTTGGTATTC
325,clonotype245,clonotype245_consensus_1,687,IGK,IGKV3-15,None,IGKJ4,IGKC,True,True,CQQYNNWPPLTF,TGTCAGCAGTATAATAACTGGCCTCCGCTCACTTTC
326,clonotype245,clonotype245_consensus_2,593,IGH,IGHV4-31,IGHD3-9,IGHJ3,IGHM,True,True,CARAFTDLRYFDWEPYAFDIW,TGTGCGAGAGCATTTACCGACCTACGATATTTTGACTGGGAGCCGTATGCTTTTGATATCTGG
327,clonotype246,clonotype246_consensus_2,682,IGL,IGLV2-14,None,IGLJ1,IGLC1,True,True,CSSYTSSSTPCVF,TGCAGCTCATATACAAGCAGCAGCACTCCTTGTGTCTTC
328,clonotype246,clonotype246_consensus_1,723,IGH,IGHV4-34,IGHD2-2,IGHJ4,IGHM,True,True,CAREGDIVVVPAAKKGYYFDYW,TGTGCGAGAGAGGGGGATATTGTAGTAGTACCAGCTGCTAAAAAGGGATACTACTTTGACTACTGG
329,clonotype247,clonotype247_consensus_2,757,IGH,IGHV3-49,IGHD2-2,IGHJ4,IGHM,True,True,CTRDLDIVVVPAARPGDYW,TGTACTAGAGACTTGGATATTGTAGTAGTACCAGCTGCTAGGCCTGGGGACTACTGG
330,clonotype247,clonotype247_consensus_1,675,IGK,IGKV3-15,None,IGKJ2,IGKC,True,True,CQQYNNWPQYTF,TGTCAGCAGTATAATAACTGGCCTCAGTACACTTTT
331,clonotype248,clonotype248_consensus_2,690,IGK,IGKV3-15,None,IGKJ1,IGKC,True,True,CQQYSTWTF,TGTCAGCAGTATAGCACGTGGACGTTC
332,clonotype248,clonotype248_consensus_1,589,IGH,IGHV3-23,IGHD3-22,IGHJ4,IGHM,True,True,CAKDFSQSSGTSKGMVCDYW,TGTGCGAAAGATTTCTCCCAAAGTAGTGGTACTTCAAAAGGGATGGTTTGTGACTACTGG
333,clonotype25,clonotype25_consensus_1,692,IGL,IGLV1-51,None,IGLJ1,IGLC2,True,True,CATWDTSLSAHVF,TGCGCAACATGGGATACCAGCCTGAGTGCCCATGTCTTC
334,clonotype25,clonotype25_consensus_2,543,IGH,IGHV4-39,IGHD3-16,IGHJ4,IGHM,True,True,CARHEHGGGHDYW,TGTGCGAGACATGAACACGGGGGGGGCCATGACTACTGG
335,clonotype26,clonotype26_consensus_2,772,IGH,IGHV3-33,IGHD3-9,IGHJ4,IGHM,True,True,CARGAGQNTVFDYW,TGTGCGAGAGGAGCTGGTCAGAATACCGTATTTGACTACTGG
336,clonotype26,clonotype26_consensus_1,682,IGL,IGLV2-11,None,IGLJ3,IGLC2,True,True,CCSYAGSYTVVF,TGCTGCTCATATGCAGGCAGCTACACTGTGGTATTC
337,clonotype27,clonotype27_consensus_2,665,IGK,IGKV1-39,None,IGKJ2,IGKC,True,True,CQQSYSTPYTF,TGTCAACAGAGTTACAGTACCCCCTACACTTTT
338,clonotype27,clonotype27_consensus_1,654,IGH,IGHV3-64D,IGHD3-22,IGHJ5,IGHM,True,True,CVKGSTYYYDSSPSWFDPW,TGTGTGAAAGGCAGTACCTATTACTATGATAGTAGCCCCAGCTGGTTCGACCCCTGG
339,clonotype28,clonotype28_consensus_1,714,IGK,IGKV3-20,None,IGKJ2,IGKC,True,True,CQQYGSSRYTF,TGTCAGCAGTATGGTAGCTCACGGTACACTTTT
340,clonotype28,clonotype28_consensus_2,778,IGH,IGHV1-8,IGHD3-10,IGHJ3,IGHD,True,True,CARGGSSYYYGSGRNYLRSKAFDIW,TGTGCGAGAGGCGGCTCTTCGTATTACTATGGTTCGGGGAGAAATTACTTAAGGTCTAAGGCTTTTGATATCTGG
341,clonotype29,clonotype29_consensus_1,661,IGK,IGKV1-NL1,None,IGKJ2,IGKC,True,True,CQQYYTTPYTF,TGTCAACAGTATTATACTACCCCGTACACTTTT
342,clonotype29,clonotype29_consensus_2,690,IGH,IGHV2-5,IGHD2-2,IGHJ3,IGHM,True,True,CAHMVEVPFDMVQAFDIW,TGTGCACACATGGTGGAAGTACCATTTGATATGGTTCAGGCTTTTGATATCTGG
343,clonotype3,clonotype3_consensus_2,682,IGL,IGLV2-14,None,IGLJ3,IGLC2,True,True,CSSYTSSSTLVF,TGCAGCTCATATACAAGCAGCAGCACTTTGGTATTC
344,clonotype3,clonotype3_consensus_1,723,IGH,IGHV1-3,IGHD2-2,IGHJ4,IGHM,True,True,CARALVPAAMAKLGLDYW,TGTGCGAGAGCCCTAGTACCAGCTGCTATGGCGAAGTTGGGGTTGGACTACTGG
345,clonotype30,clonotype30_consensus_1,779,IGL,IGLV1-47,None,IGLJ3,IGLC3,True,True,CAAWDDSLSVLF,TGTGCAGCATGGGATGACAGCCTGAGTGTCTTATTC
346,clonotype30,clonotype30_consensus_2,758,IGH,IGHV4-34,IGHD2-8,IGHJ6,IGHD,True,True,CAREAGGYDSDGMDVW,TGTGCGAGAGAGGCGGGTGGCTACGATTCCGACGGTATGGACGTCTGG
347,clonotype31,clonotype31_consensus_2,720,IGH,IGHV4-39,IGHD3-3,IGHJ4,IGHM,True,True,CSRQRPEDYDFWSGPLYYFDYW,TGTTCGAGACAGAGGCCGGAAGATTACGATTTTTGGAGTGGTCCCCTCTACTACTTTGACTACTGG
348,clonotype31,clonotype31_consensus_1,680,IGL,IGLV2-14,None,IGLJ3,IGLC2,True,True,CSSYTSSSTLVF,TGCAGCTCATATACAAGCAGCAGCACTCTAGTATTC
349,clonotype32,clonotype32_consensus_1,585,IGH,IGHV3-23,IGHD3-10,IGHJ5,IGHM,True,True,CAKVKVVVRGAINWFDPW,TGTGCGAAAGTTAAGGTGGTGGTTCGGGGAGCTATCAACTGGTTCGACCCCTGG
350,clonotype32,clonotype32_consensus_2,683,IGK,IGKV1D-13,None,IGKJ2,IGKC,True,True,CQQFNNYSYTF,TGTCAACAGTTTAATAATTACTCGTACACTTTT
351,clonotype33,clonotype33_consensus_1,664,IGH,IGHV3-48,IGHD5-12,IGHJ4,IGHA1,True,True,CARDGGYTGFDFDYW,TGTGCGAGAGATGGCGGATATACTGGCTTCGACTTTGACTACTGG
352,clonotype33,clonotype33_consensus_2,672,IGK,IGKV3-11,None,IGKJ1,IGKC,True,True,CLQRSKWPRTF,TGTCTGCAGCGTAGCAAGTGGCCTCGGACGTTC
353,clonotype34,clonotype34_consensus_2,684,IGK,IGKV1-12,None,IGKJ4,IGKC,True,True,CQQAITIPGTSF,TGTCAACAGGCTATCACTATCCCCGGGACCTCTTTC
354,clonotype34,clonotype34_consensus_1,713,IGH,IGHV3-21,IGHD3-3,IGHJ4,IGHG2,True,True,CVRGFSNYFDHW,TGTGTGAGAGGGTTTTCAAACTACTTTGACCACTGG
355,clonotype35,clonotype35_consensus_1,734,IGH,IGHV3-48,IGHD4-17,IGHJ4,IGHM,True,True,CARVHGDYLGLDYW,TGTGCGAGAGTTCACGGTGACTACTTGGGCCTTGACTACTGG
356,clonotype35,clonotype35_consensus_2,713,IGL,IGLV2-14,None,IGLJ3,IGLC2,True,True,CSSYTSSSTWVF,TGCAGCTCATATACAAGCAGCAGCACTTGGGTGTTC
357,clonotype36,clonotype36_consensus_2,684,IGL,IGLV2-14,None,IGLJ3,IGLC2,True,True,CSSYTRSSTPWVF,TGCAGCTCATATACACGCAGCAGCACTCCTTGGGTGTTC
358,clonotype36,clonotype36_consensus_1,747,IGH,IGHV3-21,IGHD6-6,IGHJ6,IGHM,True,True,CARITSTSSDYYYYMDVW,TGTGCGAGGATAACTAGCACCTCGTCCGACTACTACTACTACATGGACGTCTGG
359,clonotype37,clonotype37_consensus_2,682,IGL,IGLV2-14,None,IGLJ3,IGLC2,True,True,CSSYTSSSTWVF,TGCAGCTCATATACAAGCAGCAGCACTTGGGTGTTC
360,clonotype37,clonotype37_consensus_1,629,IGH,IGHV3-49,IGHD3-10,IGHJ5,IGHM,True,True,CTRVAHLVWFGERWFDPW,TGTACTAGAGTGGCCCACCTTGTATGGTTCGGGGAACGATGGTTCGACCCCTGG
361,clonotype38,clonotype38_consensus_1,697,IGL,IGLV2-14,None,IGLJ1,IGLC1,True,True,CSSYTSSSTLVF,TGCAGCTCATATACAAGCAGCAGCACTCTCGTCTTC
362,clonotype38,clonotype38_consensus_2,753,IGH,IGHV1-18,IGHD3-3,IGHJ5,IGHM,True,True,CARQGYDFWSGPKPLTNWFDPW,TGTGCCCGTCAGGGGTACGATTTTTGGAGTGGTCCTAAACCACTAACCAACTGGTTCGACCCCTGG
363,clonotype39,clonotype39_consensus_2,766,IGH,IGHV3-9,IGHD2-21,IGHJ4,IGHM,True,True,CAKSLGPYCGGDCYSFGYW,TGTGCAAAGAGCCTGGGGCCGTATTGTGGTGGTGATTGCTATTCATTCGGCTACTGG
364,clonotype39,clonotype39_consensus_1,793,IGL,IGLV3-21,None,IGLJ3,IGLC2,True,True,CQVWDSSSDHPDVVF,TGTCAGGTGTGGGATAGTAGTAGTGATCATCCGGATGTGGTATTC
365,clonotype4,clonotype4_consensus_2,782,IGH,IGHV3-53,IGHD3-22,IGHJ4,IGHG1,True,True,CARERPYDSSGYFDYW,TGTGCGAGAGAACGACCCTATGATAGTAGTGGTTATTTTGACTACTGG
366,clonotype4,clonotype4_consensus_1,851,IGK,IGKV4-1,None,IGKJ4,IGKC,True,True,CQQYYSTPLTF,TGTCAGCAATATTATAGTACTCCGCTCACTTTC
367,clonotype40,clonotype40_consensus_1,676,IGK,IGKV2-28,None,IGKJ1,IGKC,True,True,CMQALQTPSAF,TGCATGCAAGCTCTACAAACTCCCTCCGCGTTC
368,clonotype41,clonotype41_consensus_1,765,IGL,IGLV3-1,None,IGLJ3,IGLC2,True,True,CQAWDSSTAVF,TGTCAGGCGTGGGACAGCAGCACTGCGGTATTC
369,clonotype41,clonotype41_consensus_2,704,IGH,IGHV4-39,IGHD6-19,IGHJ5,IGHM,True,True,CSTVAGPGVGSWFDPW,TGCTCTACAGTGGCTGGTCCGGGCGTAGGGAGCTGGTTCGACCCCTGG
370,clonotype42,clonotype42_consensus_2,873,IGK,IGKV4-1,None,IGKJ4,IGKC,True,True,CQQYYSLPLTF,TGTCAGCAATATTATAGTCTTCCCCTCACTTTC
371,clonotype42,clonotype42_consensus_1,659,IGH,IGHV3-74,IGHD5-12,IGHJ4,IGHG1,True,True,CVRYAPYSDYW,TGTGTTCGGTACGCCCCATATTCCGACTACTGG
372,clonotype43,clonotype43_consensus_1,704,IGH,IGHV4-4,IGHD3-22,IGHJ4,IGHM,True,True,CARDSSGSVDYW,TGTGCGAGAGATAGTAGTGGTTCTGTTGACTACTGG
373,clonotype43,clonotype43_consensus_2,704,IGK,IGKV3-20,None,IGKJ1,IGKC,True,True,CQQYGSSPRTF,TGTCAGCAGTATGGTAGCTCACCTCGGACGTTC
374,clonotype44,clonotype44_consensus_2,593,IGH,IGHV3-21,IGHD3-10,IGHJ2,IGHM,True,True,CAREPGFGELLLRDWYFDLW,TGTGCGAGAGAGCCAGGGTTCGGGGAGTTATTACTAAGGGACTGGTACTTCGATCTCTGG
375,clonotype44,clonotype44_consensus_1,683,IGK,IGKV1D-8,None,IGKJ1,IGKC,True,True,CQQYYSFPRTF,TGTCAACAGTATTATAGTTTCCCTCGGACGTTC
376,clonotype45,clonotype45_consensus_2,734,IGH,IGHV3-33,IGHD6-19,IGHJ4,IGHM,True,True,CAKDIAVAGYFDYW,TGTGCGAAAGATATAGCAGTGGCTGGATACTTTGACTACTGG
377,clonotype45,clonotype45_consensus_1,680,IGL,IGLV2-14,None,IGLJ3,IGLC2,True,True,CSSYTSSSTWVF,TGCAGCTCATATACAAGCAGCAGCACCTGGGTGTTC
378,clonotype46,clonotype46_consensus_1,709,IGL,IGLV3-1,None,IGLJ3,IGLC3,True,True,CQAWDSSTVVF,TGTCAGGCGTGGGACAGCAGCACTGTGGTATTC
379,clonotype46,clonotype46_consensus_2,562,IGH,IGHV4-39,IGHD2-8,IGHJ2,IGHM,True,True,CARPYTTQYWYFDLW,TGTGCGAGACCCTATACGACGCAATACTGGTACTTCGATCTCTGG
380,clonotype47,clonotype47_consensus_2,694,IGK,IGKV1-33,None,IGKJ1,IGKC,True,True,CQQYDNLPPWTF,TGTCAACAGTATGATAATCTCCCTCCGTGGACGTTC
381,clonotype47,clonotype47_consensus_1,615,IGH,IGHV3-7,IGHD3-9,IGHJ4,IGHM,True,True,CARDVPNVLRYFVIKEYGGKFDYW,TGTGCGAGAGATGTCCCTAACGTATTACGATATTTTGTAATCAAAGAGTACGGAGGCAAATTTGACTACTGG
382,clonotype48,clonotype48_consensus_1,745,IGH,IGHV3-48,IGHD3-3,IGHJ4,IGHM,True,True,CARGDFWSGLDYW,TGTGCGAGGGGCGATTTTTGGAGTGGTTTGGACTACTGG
383,clonotype48,clonotype48_consensus_2,827,IGK,IGKV3-20,None,IGKJ1,IGKC,True,True,CQQYGSSPRTF,TGTCAGCAGTATGGTAGCTCACCTCGGACGTTC
384,clonotype49,clonotype49_consensus_2,730,IGL,IGLV6-57,None,IGLJ3,IGLC3,True,True,CQSYDSSNHGVF,TGTCAGTCTTATGATAGCAGCAATCATGGGGTGTTC
385,clonotype49,clonotype49_consensus_1,780,IGH,IGHV3-64D,IGHD1-26,IGHJ5,IGHG3,True,True,CVTLRGGSYYRW,TGTGTGACTTTAAGGGGTGGGAGCTACTATCGCTGG
386,clonotype5,clonotype5_consensus_2,696,IGL,IGLV3-25,None,IGLJ3,IGLC2,True,True,CQSADSSGTVVF,TGTCAATCAGCAGACAGCAGTGGTACTGTGGTATTC
387,clonotype5,clonotype5_consensus_1,555,IGH,IGHV4-59,IGHD5-5,IGHJ4,IGHM,True,True,CARQDGDTALPSEGMYFDYW,TGTGCGAGACAGGATGGAGATACAGCCCTACCGAGTGAGGGGATGTACTTTGACTACTGG
388,clonotype50,clonotype50_consensus_1,714,IGL,IGLV3-19,None,IGLJ3,IGLC2,True,True,CNSRDSSGNHLF,TGTAACTCCCGGGACAGCAGTGGTAACCATCTATTC
389,clonotype50,clonotype50_consensus_2,750,IGH,IGHV1-2,IGHD2-2,IGHJ4,IGHD,True,True,CARDIDPCSTSCRDYW,TGTGCGAGAGATATTGACCCCTGTAGTACCAGCTGCCGTGACTACTGG
390,clonotype51,clonotype51_consensus_1,754,IGH,IGHV3-53,IGHD4-17,IGHJ6,IGHD,True,True,CARIGDYYYGMDVW,TGTGCGAGAATCGGTGACTACTACTACGGTATGGACGTCTGG
391,clonotype51,clonotype51_consensus_2,741,IGL,IGLV1-47,None,IGLJ3,IGLC3,True,True,CAAWDDSLSGVVF,TGTGCAGCATGGGATGACAGCCTGAGTGGTGTGGTATTC
392,clonotype52,clonotype52_consensus_2,683,IGK,IGKV1-6,None,IGKJ1,IGKC,True,True,CLQDYNYPWAF,TGTCTACAAGATTACAATTACCCGTGGGCGTTC
393,clonotype52,clonotype52_consensus_1,725,IGH,IGHV5-51,IGHD2-2,IGHJ3,IGHM,True,True,CARSSSTSPVRAFDIW,TGTGCGAGATCTAGTAGTACCAGCCCCGTGCGTGCTTTTGATATCTGG
394,clonotype53,clonotype53_consensus_1,735,IGH,IGHV3-48,IGHD6-19,IGHJ4,IGHM,True,True,CARGSGWYVGLGYW,TGTGCGAGAGGCAGTGGCTGGTACGTCGGTTTGGGCTACTGG
395,clonotype53,clonotype53_consensus_2,782,IGL,IGLV6-57,None,IGLJ3,IGLC2,True,True,CQSYDSSIHWVF,TGTCAGTCTTATGATAGCAGCATCCATTGGGTGTTC
396,clonotype54,clonotype54_consensus_1,695,IGK,IGKV3-11,None,IGKJ2,IGKC,True,True,CQQRTNWPYTF,TGTCAGCAGCGTACCAACTGGCCGTACACTTTT
397,clonotype54,clonotype54_consensus_2,579,IGH,IGHV3-23,IGHD3-3,IGHJ5,IGHM,True,True,CAKEAIFGVTFWFDPW,TGTGCGAAAGAGGCGATTTTTGGAGTGACCTTCTGGTTCGACCCCTGG
398,clonotype55,clonotype55_consensus_1,660,IGK,IGKV1-39,None,IGKJ4,IGKC,True,True,CQQSYSTPLTF,TGTCAACAGAGTTACAGTACCCCTCTCACTTTC
399,clonotype55,clonotype55_consensus_2,774,IGH,IGHV3-9,IGHD5-12,IGHJ6,IGHD,True,True,CAKDGSGYDGYYYGMDVW,TGTGCAAAAGATGGTAGTGGCTACGACGGTTACTACTACGGTATGGACGTCTGG
400,clonotype56,clonotype56_consensus_1,747,IGH,IGHV7-4-1,IGHD3-22,IGHJ3,IGHM,True,True,CARMIVVVSIGGEAFDIW,TGTGCGAGAATGATAGTAGTGGTTAGCATCGGCGGGGAAGCTTTTGATATCTGG
401,clonotype56,clonotype56_consensus_2,877,IGL,IGLV3-19,None,IGLJ1,IGLC1,True,True,CNSRDSSGNHVGNVF,TGTAACTCCCGGGACAGCAGTGGTAACCATGTGGGAAATGTCTTC
402,clonotype57,clonotype57_consensus_1,729,IGH,IGHV3-48,IGHD5-12,IGHJ4,IGHM,True,True,CARDGFYYTDYW,TGTGCGAGAGATGGCTTTTACTATACTGACTACTGG
403,clonotype57,clonotype57_consensus_2,803,IGK,IGKV3-20,None,IGKJ1,IGKC,True,True,CQQYGSSRTF,TGTCAGCAGTATGGTAGCTCTCGGACGTTC
404,clonotype58,clonotype58_consensus_2,669,IGK,IGKV3-11,None,IGKJ1,IGKC,True,True,CQQRSNWWTF,TGTCAGCAGCGTAGCAACTGGTGGACGTTC
405,clonotype58,clonotype58_consensus_1,712,IGH,IGHV4-34,IGHD4-17,IGHJ4,IGHD,True,True,CAGWGLYGVYDYW,TGTGCGGGATGGGGGTTATACGGTGTCTACGACTACTGG
406,clonotype59,clonotype59_consensus_1,679,IGK,IGKV3-20,None,IGKJ1,IGKC,True,True,CQQYGSSPPWTF,TGTCAGCAGTATGGTAGCTCACCTCCGTGGACGTTC
407,clonotype6,clonotype6_consensus_1,676,IGK,IGKV4-1,None,IGKJ4,IGKC,True,True,CQQYYTSTSAF,TGTCAGCAATATTATACCAGTACGTCGGCTTTC
408,clonotype60,clonotype60_consensus_1,663,IGK,IGKV1-27,None,IGKJ1,IGKC,True,True,CQKYNSAPRTF,TGTCAAAAGTATAACAGTGCCCCTCGGACGTTC
409,clonotype60,clonotype60_consensus_2,586,IGH,IGHV4-34,IGHD2-2,IGHJ6,IGHM,True,True,CARGRSIVVPAAIPVPRAGVYYYMDVW,TGTGCGAGAGGCCGAAGTATAGTAGTACCAGCTGCTATACCGGTGCCCCGGGCGGGGGTCTACTACTACATGGACGTCTGG
410,clonotype61,clonotype61_consensus_2,734,IGL,IGLV3-10,None,IGLJ3,IGLC3,True,True,CYSTDSSGNHSGVF,TGTTACTCAACAGACAGCAGTGGTAATCATAGTGGGGTATTC
411,clonotype61,clonotype61_consensus_1,743,IGH,IGHV3-23,IGHD4-17,IGHJ4,IGHM,True,True,CAKDGAVTTLPYYFDYW,TGTGCGAAAGATGGTGCGGTGACCACGCTCCCGTACTACTTTGACTACTGG
412,clonotype62,clonotype62_consensus_2,789,IGH,IGHV3-21,IGHD6-13,IGHJ5,IGHM,True,True,CARDSSSWREGYNWFDPW,TGTGCGAGAGATAGCAGCAGCTGGAGGGAGGGCTACAACTGGTTCGACCCCTGG
413,clonotype62,clonotype62_consensus_1,698,IGL,IGLV1-40,None,IGLJ1,IGLC1,True,True,CQSYDSSLSAPCVF,TGCCAGTCCTATGACAGCAGCCTGAGTGCTCCTTGTGTCTTC
414,clonotype63,clonotype63_consensus_1,661,IGK,IGKV1-39,None,IGKJ3,IGKC,True,True,CQQSYSAPFTF,TGTCAACAGAGTTACAGTGCCCCTTTCACTTTC
415,clonotype64,clonotype64_consensus_2,779,IGH,IGHV1-46,IGHD1-1,IGHJ6,IGHA1,True,True,CARDVYGELERGDVW,TGTGCGAGAGATGTCTACGGGGAACTGGAACGGGGGGACGTCTGG
416,clonotype64,clonotype64_consensus_1,679,IGL,IGLV4-69,None,IGLJ3,IGLC2,True,True,CQTWDTGSSNWVF,TGTCAGACCTGGGACACAGGCAGCAGCAATTGGGTGTTC
417,clonotype65,clonotype65_consensus_2,610,IGH,IGHV3-33,IGHD6-13,IGHJ4,IGHD,True,True,CARGQYSSSWYYFDYW,TGTGCGAGAGGGCAGTATAGCAGCAGCTGGTACTACTTTGACTACTGG
418,clonotype65,clonotype65_consensus_1,661,IGK,IGKV1-39,None,IGKJ1,IGKC,True,True,CQQSYSTPTWTF,TGTCAACAGAGTTACAGTACCCCCACGTGGACGTTC
419,clonotype66,clonotype66_consensus_1,679,IGK,IGKV1-27,None,IGKJ1,IGKC,True,True,CQKYNSAPQTF,TGTCAAAAGTATAACAGTGCCCCTCAGACATTC
420,clonotype66,clonotype66_consensus_2,848,IGH,IGHV1-69,IGHD6-13,IGHJ3,IGHM,True,True,CARDRYPVAFDIW,TGTGCGCGAGACCGATACCCGGTTGCTTTTGATATCTGG
421,clonotype67,clonotype67_consensus_1,744,IGH,IGHV3-23,IGHD1-1,IGHJ4,IGHM,True,True,CAKVTPKNWNGGYFDYW,TGTGCGAAAGTAACCCCTAAGAACTGGAACGGGGGGTACTTTGACTACTGG
422,clonotype67,clonotype67_consensus_2,859,IGK,IGKV4-1,None,IGKJ2,IGKC,True,True,CQQYYSTPYTF,TGTCAGCAATATTATAGTACTCCGTACACTTTT
423,clonotype68,clonotype68_consensus_2,842,IGH,IGHV4-4,IGHD3-3,IGHJ2,IGHD,True,True,CARDYKNRNDFWSGYTTYWYFDLW,TGTGCGAGAGATTATAAGAACAGGAACGATTTTTGGAGTGGTTACACGACATACTGGTACTTCGATCTCTGG
424,clonotype68,clonotype68_consensus_1,665,IGL,IGLV3-25,None,IGLJ3,IGLC2,True,True,CQSADSSGTAVF,TGTCAATCAGCAGACAGCAGTGGTACCGCGGTATTC
425,clonotype69,clonotype69_consensus_2,814,IGK,IGKV3-20,None,IGKJ5,IGKC,True,True,CQQYGSSPITF,TGTCAGCAGTATGGTAGCTCCCCGATCACCTTC
426,clonotype69,clonotype69_consensus_1,765,IGH,IGHV3-23,IGHD3-3,IGHJ4,IGHM,True,True,CAKGFVDGDVLRFLEWLSPFDYW,TGTGCGAAAGGGTTCGTCGATGGAGACGTATTACGATTTTTGGAGTGGTTATCGCCCTTTGACTACTGG
427,clonotype7,clonotype7_consensus_1,819,IGK,IGKV3-20,None,IGKJ2,IGKC,True,True,CQQYGPTF,TGTCAGCAGTATGGCCCCACTTTT
428,clonotype7,clonotype7_consensus_2,627,IGH,IGHV3-30-3,IGHD2-2,IGHJ6,IGHM,True,True,CARSLGYCSSTSCYGMGYYYYYMDVW,TGTGCGAGATCACTAGGATATTGTAGTAGTACCAGCTGCTATGGCATGGGCTACTACTACTACTACATGGACGTCTGG
429,clonotype70,clonotype70_consensus_1,744,IGH,IGHV3-23,IGHD3-22,IGHJ3,IGHM,True,True,CAKDRRIVVVSNAFDIW,TGTGCGAAAGATCGAAGGATAGTAGTGGTTTCGAATGCTTTTGATATCTGG
430,clonotype70,clonotype70_consensus_2,697,IGL,IGLV3-25,None,IGLJ3,IGLC2,True,True,CQSADSSGTYVVF,TGTCAATCAGCAGACAGCAGTGGTACTTATGTGGTATTC
431,clonotype71,clonotype71_consensus_2,557,IGH,IGHV4-4,IGHD3-10,IGHJ2,IGHM,True,True,CASLYGSGSPWYFDLW,TGTGCGAGCCTTTATGGTTCGGGGAGTCCCTGGTACTTCGATCTCTGG
432,clonotype71,clonotype71_consensus_1,709,IGL,IGLV3-1,None,IGLJ3,IGLC2,True,True,CQAWDSSTVVF,TGTCAGGCGTGGGACAGCAGCACTGTGGTATTC
433,clonotype72,clonotype72_consensus_1,648,IGH,IGHV3-15,IGHD3-3,IGHJ6,IGHD,True,True,CTTRVGDFWSGYPYYYYYYMDVW,TGTACCACACGGGTCGGGGATTTTTGGAGTGGTTATCCGTACTACTACTACTACTACATGGACGTCTGG
434,clonotype72,clonotype72_consensus_2,684,IGK,IGKV1-NL1,None,IGKJ5,IGKC,True,True,CQQYYSTPITF,TGTCAACAGTATTATAGTACCCCTATCACCTTC
435,clonotype73,clonotype73_consensus_2,699,IGH,IGHV4-39,IGHD3-16,IGHJ4,IGHM,True,True,CASQPWYKYYFDYW,TGTGCGAGTCAACCTTGGTATAAGTACTACTTTGACTACTGG
436,clonotype73,clonotype73_consensus_1,686,IGL,IGLV2-14,None,IGLJ3,IGLC3,True,True,CSSYTSSSTVVF,TGCAGCTCATATACAAGCAGCAGCACTGTGGTATTC
437,clonotype74,clonotype74_consensus_1,696,IGL,IGLV2-11,None,IGLJ3,IGLC2,True,True,CCSYAGSYTLVF,TGCTGCTCATATGCAGGCAGCTACACTTTGGTGTTC
438,clonotype74,clonotype74_consensus_2,611,IGH,IGHV3-74,IGHD4-17,IGHJ6,IGHD,True,True,CAREGYGDSNPLYYYYGMDVW,TGTGCAAGAGAGGGCTACGGTGACTCCAACCCTTTGTACTACTATTACGGAATGGACGTCTGG
439,clonotype75,clonotype75_consensus_2,735,IGH,IGHV4-39,IGHD1-26,IGHJ6,IGHD,True,True,CARLERSGSYRGLYYYYGMDVW,TGTGCGAGACTCGAACGTAGTGGGAGCTACCGGGGCCTCTACTACTACTACGGTATGGACGTCTGG
440,clonotype75,clonotype75_consensus_1,661,IGK,IGKV1-39,None,IGKJ4,IGKC,True,True,CQQSYSTPSLTF,TGTCAACAGAGTTACAGTACCCCGTCGCTCACTTTC
441,clonotype76,clonotype76_consensus_1,741,IGH,IGHV3-33,IGHD1-1,IGHJ4,IGHM,True,True,CARDFISGTTGTIDYW,TGTGCGAGAGATTTCATTTCCGGGACAACTGGAACAATTGACTACTGG
442,clonotype77,clonotype77_consensus_1,784,IGK,IGKV4-1,None,IGKJ4,IGKC,True,True,CQQYYSTPPLTF,TGTCAGCAATATTATAGTACTCCTCCGCTCACTTTC
443,clonotype77,clonotype77_consensus_2,726,IGH,IGHV1-69,IGHD1-26,IGHJ4,IGHM,True,True,CARDVSIVGAEPYFDYW,TGTGCGAGAGATGTCAGTATAGTGGGAGCTGAACCTTACTTTGACTACTGG
444,clonotype78,clonotype78_consensus_1,855,IGK,IGKV4-1,None,IGKJ1,IGKC,True,True,CQQYYSTPRTF,TGTCAGCAATATTATAGTACTCCTCGGACGTTC
445,clonotype78,clonotype78_consensus_2,676,IGK,IGKV3D-20,None,IGKJ2,IGKC,True,False,CQQRSNWPHF,TGTCAGCAGCGTAGCAACTGGCCTCACTTTT
446,clonotype79,clonotype79_consensus_1,588,IGH,IGHV3-13,IGHD2-15,IGHJ4,IGHM,True,True,CARGTYCSGGSCYSVPPDYW,TGTGCAAGAGGAACGTATTGTAGTGGTGGTAGCTGCTACTCCGTTCCCCCAGACTACTGG
447,clonotype79,clonotype79_consensus_2,723,IGK,IGKV1-27,None,IGKJ4,IGKC,True,True,CQMYNSAPPALTF,TGTCAAATGTATAACAGTGCCCCTCCGGCGCTCACTTTC
448,clonotype8,clonotype8_consensus_2,797,IGH,IGHV1-69,IGHD2-2,IGHJ3,IGHM,True,True,CARDRQEEEYQLPNFGDAFDIW,TGTGCGAGAGATCGCCAAGAGGAAGAGTACCAGCTGCCAAATTTTGGGGATGCTTTTGATATCTGG
449,clonotype8,clonotype8_consensus_1,697,IGK,IGKV3-11,None,IGKJ2,IGKC,True,True,CQQRSNWPPYTF,TGTCAGCAGCGTAGCAACTGGCCTCCGTACACTTTT
450,clonotype80,clonotype80_consensus_1,742,IGH,IGHV4-31,IGHD4-17,IGHJ4,IGHM,True,True,CARARDSDYGDYDFDYW,TGTGCGAGAGCCCGGGATTCCGACTACGGTGACTACGACTTTGACTACTGG
451,clonotype80,clonotype80_consensus_2,743,IGL,IGLV3-19,None,IGLJ3,IGLC2,True,True,CNSRDSSGNHLGVF,TGTAACTCCCGGGACAGCAGTGGTAACCATCTGGGGGTGTTC
452,clonotype81,clonotype81_consensus_2,802,IGH,IGHV3-48,IGHD3-3,IGHJ6,IGHD,True,True,CARLYYDFWSGYYGDMDVW,TGTGCGAGGTTGTATTACGATTTTTGGAGTGGTTATTATGGGGACATGGACGTCTGG
453,clonotype81,clonotype81_consensus_1,694,IGL,IGLV2-18,None,IGLJ1,IGLC1,True,True,CSSYTSSSTFPFVF,TGCAGCTCATATACAAGCAGCAGCACTTTCCCTTTTGTCTTC
454,clonotype82,clonotype82_consensus_2,907,IGH,IGHV4-39,IGHD3-16,IGHJ5,IGHM,True,True,CARQPHEDYVWGSYRNLNWFDPW,TGTGCGAGACAGCCCCATGAAGATTACGTTTGGGGGAGTTATCGGAACCTAAACTGGTTCGACCCCTGG
455,clonotype82,clonotype82_consensus_1,786,IGK,IGKV3-15,None,IGKJ2,IGKC,True,True,CQQYNNWSGTF,TGTCAGCAGTATAATAACTGGTCAGGGACTTTT
456,clonotype83,clonotype83_consensus_2,755,IGH,IGHV3-23,IGHD2-2,IGHJ5,IGHM,True,True,CAKFALGSDCGRSRCYGWFDFW,TGTGCGAAGTTTGCCCTCGGATCAGATTGTGGTCGCTCCAGGTGCTATGGGTGGTTCGACTTCTGG
457,clonotype83,clonotype83_consensus_1,661,IGK,IGKV1-27,None,IGKJ4,IGKC,True,True,CQKYNSVPLTF,TGTCAAAAGTATAACAGTGTCCCGCTCACTTTC
458,clonotype84,clonotype84_consensus_1,719,IGH,IGHV1-3,IGHD1-26,IGHJ4,IGHM,True,True,CASARGGYSGSYYLLDYW,TGTGCGAGTGCGCGGGGGGGCTATAGTGGGAGCTACTACCTCCTTGACTACTGG
459,clonotype84,clonotype84_consensus_2,763,IGK,IGKV4-1,None,IGKJ1,IGKC,True,True,CQQYYSTPPTF,TGTCAGCAATATTATAGTACTCCTCCCACGTTC
460,clonotype85,clonotype85_consensus_1,689,IGK,IGKV3-20,None,IGKJ1,IGKC,True,True,CQQYGSSPWTF,TGTCAGCAGTATGGTAGCTCACCGTGGACGTTC
461,clonotype85,clonotype85_consensus_2,553,IGH,IGHV4-31,IGHD5-12,IGHJ4,IGHM,True,True,CARTSGYDYESHYW,TGTGCGAGAACTAGTGGCTACGATTACGAGTCGCACTACTGG
462,clonotype86,clonotype86_consensus_3,639,IGK,IGKV1-39,None,IGKJ2,IGKC,True,False,YPPL,TACCCTCCACTTTT
463,clonotype86,clonotype86_consensus_1,676,IGK,IGKV2-28,None,IGKJ2,IGKC,True,True,CMQALQTPRTF,TGCATGCAGGCTCTACAAACTCCTAGGACTTTT
464,clonotype86,clonotype86_consensus_2,599,IGH,IGHV2-5,IGHD3-3,IGHJ6,IGHA1,True,True,CARSRFNGMDVW,TGTGCACGCTCTCGATTTAACGGAATGGACGTCTGG
465,clonotype87,clonotype87_consensus_1,587,IGH,IGHV4-34,IGHD6-13,IGHJ4,IGHM,True,True,CARGGHSSSWFFVYYFDYW,TGTGCGAGAGGCGGCCATAGCAGCAGCTGGTTTTTTGTCTACTACTTTGACTACTGG
466,clonotype87,clonotype87_consensus_2,679,IGK,IGKV3-15,None,IGKJ2,IGKC,True,True,CQQYNNWPPYTF,TGTCAGCAGTATAATAACTGGCCTCCGTACACTTTT
467,clonotype88,clonotype88_consensus_1,592,IGH,IGHV3-11,IGHD3-9,IGHJ2,IGHD,True,True,CARDSKGFDLW,TGTGCGAGAGATTCAAAGGGCTTCGATCTCTGG
468,clonotype88,clonotype88_consensus_2,682,IGL,IGLV2-8,None,IGLJ1,IGLC1,True,True,CSSYAGSNNYVF,TGCAGCTCATATGCAGGCAGCAACAATTATGTCTTC
469,clonotype89,clonotype89_consensus_2,728,IGH,IGHV1-24,IGHD3-22,IGHJ3,IGHM,True,True,CAAPLSNIFMGGDGLDIW,TGTGCAGCACCACTATCTAATATTTTCATGGGAGGAGATGGTCTTGATATCTGG
470,clonotype89,clonotype89_consensus_1,661,IGK,IGKV1-39,None,IGKJ2,IGKC,True,True,CQQSHSTPYTF,TGTCAACAGAGTCACAGTACCCCATATACTTTT
471,clonotype9,clonotype9_consensus_1,680,IGK,IGKV1-5,None,IGKJ2,IGKC,True,True,CQQYNRYPWTF,TGCCAACAGTATAATAGATATCCGTGGACTTTT
472,clonotype9,clonotype9_consensus_2,740,IGH,IGHV2-70,IGHD6-6,IGHJ6,IGHD,True,True,CARTRRLAARPYDFYGMDVW,TGTGCACGGACAAGGCGTCTAGCAGCTCGTCCTTACGACTTCTACGGCATGGACGTCTGG
473,clonotype90,clonotype90_consensus_1,675,IGK,IGKV3-15,None,IGKJ1,IGKC,True,True,CQQYNNWPPWTF,TGTCAGCAGTATAATAACTGGCCTCCGTGGACGTTC
474,clonotype90,clonotype90_consensus_2,734,IGH,IGHV5-10-1,IGHD5-5,IGHJ4,IGHM,True,True,CARHRAMVLGGGGDCFDYW,TGTGCGAGACATAGGGCTATGGTTCTTGGGGGCGGTGGAGACTGCTTTGACTACTGG
475,clonotype91,clonotype91_consensus_2,760,IGL,IGLV3-1,None,IGLJ1,IGLC1,True,True,CQAWDSSTYVF,TGTCAGGCGTGGGACAGCAGCACTTATGTCTTC
476,clonotype91,clonotype91_consensus_1,626,IGH,IGHV3-33,IGHD2-15,IGHJ6,IGHD,True,True,CARDGIVVVDYYYGMDVW,TGTGCGAGAGATGGTATTGTAGTGGTAGACTACTACTACGGTATGGACGTCTGG
477,clonotype92,clonotype92_consensus_2,668,IGL,IGLV7-43,None,IGLJ1,IGLC1,True,True,CLLYFGGTYVF,TGCCTGCTCTACTTTGGTGGTACTTATGTCTTC
478,clonotype92,clonotype92_consensus_1,746,IGH,IGHV1-69,IGHD2-15,IGHJ6,IGHM,True,True,CGSIRLGYCSGGSCFYYYYGMDVW,TGTGGGTCAATTCGACTAGGATATTGTAGTGGTGGTAGCTGCTTCTACTACTACTACGGTATGGACGTCTGG
479,clonotype92,clonotype92_consensus_3,659,IGK,IGKV1-39,None,IGKJ1,IGKC,True,True,CQQSYSTPPTF,TGTCAACAGAGTTACAGTACCCCTCCAACGTTC
480,clonotype93,clonotype93_consensus_1,738,IGH,IGHV3-23,IGHD3-16,IGHJ4,IGHM,True,True,CAKLGALWNQVDYW,TGTGCGAAGTTGGGGGCCTTATGGAACCAAGTTGACTACTGG
481,clonotype94,clonotype94_consensus_2,704,IGH,IGHV4-39,IGHD6-6,IGHJ5,IGHM,True,True,CARRRSGIAAQNWFDPW,TGTGCGAGACGCCGGTCCGGTATAGCAGCTCAGAACTGGTTCGACCCCTGG
482,clonotype94,clonotype94_consensus_1,665,IGK,IGKV1-39,None,IGKJ2,IGKC,True,True,CQQSYSTPYTF,TGTCAACAGAGTTACAGTACCCCGTACACTTTT
483,clonotype95,clonotype95_consensus_3,697,IGK,IGKV4-1,None,IGKJ3,IGKC,True,True,CQQYYSSPFTF,TGTCAGCAATATTATAGTAGTCCCTTCACTTTC
484,clonotype95,clonotype95_consensus_1,790,IGH,IGHV1-46,IGHD3-3,IGHJ5,None,True,False,CVRETLDRSLVRPL,TGTGTGAGAGAGACTTTGGACAGGTCCCTGGTTCGACCCCTGG
485,clonotype95,clonotype95_consensus_2,696,IGH,IGHV5-51,IGHD6-6,IGHJ4,IGHM,True,True,CARSPETRSTSSYVWVDFW,TGTGCGAGGTCTCCGGAAACTCGGAGCACCTCGTCCTATGTCTGGGTTGACTTCTGG
486,clonotype96,clonotype96_consensus_2,600,IGH,IGHV4-30-4,IGHD3-16,IGHJ4,IGHD,True,True,CASQPWYKYYFDYW,TGTGCGAGTCAACCTTGGTATAAGTACTACTTTGACTACTGG
487,clonotype96,clonotype96_consensus_1,699,IGL,IGLV3-25,None,IGLJ3,IGLC3,True,True,CQSADSSGTYPPNLVF,TGTCAATCAGCAGACAGCAGTGGTACTTATCCGCCTAATTTGGTGTTC
488,clonotype97,clonotype97_consensus_2,687,IGL,IGLV2-14,None,IGLJ3,IGLC3,True,True,CSSYTSSSTYVVF,TGCAGCTCATATACAAGCAGCAGCACTTATGTGGTATTC
489,clonotype97,clonotype97_consensus_1,761,IGH,IGHV3-23,IGHD1-26,IGHJ4,IGHD,True,True,CAKAKVGATRFDYW,TGTGCGAAAGCGAAGGTGGGAGCCACCCGCTTTGACTACTGG
490,clonotype98,clonotype98_consensus_2,616,IGH,IGHV5-51,IGHD2-2,IGHJ6,IGHD,True,True,CARLARAAGTRRGNGMDVW,TGTGCGAGATTGGCTAGAGCAGCTGGGACCCGGCGGGGAAACGGTATGGACGTCTGG
491,clonotype98,clonotype98_consensus_1,734,IGL,IGLV1-40,None,IGLJ3,IGLC2,True,True,CQSYDSSLSGSKVF,TGCCAGTCCTATGACAGCAGCCTGAGTGGTTCGAAGGTATTC
492,clonotype99,clonotype99_consensus_1,594,IGH,IGHV5-51,IGHD1-26,IGHJ4,IGHM,True,True,CARLGLGTTSYYFDSW,TGTGCGAGACTCGGTTTGGGAACTACTTCTTACTACTTTGACTCCTGG
493,clonotype99,clonotype99_consensus_2,809,IGK,IGKV3-20,None,IGKJ1,IGKC,True,True,CQQYRGSPGTF,TGTCAACAATACCGTGGCTCACCGGGAACGTTC
