progenitor_cdr3,v_gene,j_gene,chain,name,type,consensus_id
CARCSSTSPVRAFDIW,IGHV5-51,IGHJ3,heavy,clonotype52_consensus_1,rbd,clonotype52_consensus_1
CARGSYYYFDYW,IGHV1-46,IGHJ4,heavy,clonotype216_consensus_2,rbd,clonotype216_consensus_2
CARGQYSSSWYYFDYW,IGHV3-33,IGHJ4,heavy,clonotype65_consensus_2,rbd,clonotype65_consensus_2
CARGSGWYVGFDYW,IGHV3-48,IGHJ4,heavy,clonotype53_consensus_1,rbd,clonotype53_consensus_1
CAKDKGIAAAGSFDIW,IGHV3-9,IGHJ3,heavy,clonotype211_consensus_2,rbd,clonotype211_consensus_2
CARDQLYWLSDYGMDVW,IGHV4-59,IGHJ6,heavy,clonotype179_consensus_1,rbd,clonotype179_consensus_1
CARREEYYYGSGSYYYYYYYGMDVW,IGHV1-3,IGHJ6,heavy,clonotype234_consensus_2,rbd,clonotype234_consensus_2
CARDFAAVPDYW,IGHV3-7,IGHJ4,heavy,clonotype109_consensus_2,rbd,clonotype109_consensus_2
CARQGYDFWSGPKPLTNWFDPW,IGHV1-18,IGHJ5,heavy,clonotype38_consensus_2,rbd,clonotype38_consensus_2
CAKDGTVTTLPYYFDYW,IGHV3-23,IGHJ4,heavy,clonotype61_consensus_1,rbd,clonotype61_consensus_1
CARGGVMLIQSGWFDPW,IGHV4-34,IGHJ5,heavy,clonotype142_consensus_1,rbd,clonotype142_consensus_1
CARAFTDLRYFDWEPYAFDIW,IGHV4-31,IGHJ3,heavy,clonotype245_consensus_2,rbd,clonotype245_consensus_2
CARTRLWFGDGLGMDVW,IGHV2-70,IGHJ6,heavy,clonotype215_consensus_2,rbd,clonotype215_consensus_2
CAKEAIFGVTFWFDPW,IGHV3-23,IGHJ5,heavy,clonotype54_consensus_2,rbd,clonotype54_consensus_2
CARGGGSGSYYYFDYW,IGHV1-46,IGHJ4,heavy,clonotype197_consensus_2,rbd,clonotype197_consensus_2
CARHGYSYGLDYFDYW,IGHV4-39,IGHJ4,heavy,clonotype162_consensus_2,rbd,clonotype162_consensus_2
CARHDYVWGHDYW,IGHV4-39,IGHJ4,heavy,clonotype25_consensus_2,rbd,clonotype25_consensus_2
CARVYCSSTSCYAVNAFDIW,IGHV1-3,IGHJ3,heavy,clonotype203_consensus_1,rbd,clonotype203_consensus_1
CARDDIVVVTAIGFDAFDIW,IGHV1-46,IGHJ3,heavy,clonotype180_consensus_2,rbd,clonotype180_consensus_2
CARHSAERHGYSSGWFDPW,IGHV5-10-1,IGHJ5,heavy,clonotype226_consensus_1,rbd,clonotype226_consensus_1
CARALVPAAMPKLGFDYW,IGHV1-3,IGHJ4,heavy,clonotype3_consensus_1,rbd,clonotype3_consensus_1
CAKDGSGYDGYYYGMDVW,IGHV3-9,IGHJ6,heavy,clonotype55_consensus_2,rbd,clonotype55_consensus_2
CARVPRCSSTSCYTDYYYYYGMDVW,IGHV4-34,IGHJ6,heavy,clonotype192_consensus_1,rbd,clonotype192_consensus_1
CARDVSIVGAEPYFDYW,IGHV1-69,IGHJ4,heavy,clonotype77_consensus_2,rbd,clonotype77_consensus_2
CARALGWTFDYW,IGHV3-30-3,IGHJ4,heavy,clonotype115_consensus_1,rbd,clonotype115_consensus_1
CAHIVVVPAAMVDAFDIW,IGHV2-5,IGHJ3,heavy,clonotype29_consensus_2,rbd,clonotype29_consensus_2
CARDLKERYFDWLL*PGDAFDIW,IGHV1-69,IGHJ3,heavy,clonotype10_consensus_1,rbd,clonotype10_consensus_1
CARFRLDSSGYYYFDYW,IGHV3-23,IGHJ4,heavy,clonotype153_consensus_1,rbd,clonotype153_consensus_1
CARDYKNRNDFWSGYTTYWYFDLW,IGHV4-4,IGHJ2,heavy,clonotype68_consensus_2,rbd,clonotype68_consensus_2
CAIATGYCSSTSCYAPKAPRWW,IGHV5-10-1,IGHJ5,heavy,clonotype208_consensus_2,rbd,clonotype208_consensus_2
CARGGLYGVFDYW,IGHV4-34,IGHJ4,heavy,clonotype58_consensus_1,rbd,clonotype58_consensus_1
CATSITMFGPDAFDIW,IGHV1-24,IGHJ3,heavy,clonotype186_consensus_1,rbd,clonotype186_consensus_1
CARGGSSYYYGSGSYYLRSDAFDIW,IGHV1-8,IGHJ3,heavy,clonotype28_consensus_2,rbd,clonotype28_consensus_2
CAKAGGYCSSTSCYWGYFDYW,IGHV3-23,IGHJ4,heavy,clonotype159_consensus_2,rbd,clonotype159_consensus_2
CARLGLGATTYYFDYW,IGHV5-51,IGHJ4,heavy,clonotype99_consensus_1,rbd,clonotype99_consensus_1
CARVRYSSSWYLSGDFDYW,IGHV3-74,IGHJ4,heavy,clonotype136_consensus_2,rbd,clonotype136_consensus_2
CARSLGYCSSTSCYAMGYYYYGMDVW,IGHV3-30-3,IGHJ6,heavy,clonotype7_consensus_2,rbd,clonotype7_consensus_2
CARVAGTGVGNWFDPW,IGHV4-39,IGHJ5,heavy,clonotype41_consensus_2,rbd,clonotype41_consensus_2
CARAALGYCSSTSCSPAYYFDYW,IGHV3-21,IGHJ4,heavy,clonotype117_consensus_2,rbd,clonotype117_consensus_2
CARGHDFWSGPIDYW,IGHV3-30-3,IGHJ4,heavy,clonotype145_consensus_2,rbd,clonotype145_consensus_2
CTTRVGDFWSGYPYYYYYGMDVW,IGHV3-15,IGHJ6,heavy,clonotype72_consensus_1,rbd,clonotype72_consensus_1
CARDVYGELERGDVW,IGHV1-46,IGHJ6,heavy,clonotype64_consensus_2,rbd,clonotype64_consensus_2
CARHYVWGSYAYNDAFDIW,IGHV4-39,IGHJ3,heavy,clonotype123_consensus_1,rbd,clonotype123_consensus_1
CARDKARLGYCSSTSCPPYYYYGMDVW,IGHV3-30,IGHJ6,heavy,clonotype143_consensus_1,rbd,clonotype143_consensus_1
CARDNPYYYDSSGYYWGYFDYW,IGHV1-69,IGHJ4,heavy,clonotype240_consensus_2,rbd,clonotype240_consensus_2
CAREGDIVVVPAAIKGYYFDYW,IGHV4-34,IGHJ4,heavy,clonotype246_consensus_1,rbd,clonotype246_consensus_1
CARVAGTTGHYYGMDVW,IGHV1-2,IGHJ6,heavy,clonotype168_consensus_1,rbd,clonotype168_consensus_1
CARLVVAATHW,IGHV4-39,IGHJ4,heavy,clonotype206_consensus_1,rbd,clonotype206_consensus_1
CARGTNTMTTVVTPVMDAFDIW,IGHV4-34,IGHJ3,heavy,clonotype141_consensus_2,rbd,clonotype141_consensus_2
CATDSERITIFGDAFDIW,IGHV1-24,IGHJ3,heavy,clonotype236_consensus_2,rbd,clonotype236_consensus_2
CLVVPAAIPSADYW,IGHV3-30-3,IGHJ4,heavy,clonotype160_consensus_2,rbd,clonotype160_consensus_2
CARDDIVVVDYYYGMDVW,IGHV3-33,IGHJ6,heavy,clonotype91_consensus_1,rbd,clonotype91_consensus_1
CARTSGYDYYFDYW,IGHV4-31,IGHJ4,heavy,clonotype85_consensus_2,rbd,clonotype85_consensus_2
CARIGDYYYGMDVW,IGHV3-53,IGHJ6,heavy,clonotype51_consensus_1,rbd,clonotype51_consensus_1
CARLPLYIAVAGNDYW,IGHV4-39,IGHJ4,heavy,clonotype193_consensus_2,rbd,clonotype193_consensus_2
CATPLSITMIVGDAFDIW,IGHV1-24,IGHJ3,heavy,clonotype89_consensus_2,rbd,clonotype89_consensus_2
CARIRSIAARPYYYYGMDVW,IGHV2-70,IGHJ6,heavy,clonotype9_consensus_2,rbd,clonotype9_consensus_2
CARGRGIPRYSSSFTYYYYGMDVW,IGHV4-34,IGHJ6,heavy,clonotype114_consensus_2,rbd,clonotype114_consensus_2
CARDGGYSGFYFDYW,IGHV3-48,IGHJ4,heavy,clonotype33_consensus_1,rbd,clonotype33_consensus_1
CARRGIAVAFDYW,IGHV5-10-1,IGHJ4,heavy,clonotype201_consensus_2,rbd,clonotype201_consensus_2
CARDSWRYGDYVKERFDPW,IGHV1-18,IGHJ5,heavy,clonotype205_consensus_1,rbd,clonotype205_consensus_1
CARGGCGGSCYSDYYYYGMDVW,IGHV3-30-3,IGHJ6,heavy,clonotype177_consensus_2,rbd,clonotype177_consensus_2
CASLYGSGSPWYFDLW,IGHV4-4,IGHJ2,heavy,clonotype71_consensus_2,rbd,clonotype71_consensus_2
CATSIAARYYYGMDVW,IGHV4-39,IGHJ6,heavy,clonotype244_consensus_2,rbd,clonotype244_consensus_2
CARELWFGELLLRDWYFDLW,IGHV3-21,IGHJ2,heavy,clonotype44_consensus_2,rbd,clonotype44_consensus_2
CARDQLLYDWNWFDPW,IGHV1-18,IGHJ5,heavy,clonotype191_consensus_1,rbd,clonotype191_consensus_1
CAKDNYYMALCIDYW,IGHV3-23,IGHJ4,heavy,clonotype110_consensus_2,rbd,clonotype110_consensus_2
CARRRSGIAAHNWFDPW,IGHV4-39,IGHJ5,heavy,clonotype94_consensus_2,rbd,clonotype94_consensus_2
CAKDAHYDSSRLWYFDLW,IGHV3-33,IGHJ2,heavy,clonotype107_consensus_2,rbd,clonotype107_consensus_2
CASDYCSGGSCYRPGNYGMDVW,IGHV4-39,IGHJ6,heavy,clonotype196_consensus_1,rbd,clonotype196_consensus_1
CARDDRWEAYYYDSSGYPEDAFDIW,IGHV3-21,IGHJ3,heavy,clonotype223_consensus_2,rbd,clonotype223_consensus_2
CAKEGNGYYDFWSGYLMDVW,IGHV3-30,IGHJ6,heavy,clonotype138_consensus_2,rbd,clonotype138_consensus_2
CARDVPAARAYYYYYGMDVW,IGHV1-18,IGHJ6,heavy,clonotype137_consensus_1,rbd,clonotype137_consensus_1
CARGGSYYYDSSGDWYFDLW,IGHV1-3,IGHJ2,heavy,clonotype188_consensus_1,rbd,clonotype188_consensus_1
CARDVGYSGYDFGDYYYGMDVW,IGHV3-21,IGHJ6,heavy,clonotype169_consensus_1,rbd,clonotype169_consensus_1
CARDNWGQGIEDAFDVW,IGHV3-7,IGHJ3,heavy,clonotype225_consensus_2,rbd,clonotype225_consensus_2
CARVHGDYLGFDYW,IGHV3-48,IGHJ4,heavy,clonotype35_consensus_1,rbd,clonotype35_consensus_1
CAREGAGWFDPW,IGHV4-61,IGHJ5,heavy,clonotype209_consensus_1,rbd,clonotype209_consensus_1
CARGYRVSSSWYSIGARWFDPW,IGHV4-34,IGHJ5,heavy,clonotype2_consensus_3,rbd,clonotype2_consensus_3
CAREW*LLGMDVW,IGHV5-10-1,IGHJ6,heavy,clonotype232_consensus_2,rbd,clonotype232_consensus_2
CAHSRFNGMDVW,IGHV2-5,IGHJ6,heavy,clonotype86_consensus_2,rbd,clonotype86_consensus_2
CAREVGLRFLEWLPNNWFDPW,IGHV3-7,IGHJ5,heavy,clonotype222_consensus_2,rbd,clonotype222_consensus_2
CTTQGRNTVYYYYGMDVW,IGHV3-49,IGHJ6,heavy,clonotype1_consensus_2,rbd,clonotype1_consensus_2
CAREGVATIYYYYGMDVW,IGHV1-69,IGHJ6,heavy,clonotype128_consensus_1,rbd,clonotype128_consensus_1
CARGTPYYYDSSGYYPHWYFDLW,IGHV3-66,IGHJ2,heavy,clonotype127_consensus_1,rbd,clonotype127_consensus_1
CARDSSGYVDYW,IGHV4-4,IGHJ4,heavy,clonotype43_consensus_1,rbd,clonotype43_consensus_1
CARHAVAVAGRRTNWFDPW,IGHV4-39,IGHJ5,heavy,clonotype140_consensus_1,rbd,clonotype140_consensus_1
CARVCDDSSGYYYVGWFDPW,IGHV4-61,IGHJ5,heavy,clonotype101_consensus_2,rbd,clonotype101_consensus_2
CARLYCSSTSCYFDYW,IGHV4-39,IGHJ4,heavy,clonotype167_consensus_2,rbd,clonotype167_consensus_2
CARLYYDFWSGYYYGMDVW,IGHV3-48,IGHJ6,heavy,clonotype81_consensus_2,rbd,clonotype81_consensus_2
CARGAGYYNVFDYW,IGHV3-33,IGHJ4,heavy,clonotype26_consensus_2,rbd,clonotype26_consensus_2
CARPGGAPGIAAAGTGTYYYYYGMDVW,IGHV1-69,IGHJ6,heavy,clonotype121_consensus_2,rbd,clonotype121_consensus_2
CARITSSSYYYYYGMDVW,IGHV3-21,IGHJ6,heavy,clonotype36_consensus_1,rbd,clonotype36_consensus_1
CARGTTVTPQRNYYYYGMDVW,IGHV1-69,IGHJ6,heavy,clonotype184_consensus_2,rbd,clonotype184_consensus_2
CTTGSGYANGGHWGADW,IGHV3-15,IGHJ4,heavy,clonotype125_consensus_2,rbd,clonotype125_consensus_2
CARGRWVNSGSYSYFDYW,IGHV1-8,IGHJ4,heavy,clonotype147_consensus_2,rbd,clonotype147_consensus_2
CARDVPNVLRYFVIKEYGGYFDYW,IGHV3-7,IGHJ4,heavy,clonotype47_consensus_1,rbd,clonotype47_consensus_1
CARDEGYCSGGSCYEFGTLDPW,IGHV7-4-1,IGHJ5,heavy,clonotype237_consensus_1,rbd,clonotype237_consensus_1
CARERPYDSSGYFDYW,IGHV3-53,IGHJ4,heavy,clonotype4_consensus_2,rbd,clonotype4_consensus_2
CTRDLDIVVVPAAMPGDYW,IGHV3-49,IGHJ4,heavy,clonotype247_consensus_2,rbd,clonotype247_consensus_2
CAKDPRVPAASHRSGHFDYW,IGHV3-30,IGHJ4,heavy,clonotype135_consensus_2,rbd,clonotype135_consensus_2
CARDYYYGSGSYDWFDPW,IGHV1-2,IGHJ5,heavy,clonotype104_consensus_2,rbd,clonotype104_consensus_2
CARVSGHYYYYGMDVW,IGHV3-66,IGHJ6,heavy,clonotype212_consensus_1,rbd,clonotype212_consensus_1
CARDLPGAYYDSSGFDYW,IGHV1-18,IGHJ4,heavy,clonotype151_consensus_1,rbd,clonotype151_consensus_1
CAREDYGDYNPYYYYYGMDVW,IGHV3-74,IGHJ6,heavy,clonotype74_consensus_2,rbd,clonotype74_consensus_2
CARHHRGYSYFDYW,IGHV5-51,IGHJ4,heavy,clonotype13_consensus_3,rbd,clonotype13_consensus_3
CARDTRVVVPAAPTSSRYFQHW,IGHV1-18,IGHJ1,heavy,clonotype144_consensus_1,rbd,clonotype144_consensus_1
CAKVKVVVRGVINWFDPW,IGHV3-23,IGHJ5,heavy,clonotype32_consensus_1,rbd,clonotype32_consensus_1
CARDQVRITMVRGVIPYYYYYGMDVW,IGHV3-30,IGHJ6,heavy,clonotype155_consensus_1,rbd,clonotype155_consensus_1
CARHRKRWLRFGAFDYW,IGHV4-59,IGHJ4,heavy,clonotype157_consensus_1,rbd,clonotype157_consensus_1
CARDIDPCSTSYFDYW,IGHV1-2,IGHJ4,heavy,clonotype50_consensus_2,rbd,clonotype50_consensus_2
CARDQQVYAIFRGFDPW,IGHV1-2,IGHJ5,heavy,clonotype108_consensus_2,rbd,clonotype108_consensus_2
CARSLWGRYW,IGHV3-7,IGHJ4,heavy,clonotype221_consensus_1,rbd,clonotype221_consensus_1
CAREPSVAGPDDYYYYYGMDVW,IGHV3-21,IGHJ6,heavy,clonotype20_consensus_2,rbd,clonotype20_consensus_2
CARQPWY*YYFDYW,IGHV4-39,IGHJ4,heavy,clonotype73_consensus_2,rbd,clonotype73_consensus_2
CARDDIVATAFDYW,IGHV3-21,IGHJ4,heavy,clonotype182_consensus_2,rbd,clonotype182_consensus_2
CAKDATSHNGVCDAFDVW,IGHV3-23,IGHJ3,heavy,clonotype171_consensus_1,rbd,clonotype171_consensus_1
CARMIVVVSIGGDAFDIW,IGHV7-4-1,IGHJ3,heavy,clonotype56_consensus_1,rbd,clonotype56_consensus_1
CAKDILCRVAAVTVPYYYYGMDVW,IGHV3-9,IGHJ6,heavy,clonotype154_consensus_1,rbd,clonotype154_consensus_1
CTRVAHLVWFGERWFDPW,IGHV3-49,IGHJ5,heavy,clonotype37_consensus_1,rbd,clonotype37_consensus_1
CARDGFYYFDYW,IGHV3-48,IGHJ4,heavy,clonotype57_consensus_1,rbd,clonotype57_consensus_1
CAREKRGYCSGGSCYQPYYFDYW,IGHV3-66,IGHJ4,heavy,clonotype224_consensus_2,rbd,clonotype224_consensus_2
CARPMGSSWSDAFDIW,IGHV5-51,IGHJ3,heavy,clonotype199_consensus_2,rbd,clonotype199_consensus_2
CARQRPEDYDFWSGPLYYFDYW,IGHV4-39,IGHJ4,heavy,clonotype31_consensus_2,rbd,clonotype31_consensus_2
CARFGGPQLTFDYW,IGHV4-59,IGHJ4,heavy,clonotype173_consensus_2,rbd,clonotype173_consensus_2
CARDLFQVGATDYW,IGHV3-53,IGHJ4,heavy,clonotype148_consensus_1,rbd,clonotype148_consensus_1
CARDFISGTTGTIDYW,IGHV3-33,IGHJ4,heavy,clonotype76_consensus_1,rbd,clonotype76_consensus_1
CAKDQQGYSYDYYYYYGMDVW,IGHV3-23,IGHJ6,heavy,clonotype229_consensus_1,rbd,clonotype229_consensus_1
CAREPDPPTYTIFYTEHNWFDPW,IGHV3-48,IGHJ5,heavy,clonotype134_consensus_1,rbd,clonotype134_consensus_1
CARTQAHRAFDYW,IGHV4-31,IGHJ4,heavy,clonotype102_consensus_2,rbd,clonotype102_consensus_2
CTTVSNVYYYYGMDVW,IGHV3-73,IGHJ6,heavy,clonotype198_consensus_1,rbd,clonotype198_consensus_1
CVKGSTYYYDSSPNWFDPW,IGHV3-64D,IGHJ5,heavy,clonotype27_consensus_1,rbd,clonotype27_consensus_1
CARD*LGFDLW,IGHV3-11,IGHJ2,heavy,clonotype88_consensus_1,rbd,clonotype88_consensus_1
CARHPRLGYCSGGSCTGYWYFDLW,IGHV4-39,IGHJ2,heavy,clonotype235_consensus_2,rbd,clonotype235_consensus_2
CARAYYDSSGYYDAFDIW,IGHV3-21,IGHJ3,heavy,clonotype210_consensus_2,rbd,clonotype210_consensus_2
CARRQWELLFDYW,IGHV4-4,IGHJ4,heavy,clonotype16_consensus_2,rbd,clonotype16_consensus_2
CAKVTPNNWNGGYFDYW,IGHV3-23,IGHJ4,heavy,clonotype67_consensus_1,rbd,clonotype67_consensus_1
CARLWGSYAYNDAFDIW,IGHV1-69,IGHJ3,heavy,clonotype189_consensus_1,rbd,clonotype189_consensus_1
CARRINYYDSSGRKPVYYFDYW,IGHV4-59,IGHJ4,heavy,clonotype113_consensus_2,rbd,clonotype113_consensus_2
CARLERSGSYRGLYYYYGMDVW,IGHV4-39,IGHJ6,heavy,clonotype75_consensus_2,rbd,clonotype75_consensus_2
CAKGFVDGDVLRFLEWLSPFDYW,IGHV3-23,IGHJ4,heavy,clonotype69_consensus_1,rbd,clonotype69_consensus_1
CAREPTIFGVGYFDYW,IGHV4-59,IGHJ4,heavy,clonotype231_consensus_3,rbd,clonotype231_consensus_3
CATPIGGYDGPFDYW,IGHV1-24,IGHJ4,heavy,clonotype164_consensus_2,rbd,clonotype164_consensus_2
CARLPDYYYYGMDVW,IGHV1-69,IGHJ6,heavy,clonotype118_consensus_1,rbd,clonotype118_consensus_1
CARGDNWFDPW,IGHV1-46,IGHJ5,heavy,clonotype204_consensus_1,rbd,clonotype204_consensus_1
CARGRIVVVPAAIPVPRAGVYYGMDVW,IGHV4-34,IGHJ6,heavy,clonotype60_consensus_2,rbd,clonotype60_consensus_2
CARCRVGGWFDPW,IGHV5-10-1,IGHJ5,heavy,clonotype161_consensus_2,rbd,clonotype161_consensus_2
CARAPYGSGSYYSGTYIGAFDPW,IGHV4-31,IGHJ5,heavy,clonotype165_consensus_1,rbd,clonotype165_consensus_1
CARDR*QDAFDIW,IGHV1-69,IGHJ3,heavy,clonotype66_consensus_2,rbd,clonotype66_consensus_2
CARIYSSGWYRYPRDHYFDYW,IGHV4-39,IGHJ4,heavy,clonotype106_consensus_1,rbd,clonotype106_consensus_1
CARVRAYCGGDCSLRAFDIW,IGHV3-64,IGHJ3,heavy,clonotype218_consensus_2,rbd,clonotype218_consensus_2
CARLSYSSSYFDYW,IGHV5-51,IGHJ4,heavy,clonotype166_consensus_1,rbd,clonotype166_consensus_1
CAKSLGPYCGGDCYSFDYW,IGHV3-9,IGHJ4,heavy,clonotype39_consensus_2,rbd,clonotype39_consensus_2
CARFNGSDRNWFDPW,IGHV4-31,IGHJ5,heavy,clonotype214_consensus_1,rbd,clonotype214_consensus_1
CARGGVPKFGKVVLRFLEMDVW,IGHV3-21,IGHJ6,heavy,clonotype163_consensus_2,rbd,clonotype163_consensus_2
CARGTYCSGGSCYSVPPDYW,IGHV3-13,IGHJ4,heavy,clonotype79_consensus_1,rbd,clonotype79_consensus_1
CASCYSNWFDPW,IGHV1-69,IGHJ5,heavy,clonotype129_consensus_2,rbd,clonotype129_consensus_2
CTTGGSGRTYFDYW,IGHV3-15,IGHJ4,heavy,clonotype126_consensus_2,rbd,clonotype126_consensus_2
CAHVYYDSRLSVW,IGHV2-5,IGHJ5,heavy,clonotype120_consensus_3,rbd,clonotype120_consensus_3
CARDSSSWREGYNWFDPW,IGHV3-21,IGHJ5,heavy,clonotype62_consensus_2,rbd,clonotype62_consensus_2
CARAVPAGTIYYYGMDVW,IGHV1-8,IGHJ6,heavy,clonotype105_consensus_1,rbd,clonotype105_consensus_1
CARSGVMVRGVVFDYW,IGHV3-48,IGHJ4,heavy,clonotype183_consensus_2,rbd,clonotype183_consensus_2
CAREGNNWFDPW,IGHV1-69,IGHJ5,heavy,clonotype200_consensus_1,rbd,clonotype200_consensus_1
CARVYSSSVGENYYYYGMDVW,IGHV4-30-2,IGHJ6,heavy,clonotype22_consensus_1,rbd,clonotype22_consensus_1
CAREQTMIVYYYYGMDVW,IGHV3-48,IGHJ6,heavy,clonotype176_consensus_1,rbd,clonotype176_consensus_1
CARSYCSSTSCYYFDYW,IGHV4-30-4,IGHJ4,heavy,clonotype14_consensus_2,rbd,clonotype14_consensus_2
CAKDGIAAAAFNWFDPW,IGHV3-23,IGHJ5,heavy,clonotype220_consensus_1,rbd,clonotype220_consensus_1
CARSPETRSSSSYVWVDYW,IGHV5-51,IGHJ4,heavy,clonotype95_consensus_2,rbd,clonotype95_consensus_2
CARHDYGDRDFDYW,IGHV4-39,IGHJ4,heavy,clonotype243_consensus_1,rbd,clonotype243_consensus_1
CARERGIGSGSYYYYYGMDVW,IGHV1-2,IGHJ6,heavy,clonotype150_consensus_2,rbd,clonotype150_consensus_2
CARQPHYDYVWGSYRNLNWFDPW,IGHV4-39,IGHJ5,heavy,clonotype82_consensus_2,rbd,clonotype82_consensus_2
CARGSVRDYW,IGHV3-53,IGHJ4,heavy,clonotype213_consensus_1,rbd,clonotype213_consensus_1
CATGLAAAGYSTKGDYW,IGHV1-24,IGHJ4,heavy,clonotype17_consensus_2,rbd,clonotype17_consensus_2
CARVGTTGTTLDYW,IGHV3-11,IGHJ4,heavy,clonotype133_consensus_1,rbd,clonotype133_consensus_1
CARASGSYYYYYGMDVW,IGHV1-46,IGHJ6,heavy,clonotype132_consensus_1,rbd,clonotype132_consensus_1
CAKEETYYDFWSGYPQGRDFDYW,IGHV3-23,IGHJ4,heavy,clonotype194_consensus_1,rbd,clonotype194_consensus_1
CAKDLVYYGSGSYTPFDYW,IGHV3-33,IGHJ4,heavy,clonotype111_consensus_1,rbd,clonotype111_consensus_1
CARIVGCSSTSCYLPYYFDYW,IGHV2-26,IGHJ4,heavy,clonotype181_consensus_1,rbd,clonotype181_consensus_1
YCARGLLNYFDY,IGHV3-21,IGHJ4,heavy,clonotype34_consensus_1,rbd,clonotype34_consensus_1
CARDQAFTMVRGGLDYW,IGHV1-2,IGHJ4,heavy,clonotype156_consensus_1,rbd,clonotype156_consensus_1
CARRGDIVVVPAASNWFDPW,IGHV4-39,IGHJ5,heavy,clonotype219_consensus_2,rbd,clonotype219_consensus_2
CARARDSDYGDYYFDYW,IGHV4-31,IGHJ4,heavy,clonotype80_consensus_1,rbd,clonotype80_consensus_1
CANNPVDTAMDNYYYYGMDVW,IGHV3-33,IGHJ6,heavy,clonotype119_consensus_1,rbd,clonotype119_consensus_1
CASWVPYGGTYYDSSVPFDYW,IGHV4-39,IGHJ4,heavy,clonotype207_consensus_2,rbd,clonotype207_consensus_2
CAKVWFDAFDIW,IGHV3-9,IGHJ3,heavy,clonotype239_consensus_2,rbd,clonotype239_consensus_2
CARHDLLDSSGFDYW,IGHV4-39,IGHJ4,heavy,clonotype172_consensus_1,rbd,clonotype172_consensus_1
CASQPWY*YYFDYW,IGHV4-30-4,IGHJ4,heavy,clonotype96_consensus_2,rbd,clonotype96_consensus_2
CAKGFVPSGSIPYNWFDPW,IGHV3-23,IGHJ5,heavy,clonotype23_consensus_1,rbd,clonotype23_consensus_1
CARGKYSYPSYYFDYW,IGHV3-30,IGHJ4,heavy,clonotype12_consensus_1,rbd,clonotype12_consensus_1
CARDYYGSGSSPSPNYYYYYGMDVW,IGHV3-30,IGHJ6,heavy,clonotype152_consensus_1,rbd,clonotype152_consensus_1
CAKLGELWNYFDYW,IGHV3-23,IGHJ4,heavy,clonotype93_consensus_1,rbd,clonotype93_consensus_1
CAREGTTGTTKSLYYYYGMDVW,IGHV3-7,IGHJ6,heavy,clonotype174_consensus_1,rbd,clonotype174_consensus_1
CARGGYSSSWFFVYYFDYW,IGHV4-34,IGHJ4,heavy,clonotype87_consensus_1,rbd,clonotype87_consensus_1
CARVHDFWSGTASGAFDIW,IGHV3-7,IGHJ3,heavy,clonotype195_consensus_2,rbd,clonotype195_consensus_2
CARDMDVW,IGHV3-21,IGHJ6,heavy,clonotype11_consensus_2,rbd,clonotype11_consensus_2
CARDRQEEEYQLLYFGDAFDIW,IGHV1-69,IGHJ3,heavy,clonotype8_consensus_2,rbd,clonotype8_consensus_2
CAKDHSGAIDYW,IGHV3-33,IGHJ4,heavy,clonotype241_consensus_2,rbd,clonotype241_consensus_2
CARGDFWSGFDYW,IGHV3-48,IGHJ4,heavy,clonotype48_consensus_1,rbd,clonotype48_consensus_1
CAREDGDTALPSEGMYFDYW,IGHV4-59,IGHJ4,heavy,clonotype5_consensus_1,rbd,clonotype5_consensus_1
CAKSCSSTTFRFDYW,IGHV3-23,IGHJ4,heavy,clonotype228_consensus_1,rbd,clonotype228_consensus_1
CARLGYGDPGYYYYGMDVW,IGHV3-72,IGHJ6,heavy,clonotype24_consensus_2,rbd,clonotype24_consensus_2
CAGEGYCSGGSCYWRYW,IGHV4-39,IGHJ4,heavy,clonotype18_consensus_2,rbd,clonotype18_consensus_2
CARAILVDIVATIEKNYYGMDVW,IGHV1-69,IGHJ6,heavy,clonotype146_consensus_2,rbd,clonotype146_consensus_2
CARHTAMVLGGGGDYFDYW,IGHV5-10-1,IGHJ4,heavy,clonotype90_consensus_2,rbd,clonotype90_consensus_2
CARGLVVPAAYYYYYGMDVW,IGHV4-59,IGHJ6,heavy,clonotype190_consensus_2,rbd,clonotype190_consensus_2
CARDPPFYGMDVW,IGHV4-59,IGHJ6,heavy,clonotype131_consensus_1,rbd,clonotype131_consensus_1
CARLARPAGTRRGNGMDVW,IGHV5-51,IGHJ6,heavy,clonotype98_consensus_2,rbd,clonotype98_consensus_2
CARAGIVGATIDYW,IGHV3-48,IGHJ4,heavy,clonotype170_consensus_2,rbd,clonotype170_consensus_2
CARVDIVVVPAAIYYGMDVW,IGHV1-46,IGHJ6,heavy,clonotype139_consensus_1,rbd,clonotype139_consensus_1
CARGWIQLWLDAFDIW,IGHV3-74,IGHJ3,heavy,clonotype185_consensus_1,rbd,clonotype185_consensus_1
CASLRIVVVPAPPSSPLHSNWFDPW,IGHV3-21,IGHJ5,heavy,clonotype227_consensus_1,rbd,clonotype227_consensus_1
CARDHCSSTSCYRPEKTNSYYYGMDVW,IGHV3-30-3,IGHJ6,heavy,clonotype178_consensus_1,rbd,clonotype178_consensus_1
CAKDYYDSSGYSKGMVFDYW,IGHV3-23,IGHJ4,heavy,clonotype248_consensus_1,rbd,clonotype248_consensus_1
CARDFSSGYSLDYW,IGHV7-4-1,IGHJ4,heavy,clonotype233_consensus_2,rbd,clonotype233_consensus_2
CAKDIAVAGYFDYW,IGHV3-33,IGHJ4,heavy,clonotype45_consensus_2,rbd,clonotype45_consensus_2
CARRYSSDWFDPW,IGHV3-53,IGHJ5,heavy,clonotype116_consensus_2,rbd,clonotype116_consensus_2
CTREEGYSSSWYFDYW,IGHV3-49,IGHJ4,heavy,clonotype21_consensus_1,rbd,clonotype21_consensus_1
CARGGGYYFDYW,IGHV3-30-3,IGHJ4,heavy,clonotype130_consensus_1,rbd,clonotype130_consensus_1
CAVRLDSSSWYYFDYW,IGHV3-23,IGHJ4,heavy,clonotype100_consensus_2,rbd,clonotype100_consensus_2
CAREAGGYYYYGMDVW,IGHV4-34,IGHJ6,heavy,clonotype30_consensus_2,rbd,clonotype30_consensus_2
CAREFDYYDSSGYYWDWFDPW,IGHV3-21,IGHJ5,heavy,clonotype158_consensus_2,rbd,clonotype158_consensus_2
CAKAKVGATRFDYW,IGHV3-23,IGHJ4,heavy,clonotype97_consensus_1,rbd,clonotype97_consensus_1
CARRLAYYYDSSGYRDAFDIW,IGHV4-31,IGHJ3,heavy,clonotype124_consensus_1,rbd,clonotype124_consensus_1
CVTLRGGRFDPW,IGHV3-64D,IGHJ5,heavy,clonotype49_consensus_1,rbd,clonotype49_consensus_1
CARHKKDDYSNYVSLDYFDYW,IGHV4-39,IGHJ4,heavy,clonotype187_consensus_2,rbd,clonotype187_consensus_2
CVGYAPYFDYW,IGHV3-74,IGHJ4,heavy,clonotype42_consensus_1,rbd,clonotype42_consensus_1
CARVGDSSGYYHWYFDLW,IGHV4-30-4,IGHJ2,heavy,clonotype112_consensus_1,rbd,clonotype112_consensus_1
CALSRGYSYGFDYW,IGHV3-23,IGHJ4,heavy,clonotype175_consensus_2,rbd,clonotype175_consensus_2
CAKFALGSYCSSTSCYGWFDPW,IGHV3-23,IGHJ5,heavy,clonotype83_consensus_2,rbd,clonotype83_consensus_2
CARPYTTQYWYFDLW,IGHV4-39,IGHJ2,heavy,clonotype46_consensus_2,rbd,clonotype46_consensus_2
CARDEYYYDSSGYYADYW,IGHV3-30-3,IGHJ4,heavy,clonotype238_consensus_1,rbd,clonotype238_consensus_1
CARGPMTTVTTGSPDDYW,IGHV3-30-3,IGHJ4,heavy,clonotype217_consensus_2,rbd,clonotype217_consensus_2
CARARGGYSGSYYYFDYW,IGHV1-3,IGHJ4,heavy,clonotype84_consensus_1,rbd,clonotype84_consensus_1
CAREYYYDSSGHWFDPW,IGHV3-21,IGHJ5,heavy,clonotype230_consensus_2,rbd,clonotype230_consensus_2
CARGNYGGLLYWYFDLW,IGHV3-30,IGHJ2,heavy,clonotype202_consensus_2,rbd,clonotype202_consensus_2
CASIRLGYCSGGSCYYYYYGMDVW,IGHV1-69,IGHJ6,heavy,clonotype92_consensus_1,rbd,clonotype92_consensus_1
CAKDRMIVVVSNAFDIW,IGHV3-23,IGHJ3,heavy,clonotype70_consensus_1,rbd,clonotype70_consensus_1
CAGVLTGYYAPFDYW,IGHV3-48,IGHJ4,heavy,clonotype157_consensus_1,ntd,clonotype157_consensus_1
CARGW*LLFTDWFDPW,IGHV3-48,IGHJ5,heavy,clonotype226_consensus_2,ntd,clonotype226_consensus_2
CARQLVEGSFGTFGGETHFDYW,IGHV5-51,IGHJ4,heavy,clonotype190_consensus_1,ntd,clonotype190_consensus_1
CARGLGSGADDYW,IGHV4-59,IGHJ4,heavy,clonotype251_consensus_2,ntd,clonotype251_consensus_2
CARARTGFWSGPLFDYW,IGHV4-31,IGHJ4,heavy,clonotype267_consensus_2,ntd,clonotype267_consensus_2
CARDRYSSSWRLDYW,IGHV3-30-3,IGHJ4,heavy,clonotype290_consensus_1,ntd,clonotype290_consensus_1
CARTR*LGYFDYW,IGHV1-18,IGHJ4,heavy,clonotype314_consensus_1,ntd,clonotype314_consensus_1
CAKLERQGGDYYYGMDVW,IGHV3-23,IGHJ6,heavy,clonotype253_consensus_2,ntd,clonotype253_consensus_2
CATAPMVRGSPSDYYYYYGMDVW,IGHV1-24,IGHJ6,heavy,clonotype223_consensus_2,ntd,clonotype223_consensus_2
CARDFWSGYDAFDIW,IGHV3-48,IGHJ3,heavy,clonotype254_consensus_2,ntd,clonotype254_consensus_2
CAREARNSSPDAFDIW,IGHV1-46,IGHJ3,heavy,clonotype101_consensus_1,ntd,clonotype101_consensus_1
CAIVLRYFGGWFDPW,IGHV4-34,IGHJ5,heavy,clonotype322_consensus_2,ntd,clonotype322_consensus_2
CAKGGGYDFNWFDPW,IGHV3-23,IGHJ5,heavy,clonotype188_consensus_2,ntd,clonotype188_consensus_2
CARLITFGGVIVYW,IGHV5-51,IGHJ4,heavy,clonotype95_consensus_1,ntd,clonotype95_consensus_1
CARDQSNWGLDYW,IGHV4-31,IGHJ4,heavy,clonotype124_consensus_1,ntd,clonotype124_consensus_1
CARGGLTGYYGMDVW,IGHV3-30,IGHJ6,heavy,clonotype37_consensus_1,ntd,clonotype37_consensus_1
CARHGVRLVAPVKYYFDYW,IGHV4-39,IGHJ4,heavy,clonotype219_consensus_1,ntd,clonotype219_consensus_1
CAKDYGSGSYSYFDYW,IGHV3-23,IGHJ4,heavy,clonotype334_consensus_2,ntd,clonotype334_consensus_2
CARGRGSGSYRYYYGMDVW,IGHV4-34,IGHJ6,heavy,clonotype105_consensus_1,ntd,clonotype105_consensus_1
CARYYYDDAFDIW,IGHV4-59,IGHJ3,heavy,clonotype167_consensus_2,ntd,clonotype167_consensus_2
CAREAVLLWFGAILDYYYGMDVW,IGHV3-30-3,IGHJ6,heavy,clonotype331_consensus_2,ntd,clonotype331_consensus_2
CARDWYSSSWYRWWNKNGGGNWFDPW,IGHV3-48,IGHJ5,heavy,clonotype56_consensus_1,ntd,clonotype56_consensus_1
CARESSSALRWFDPW,IGHV3-7,IGHJ5,heavy,clonotype175_consensus_1,ntd,clonotype175_consensus_1
CARERYSSGPDYW,IGHV3-30,IGHJ4,heavy,clonotype283_consensus_2,ntd,clonotype283_consensus_2
CASCSSTSCYGPQYYFDYW,IGHV4-39,IGHJ4,heavy,clonotype118_consensus_2,ntd,clonotype118_consensus_2
CARCPIAAAGTHFDPW,IGHV1-46,IGHJ5,heavy,clonotype128_consensus_1,ntd,clonotype128_consensus_1
CARGKVGYYYDSSGYYSGHYYYGMDVW,IGHV3-20,IGHJ6,heavy,clonotype26_consensus_1,ntd,clonotype26_consensus_1
CVKDRLELPYDAFDIW,IGHV3-64D,IGHJ3,heavy,clonotype129_consensus_2,ntd,clonotype129_consensus_2
CARGASLGDGGYYYYYYGMDVW,IGHV1-46,IGHJ6,heavy,clonotype43_consensus_1,ntd,clonotype43_consensus_1
CAKDHPSYSNCGGDCSHFDYW,IGHV3-30,IGHJ4,heavy,clonotype109_consensus_1,ntd,clonotype109_consensus_1
CAREMQGPYGYSDNWFDPW,IGHV3-7,IGHJ5,heavy,clonotype287_consensus_2,ntd,clonotype287_consensus_2
CATAKDYGGNSGFNWFDPW,IGHV1-24,IGHJ5,heavy,clonotype112_consensus_1,ntd,clonotype112_consensus_1
CARAYGYYYYYGMDVW,IGHV1-8,IGHJ6,heavy,clonotype69_consensus_2,ntd,clonotype69_consensus_2
CAKDRRRGDTAMAFDIW,IGHV3-23,IGHJ3,heavy,clonotype330_consensus_2,ntd,clonotype330_consensus_2
CARVIRDYVWGSYRYDAHFDYW,IGHV4-59,IGHJ4,heavy,clonotype220_consensus_1,ntd,clonotype220_consensus_1
CARLAVTTFHYYYYGMDVW,IGHV4-39,IGHJ6,heavy,clonotype92_consensus_2,ntd,clonotype92_consensus_2
CARGRPPARSSTSCSNWFDPW,IGHV1-2,IGHJ5,heavy,clonotype148_consensus_1,ntd,clonotype148_consensus_1
CARSPKLRYFDWLLHWFDPW,IGHV3-21,IGHJ5,heavy,clonotype97_consensus_2,ntd,clonotype97_consensus_2
CAYLPIWFGDYFDYW,IGHV3-48,IGHJ4,heavy,clonotype76_consensus_1,ntd,clonotype76_consensus_1
CAKDRGVTTSVYFDYW,IGHV3-30,IGHJ4,heavy,clonotype36_consensus_2,ntd,clonotype36_consensus_2
CARSGYSSGWYYFDYW,IGHV4-59,IGHJ4,heavy,clonotype169_consensus_2,ntd,clonotype169_consensus_2
CARDPGGPYYYGSGSYLPDYW,IGHV3-48,IGHJ4,heavy,clonotype291_consensus_2,ntd,clonotype291_consensus_2
CAKAPAYDFWSGYYLDYW,IGHV3-23,IGHJ4,heavy,clonotype221_consensus_1,ntd,clonotype221_consensus_1
CARVYPLPYHGATIPKYYFDYW,IGHV4-59,IGHJ4,heavy,clonotype110_consensus_1,ntd,clonotype110_consensus_1
CAARGGSGSYYNVAKNWYFDLW,IGHV4-39,IGHJ2,heavy,clonotype203_consensus_1,ntd,clonotype203_consensus_1
CARGGIAVAGTRGVWAFDIW,IGHV3-72,IGHJ3,heavy,clonotype42_consensus_1,ntd,clonotype42_consensus_1
CARRYCSGGSCNWFDPW,IGHV4-4,IGHJ5,heavy,clonotype179_consensus_2,ntd,clonotype179_consensus_2
CARFVVTMVRGVIDNWFDPW,IGHV4-31,IGHJ5,heavy,clonotype319_consensus_2,ntd,clonotype319_consensus_2
CARHLNSGIVGASIDYW,IGHV4-39,IGHJ4,heavy,clonotype5_consensus_1,ntd,clonotype5_consensus_1
CARGGYSYGYQKKKPIYYFDYW,IGHV6-1,IGHJ4,heavy,clonotype173_consensus_1,ntd,clonotype173_consensus_1
CARLIVGQSCSGGSCWPIDYW,IGHV4-4,IGHJ4,heavy,clonotype91_consensus_1,ntd,clonotype91_consensus_1
CAKDLSPGGMDVW,IGHV3-9,IGHJ6,heavy,clonotype196_consensus_2,ntd,clonotype196_consensus_2
CTTTRGSGSYYYYYGMDVW,IGHV3-15,IGHJ6,heavy,clonotype261_consensus_1,ntd,clonotype261_consensus_1
CTTDDITMIVVRAFDIW,IGHV3-15,IGHJ3,heavy,clonotype180_consensus_2,ntd,clonotype180_consensus_2
CARVSQRR*LQ*IDYW,IGHV1-18,IGHJ4,heavy,clonotype269_consensus_2,ntd,clonotype269_consensus_2
CARLIAPPPGGSYYFDYW,IGHV4-39,IGHJ4,heavy,clonotype296_consensus_1,ntd,clonotype296_consensus_1
CARGVGGYYFDYW,IGHV1-18,IGHJ4,heavy,clonotype102_consensus_2,ntd,clonotype102_consensus_2
CARGGYCSSTSCYAGYHDAFDIW,IGHV3-13,IGHJ3,heavy,clonotype347_consensus_2,ntd,clonotype347_consensus_2
CTTRLLLWFGESYYFDYW,IGHV3-15,IGHJ4,heavy,clonotype183_consensus_2,ntd,clonotype183_consensus_2
CARRAGSYYGYFAQAGGMDVW,IGHV5-51,IGHJ6,heavy,clonotype71_consensus_2,ntd,clonotype71_consensus_2
CATGSPLLLCSGRWFDPW,IGHV1-24,IGHJ5,heavy,clonotype243_consensus_1,ntd,clonotype243_consensus_1
CARHKRTYYYGSGTNYYYYGMDVW,IGHV5-51,IGHJ6,heavy,clonotype185_consensus_2,ntd,clonotype185_consensus_2
CTTDVWNYWSW,IGHV3-15,IGHJ5,heavy,clonotype201_consensus_1,ntd,clonotype201_consensus_1
CARGRSLGELSGFDYW,IGHV1-8,IGHJ4,heavy,clonotype244_consensus_1,ntd,clonotype244_consensus_1
CARRSYYYGMDVW,IGHV4-59,IGHJ6,heavy,clonotype28_consensus_1,ntd,clonotype28_consensus_1
CAREGHLGGGDCPW,IGHV1-69,IGHJ5,heavy,clonotype245_consensus_2,ntd,clonotype245_consensus_2
CARVSKYSSIFDYW,IGHV4-59,IGHJ4,heavy,clonotype305_consensus_2,ntd,clonotype305_consensus_2
CARDIPNTYCGFDYW,IGHV1-69,IGHJ4,heavy,clonotype103_consensus_2,ntd,clonotype103_consensus_2
CAKDGAAAAGTFDYW,IGHV3-30,IGHJ4,heavy,clonotype87_consensus_2,ntd,clonotype87_consensus_2
CARDVSVYSGYDPFDYW,IGHV3-7,IGHJ4,heavy,clonotype139_consensus_1,ntd,clonotype139_consensus_1
CAKDMVSRYYYGMDVW,IGHV3-30,IGHJ6,heavy,clonotype333_consensus_1,ntd,clonotype333_consensus_1
CAREGFGSGLTTFDYW,IGHV3-20,IGHJ4,heavy,clonotype158_consensus_1,ntd,clonotype158_consensus_1
CATGGSPSYW,IGHV1-2,IGHJ4,heavy,clonotype235_consensus_1,ntd,clonotype235_consensus_1
CAHFTTGTSSAHGSDANYFDYW,IGHV2-5,IGHJ4,heavy,clonotype164_consensus_2,ntd,clonotype164_consensus_2
CARGYYYGSGSFDYW,IGHV1-3,IGHJ4,heavy,clonotype225_consensus_2,ntd,clonotype225_consensus_2
CARDSLLTGYYLPFDYW,IGHV4-59,IGHJ4,heavy,clonotype176_consensus_2,ntd,clonotype176_consensus_2
CARGYSSGW*PFDYW,IGHV4-39,IGHJ4,heavy,clonotype275_consensus_1,ntd,clonotype275_consensus_1
CARGVAAEFDPW,IGHV1-46,IGHJ5,heavy,clonotype328_consensus_1,ntd,clonotype328_consensus_1
CARGYRGDIVVVVAASGLFDPW,IGHV3-48,IGHJ5,heavy,clonotype108_consensus_2,ntd,clonotype108_consensus_2
CARVVVIASQPPYYYYYGMDVW,IGHV3-48,IGHJ6,heavy,clonotype83_consensus_2,ntd,clonotype83_consensus_2
CARVRLHSITIFGVVIPDYYYYGMDVW,IGHV1-8,IGHJ6,heavy,clonotype233_consensus_2,ntd,clonotype233_consensus_2
CARAPALLLWFGETLDAFDIW,IGHV3-33,IGHJ3,heavy,clonotype191_consensus_1,ntd,clonotype191_consensus_1
CARVGYCSSTSCPINYYYYGMDVW,IGHV1-69,IGHJ6,heavy,clonotype119_consensus_2,ntd,clonotype119_consensus_2
CATGPPARPVAEYFQHW,IGHV1-24,IGHJ1,heavy,clonotype155_consensus_2,ntd,clonotype155_consensus_2
CTSPLYSGSPYAFDIW,IGHV3-49,IGHJ3,heavy,clonotype239_consensus_2,ntd,clonotype239_consensus_2
CARAPYSSGTRTHGMDVW,IGHV3-74,IGHJ6,heavy,clonotype106_consensus_1,ntd,clonotype106_consensus_1
CARDRGYYDILTGQNLRYGMDVW,IGHV1-46,IGHJ6,heavy,clonotype64_consensus_2,ntd,clonotype64_consensus_2
CARARYCSGGSYFDYW,IGHV1-18,IGHJ4,heavy,clonotype326_consensus_1,ntd,clonotype326_consensus_1
CARDLAGRGDIVLGDVW,IGHV4-59,IGHJ6,heavy,clonotype312_consensus_1,ntd,clonotype312_consensus_1
CAKDQWIQLWFRRSNYYYGMDVW,IGHV3-23,IGHJ6,heavy,clonotype325_consensus_1,ntd,clonotype325_consensus_1
CARDIVAGTFDYW,IGHV4-59,IGHJ4,heavy,clonotype263_consensus_2,ntd,clonotype263_consensus_2
CARRSAVAGTGGYYFDYW,IGHV4-39,IGHJ4,heavy,clonotype62_consensus_1,ntd,clonotype62_consensus_1
CARDSCSSTSCYGDLNWFDPW,IGHV3-33,IGHJ5,heavy,clonotype241_consensus_2,ntd,clonotype241_consensus_2
CAKDELWFGELYDTFGWFDPW,IGHV3-23,IGHJ5,heavy,clonotype292_consensus_1,ntd,clonotype292_consensus_1
CARALPAAMHNWFDPW,IGHV6-1,IGHJ5,heavy,clonotype48_consensus_1,ntd,clonotype48_consensus_1
CARGEVDSSGWGWFDPW,IGHV4-59,IGHJ5,heavy,clonotype115_consensus_2,ntd,clonotype115_consensus_2
CARGRIDYGYYYYYGMDVW,IGHV1-8,IGHJ6,heavy,clonotype126_consensus_1,ntd,clonotype126_consensus_1
CARPRYDYVWGSGSHNWFDPW,IGHV4-39,IGHJ5,heavy,clonotype172_consensus_2,ntd,clonotype172_consensus_2
CAREGILINWFDPW,IGHV4-61,IGHJ5,heavy,clonotype250_consensus_1,ntd,clonotype250_consensus_1
CAKETDYYYYYGMDVW,IGHV3-33,IGHJ6,heavy,clonotype194_consensus_1,ntd,clonotype194_consensus_1
CATVPSYYYDSSGYYRFDYW,IGHV1-24,IGHJ4,heavy,clonotype160_consensus_2,ntd,clonotype160_consensus_2
CARGGSSSWYTWFDPW,IGHV1-3,IGHJ5,heavy,clonotype89_consensus_2,ntd,clonotype89_consensus_2
CARDGSPSSIAARLDYW,IGHV3-30,IGHJ4,heavy,clonotype22_consensus_2,ntd,clonotype22_consensus_2
CARDQPVLRYFDWLLGNGMDVW,IGHV3-21,IGHJ6,heavy,clonotype53_consensus_2,ntd,clonotype53_consensus_2
CARERLR*LQVYYYGMDVW,IGHV3-30-3,IGHJ6,heavy,clonotype10_consensus_1,ntd,clonotype10_consensus_1
CARVDSGSYDFDYW,IGHV4-59,IGHJ4,heavy,clonotype280_consensus_1,ntd,clonotype280_consensus_1
CARDGPLDHRGYYYYYYGMDVW,IGHV3-33,IGHJ6,heavy,clonotype240_consensus_1,ntd,clonotype240_consensus_1
CARAKVPAAMWFDPW,IGHV1-2,IGHJ5,heavy,clonotype182_consensus_2,ntd,clonotype182_consensus_2
CARGGLRITIFGVVAEVWFDPW,IGHV4-34,IGHJ5,heavy,clonotype140_consensus_1,ntd,clonotype140_consensus_1
CAREGPGIAAAGTVRYYGMDVW,IGHV1-46,IGHJ6,heavy,clonotype227_consensus_1,ntd,clonotype227_consensus_1
CARDPHGGSYYEGDLRLYW,IGHV3-30-3,IGHJ4,heavy,clonotype293_consensus_1,ntd,clonotype293_consensus_1
CAKDVRSITMIVVVILDAFDIW,IGHV3-23,IGHJ3,heavy,clonotype79_consensus_2,ntd,clonotype79_consensus_2
CARDERGWFW,IGHV3-21,IGHJ5,heavy,clonotype107_consensus_3,ntd,clonotype107_consensus_3
CARDGVANGSSGFRYYFDYW,IGHV3-21,IGHJ4,heavy,clonotype336_consensus_1,ntd,clonotype336_consensus_1
CARHGPTVSSGWYRKYYFDYW,IGHV4-39,IGHJ4,heavy,clonotype224_consensus_1,ntd,clonotype224_consensus_1
CARHGTYYDILTGYQPTYRLDYW,IGHV4-39,IGHJ4,heavy,clonotype217_consensus_2,ntd,clonotype217_consensus_2
CARRGRSITMVRGAQTYYYGMDVW,IGHV5-10-1,IGHJ6,heavy,clonotype7_consensus_2,ntd,clonotype7_consensus_2
CATAPLQVPYFDYW,IGHV1-24,IGHJ4,heavy,clonotype143_consensus_2,ntd,clonotype143_consensus_2
CARRVAARIFDYW,IGHV4-39,IGHJ4,heavy,clonotype166_consensus_1,ntd,clonotype166_consensus_1
CARVRIVVVPAAMDGYYYYGMDVW,IGHV1-69,IGHJ6,heavy,clonotype222_consensus_2,ntd,clonotype222_consensus_2
CATGPPIVSRNWFDPW,IGHV1-24,IGHJ5,heavy,clonotype320_consensus_2,ntd,clonotype320_consensus_2
CARGNVPYFDYW,IGHV1-3,IGHJ4,heavy,clonotype206_consensus_2,ntd,clonotype206_consensus_2
CAKRPSTSSGWRFDYW,IGHV3-23,IGHJ4,heavy,clonotype174_consensus_1,ntd,clonotype174_consensus_1
CARAYDFWSGYYYYFDYW,IGHV1-3,IGHJ4,heavy,clonotype271_consensus_1,ntd,clonotype271_consensus_1
CARETPYGDSIDYW,IGHV4-59,IGHJ4,heavy,clonotype341_consensus_2,ntd,clonotype341_consensus_2
CARDGGGWFDPW,IGHV3-30-3,IGHJ5,heavy,clonotype317_consensus_1,ntd,clonotype317_consensus_1
CARWSDGSGSYYNRHRGKNFDYW,IGHV6-1,IGHJ4,heavy,clonotype324_consensus_1,ntd,clonotype324_consensus_1
CARGRASIAAAGTPFDYW,IGHV1-3,IGHJ4,heavy,clonotype49_consensus_2,ntd,clonotype49_consensus_2
CVKPYDYYYYGMDVW,IGHV3-64,IGHJ6,heavy,clonotype270_consensus_2,ntd,clonotype270_consensus_2
CARLRLLYSSGPKACFDYW,IGHV4-4,IGHJ4,heavy,clonotype6_consensus_2,ntd,clonotype6_consensus_2
CAKELLSVDAFDIW,IGHV3-30,IGHJ3,heavy,clonotype339_consensus_2,ntd,clonotype339_consensus_2
CARDEIVVVIRDYYYYYYGMDVW,IGHV1-69,IGHJ6,heavy,clonotype150_consensus_1,ntd,clonotype150_consensus_1
CARGSRKTGYSSAEGGHYYYYGMDVW,IGHV1-69,IGHJ6,heavy,clonotype162_consensus_2,ntd,clonotype162_consensus_2
CARHRRTWDSSGYYYYFDYW,IGHV4-39,IGHJ4,heavy,clonotype131_consensus_2,ntd,clonotype131_consensus_2
CARGTNSYPGFDYW,IGHV3-7,IGHJ4,heavy,clonotype297_consensus_1,ntd,clonotype297_consensus_1
CARSPEYYYDSSGTGWFDPW,IGHV5-51,IGHJ5,heavy,clonotype281_consensus_1,ntd,clonotype281_consensus_1
CARHSYGRNWFDPW,IGHV4-34,IGHJ5,heavy,clonotype57_consensus_1,ntd,clonotype57_consensus_1
CARGITGTTSYFDYW,IGHV7-4-1,IGHJ4,heavy,clonotype137_consensus_2,ntd,clonotype137_consensus_2
CAREITMIVVGWFDPW,IGHV7-4-1,IGHJ5,heavy,clonotype260_consensus_2,ntd,clonotype260_consensus_2
CARERSDFWSGYYNNWFDPW,IGHV4-59,IGHJ5,heavy,clonotype195_consensus_2,ntd,clonotype195_consensus_2
CARHRFYSSGWWDAFDVW,IGHV4-59,IGHJ3,heavy,clonotype313_consensus_1,ntd,clonotype313_consensus_1
CARARVPYCSSTSCYLVYYYYYGMDVW,IGHV1-18,IGHJ6,heavy,clonotype181_consensus_1,ntd,clonotype181_consensus_1
CARHRARPDFDYW,IGHV4-39,IGHJ4,heavy,clonotype258_consensus_2,ntd,clonotype258_consensus_2
CARHPRSMGFGEPFDYW,IGHV4-39,IGHJ4,heavy,clonotype321_consensus_2,ntd,clonotype321_consensus_2
CAKVRRGYSYGYFDYW,IGHV3-30,IGHJ4,heavy,clonotype329_consensus_2,ntd,clonotype329_consensus_2
CARAYYGSGSYYYFDYW,IGHV5-51,IGHJ4,heavy,clonotype256_consensus_2,ntd,clonotype256_consensus_2
CARRIVLMVYYYYYYGMDVW,IGHV4-61,IGHJ6,heavy,clonotype259_consensus_2,ntd,clonotype259_consensus_2
CASSCSGGSYFDYW,IGHV3-11,IGHJ4,heavy,clonotype335_consensus_2,ntd,clonotype335_consensus_2
CATAPPIVGAMYNWFDPW,IGHV1-24,IGHJ5,heavy,clonotype315_consensus_2,ntd,clonotype315_consensus_2
CARQPRREDYYDSSGDYW,IGHV4-39,IGHJ4,heavy,clonotype255_consensus_2,ntd,clonotype255_consensus_2
CASTGTRRDGYDSDFDYW,IGHV3-21,IGHJ4,heavy,clonotype60_consensus_2,ntd,clonotype60_consensus_2
CARSLSGYDFWSGNYAFDIW,IGHV4-4,IGHJ3,heavy,clonotype134_consensus_3,ntd,clonotype134_consensus_3
CAKLDYYYYGMDVW,IGHV3-23,IGHJ6,heavy,clonotype114_consensus_1,ntd,clonotype114_consensus_1
CARGRGYSSGWLLYYFDYW,IGHV3-33,IGHJ4,heavy,clonotype207_consensus_2,ntd,clonotype207_consensus_2
CASSPLFARDSCSSTSCLNWFDPW,IGHV1-46,IGHJ5,heavy,clonotype171_consensus_2,ntd,clonotype171_consensus_2
CTTRYCSSTSCPGGLVDVW,IGHV3-15,IGHJ6,heavy,clonotype34_consensus_1,ntd,clonotype34_consensus_1
CARSSSSWYSKTDYW,IGHV1-18,IGHJ4,heavy,clonotype307_consensus_1,ntd,clonotype307_consensus_1
CARGDVLRYFDWFLTDVYFDYW,IGHV3-74,IGHJ4,heavy,clonotype215_consensus_2,ntd,clonotype215_consensus_2
CAKDICSGSYYYYYYGMDVW,IGHV3-9,IGHJ6,heavy,clonotype288_consensus_2,ntd,clonotype288_consensus_2
CTRAYTYW,IGHV3-73,IGHJ4,heavy,clonotype193_consensus_2,ntd,clonotype193_consensus_2
CALETGYSSGWFDPW,IGHV2-5,IGHJ5,heavy,clonotype17_consensus_2,ntd,clonotype17_consensus_2
CARVRPVVAATFDAFDIW,IGHV1-69,IGHJ3,heavy,clonotype78_consensus_1,ntd,clonotype78_consensus_1
CARAYYYGSGRTPGYYYGMDVW,IGHV1-3,IGHJ6,heavy,clonotype246_consensus_2,ntd,clonotype246_consensus_2
CARERYQLLYGYYYYYGMDVW,IGHV3-7,IGHJ6,heavy,clonotype165_consensus_2,ntd,clonotype165_consensus_2
CARVDRDDFWSGYYFDYW,IGHV4-31,IGHJ4,heavy,clonotype144_consensus_1,ntd,clonotype144_consensus_1
CATDVAGSYSGRVDAFDIW,IGHV1-24,IGHJ3,heavy,clonotype189_consensus_2,ntd,clonotype189_consensus_2
CARQLGYCSGGSCYSPTRFDPW,IGHV4-39,IGHJ5,heavy,clonotype346_consensus_1,ntd,clonotype346_consensus_1
CTTGDIVVVPAAIGW,IGHV3-15,IGHJ5,heavy,clonotype228_consensus_2,ntd,clonotype228_consensus_2
CAKEYSSGWFWYFDYW,IGHV3-23,IGHJ4,heavy,clonotype20_consensus_1,ntd,clonotype20_consensus_1
CARDGAAAGGGRYYYYYYGMDVW,IGHV3-7,IGHJ6,heavy,clonotype156_consensus_1,ntd,clonotype156_consensus_1
CARGLLRSTSCYFDYW,IGHV4-34,IGHJ4,heavy,clonotype74_consensus_2,ntd,clonotype74_consensus_2
CAKVIQLRFLEWLLGFDYW,IGHV3-23,IGHJ4,heavy,clonotype65_consensus_1,ntd,clonotype65_consensus_1
CARFIPADNWFDPW,IGHV4-59,IGHJ5,heavy,clonotype208_consensus_1,ntd,clonotype208_consensus_1
CARLTSPMIAIGNDAFDIW,IGHV5-51,IGHJ3,heavy,clonotype55_consensus_1,ntd,clonotype55_consensus_1
CARHSTRDSSGYYYYYYGMDVW,IGHV5-10-1,IGHJ6,heavy,clonotype15_consensus_1,ntd,clonotype15_consensus_1
CARSDPYDFWSGYYGGSFDYW,IGHV1-18,IGHJ4,heavy,clonotype197_consensus_2,ntd,clonotype197_consensus_2
CARDGYSSGWPGGDAFDIW,IGHV4-59,IGHJ3,heavy,clonotype236_consensus_2,ntd,clonotype236_consensus_2
CASLYSSGWYLVDWYFDLW,IGHV4-59,IGHJ2,heavy,clonotype318_consensus_2,ntd,clonotype318_consensus_2
CARDHSGYEGFDYW,IGHV3-48,IGHJ4,heavy,clonotype266_consensus_1,ntd,clonotype266_consensus_1
CARGYSGYDYEGLGYYYYGMDVW,IGHV1-18,IGHJ6,heavy,clonotype216_consensus_1,ntd,clonotype216_consensus_1
CARENMGWSGYYMGYYYYYGMDVW,IGHV1-8,IGHJ6,heavy,clonotype202_consensus_1,ntd,clonotype202_consensus_1
CATGPAVAGTSNWFDPW,IGHV1-24,IGHJ5,heavy,clonotype344_consensus_1,ntd,clonotype344_consensus_1
CASMTTVTEGGNYW,IGHV3-30,IGHJ4,heavy,clonotype11_consensus_1,ntd,clonotype11_consensus_1
CASLSSSWYGYYYYGMDVW,IGHV1-69,IGHJ6,heavy,clonotype229_consensus_3,ntd,clonotype229_consensus_3
CARPHCSSTSCYAGGNWFDPW,IGHV4-39,IGHJ5,heavy,clonotype289_consensus_1,ntd,clonotype289_consensus_1
CARDILTGYQVTYYYYGMDVW,IGHV1-2,IGHJ6,heavy,clonotype142_consensus_1,ntd,clonotype142_consensus_1
CTYQGMYYYDSSGYYFDYW,IGHV3-73,IGHJ4,heavy,clonotype86_consensus_2,ntd,clonotype86_consensus_2
CAKEAGISITMVRGVPFDLW,IGHV3-23,IGHJ2,heavy,clonotype213_consensus_2,ntd,clonotype213_consensus_2
CARDTFGGVIPFDYW,IGHV3-74,IGHJ4,heavy,clonotype147_consensus_1,ntd,clonotype147_consensus_1
CARAQRGSSTSCFNWFDPW,IGHV3-64,IGHJ5,heavy,clonotype218_consensus_1,ntd,clonotype218_consensus_1
CARATYSSSGGYFDYW,IGHV3-48,IGHJ4,heavy,clonotype343_consensus_3,ntd,clonotype343_consensus_3
CTRGYCSSTSCYLEKEGDYW,IGHV3-73,IGHJ4,heavy,clonotype184_consensus_1,ntd,clonotype184_consensus_1
CATGLGYCSGGSCWGSYFDYW,IGHV1-46,IGHJ4,heavy,clonotype99_consensus_1,ntd,clonotype99_consensus_1
CARDGASSSGGDYYYYGMDVW,IGHV3-48,IGHJ6,heavy,clonotype29_consensus_2,ntd,clonotype29_consensus_2
CAREAGSGGRAGWFDPW,IGHV3-30,IGHJ5,heavy,clonotype40_consensus_1,ntd,clonotype40_consensus_1
CTTDPEDIVVVALGGPW,IGHV3-15,IGHJ5,heavy,clonotype68_consensus_1,ntd,clonotype68_consensus_1
CARPPNGVCLSRVGYFDYW,IGHV3-33,IGHJ4,heavy,clonotype100_consensus_1,ntd,clonotype100_consensus_1
CAKGPVERYQLLYFDYW,IGHV3-9,IGHJ4,heavy,clonotype211_consensus_1,ntd,clonotype211_consensus_1
CARDPAYLLGYFDYW,IGHV3-48,IGHJ4,heavy,clonotype340_consensus_1,ntd,clonotype340_consensus_1
CARGTVVTAIGGWFDPW,IGHV4-34,IGHJ5,heavy,clonotype340_consensus_3,ntd,clonotype340_consensus_3
CTTEGYSSSWLDYW,IGHV3-15,IGHJ4,heavy,clonotype93_consensus_2,ntd,clonotype93_consensus_2
CASLSCTRHVSDPW,IGHV4-4,IGHJ5,heavy,clonotype154_consensus_1,ntd,clonotype154_consensus_1
CAAPGIAAAGQNAFDIW,IGHV3-30-3,IGHJ3,heavy,clonotype309_consensus_2,ntd,clonotype309_consensus_2
CARDEAYYDFWSGSNQNYYYYGMDVW,IGHV3-33,IGHJ6,heavy,clonotype16_consensus_2,ntd,clonotype16_consensus_2
CAHSWGSYRHEHYFDYW,IGHV2-5,IGHJ4,heavy,clonotype304_consensus_2,ntd,clonotype304_consensus_2
CANSLSRSTSYYYYYGMDVW,IGHV3-30,IGHJ6,heavy,clonotype170_consensus_2,ntd,clonotype170_consensus_2
CAREGMVRGVHKSYYYYGMDVW,IGHV1-2,IGHJ6,heavy,clonotype187_consensus_1,ntd,clonotype187_consensus_1
CARDLGGFGESLYYGMDVW,IGHV3-11,IGHJ6,heavy,clonotype14_consensus_1,ntd,clonotype14_consensus_1
CATDQLNYFDYW,IGHV1-24,IGHJ4,heavy,clonotype264_consensus_2,ntd,clonotype264_consensus_2
CAKDTYYYGMDVW,IGHV3-9,IGHJ6,heavy,clonotype23_consensus_2,ntd,clonotype23_consensus_2
CAKDKYSGYDGYFDYW,IGHV3-23,IGHJ4,heavy,clonotype178_consensus_1,ntd,clonotype178_consensus_1
CARAMRWLLLTISWAPDYW,IGHV3-48,IGHJ4,heavy,clonotype127_consensus_2,ntd,clonotype127_consensus_2
CANCGGDADYYYGMDVW,IGHV3-23,IGHJ6,heavy,clonotype125_consensus_2,ntd,clonotype125_consensus_2
CARRYSSSWSRDNWFDPW,IGHV1-18,IGHJ5,heavy,clonotype237_consensus_1,ntd,clonotype237_consensus_1
CAKVEQQLGSPHYYYYYGMDVW,IGHV3-30,IGHJ6,heavy,clonotype316_consensus_2,ntd,clonotype316_consensus_2
CTTISSSSDYW,IGHV3-15,IGHJ4,heavy,clonotype61_consensus_3,ntd,clonotype61_consensus_3
CARRTMVRGGFDPW,IGHV1-18,IGHJ5,heavy,clonotype113_consensus_1,ntd,clonotype113_consensus_1
CARDRSSLYCGGDCYSGFDYW,IGHV1-3,IGHJ4,heavy,clonotype209_consensus_2,ntd,clonotype209_consensus_2
CARGGGDCAVGDYYYGMDVW,IGHV4-31,IGHJ6,heavy,clonotype52_consensus_2,ntd,clonotype52_consensus_2
CARETSITIFGVDYYGMDVW,IGHV1-18,IGHJ6,heavy,clonotype298_consensus_1,ntd,clonotype298_consensus_1
CARDQGRWGSGSYYNDAFDIW,IGHV4-59,IGHJ3,heavy,clonotype177_consensus_1,ntd,clonotype177_consensus_1
CARTYYYGSGSPFDYW,IGHV3-11,IGHJ4,heavy,clonotype212_consensus_2,ntd,clonotype212_consensus_2
CARVWARSGYFYFDYW,IGHV1-46,IGHJ4,heavy,clonotype303_consensus_1,ntd,clonotype303_consensus_1
CAREW*LLQVNDYW,IGHV3-74,IGHJ4,heavy,clonotype82_consensus_1,ntd,clonotype82_consensus_1
CARDSGGYSYGYNARYYYGMDVW,IGHV3-20,IGHJ6,heavy,clonotype327_consensus_1,ntd,clonotype327_consensus_1
CARGHTRYYYGSGSYYPTDYW,IGHV3-74,IGHJ4,heavy,clonotype286_consensus_2,ntd,clonotype286_consensus_2
CARGGKKYFGVVIIDDAFDIW,IGHV1-18,IGHJ3,heavy,clonotype337_consensus_2,ntd,clonotype337_consensus_2
CARASSSWYPNYYYGMDVW,IGHV7-4-1,IGHJ6,heavy,clonotype299_consensus_2,ntd,clonotype299_consensus_2
CARDVWYYDFWSGRISTPFDYW,IGHV3-21,IGHJ4,heavy,clonotype18_consensus_1,ntd,clonotype18_consensus_1
CARESGSYYFDYW,IGHV4-30-4,IGHJ4,heavy,clonotype121_consensus_1,ntd,clonotype121_consensus_1
CARGGRTYYYGSGSPGWDYW,IGHV1-3,IGHJ4,heavy,clonotype35_consensus_1,ntd,clonotype35_consensus_1
CARDSLYSSSVTPGGFDYW,IGHV4-31,IGHJ4,heavy,clonotype59_consensus_2,ntd,clonotype59_consensus_2
CARVVLLWFGEPHAFDIW,IGHV3-21,IGHJ3,heavy,clonotype96_consensus_1,ntd,clonotype96_consensus_1
CAADPAGYCSSTSCYANYYYYGMDVW,IGHV1-58,IGHJ6,heavy,clonotype232_consensus_1,ntd,clonotype232_consensus_1
CARWIQLWGGPSYYYYGMDVW,IGHV3-21,IGHJ6,heavy,clonotype94_consensus_1,ntd,clonotype94_consensus_1
CATISSTSSFLIYYYYGMDVW,IGHV1-24,IGHJ6,heavy,clonotype192_consensus_2,ntd,clonotype192_consensus_2
CARDHGDDFWSGYYYYYYGMDVW,IGHV3-48,IGHJ6,heavy,clonotype3_consensus_1,ntd,clonotype3_consensus_1
CARSRGQYSYGLGYYYYGMDVW,IGHV4-59,IGHJ6,heavy,clonotype3_consensus_4,ntd,clonotype3_consensus_4
CARSLGDKVFDYW,IGHV5-10-1,IGHJ4,heavy,clonotype252_consensus_3,ntd,clonotype252_consensus_3
CARGDYYDSSGYYYDAFDIW,IGHV3-7,IGHJ3,heavy,clonotype249_consensus_2,ntd,clonotype249_consensus_2
CADGGSRVPYGDYFRPYYYYGMDVW,IGHV4-34,IGHJ6,heavy,clonotype132_consensus_1,ntd,clonotype132_consensus_1
CAKDGPPGAADRPYCTNGVCYNWFDPW,IGHV3-23,IGHJ5,heavy,clonotype210_consensus_2,ntd,clonotype210_consensus_2
CAKDIYVRGRKDYYYGMDVW,IGHV3-9,IGHJ6,heavy,clonotype247_consensus_2,ntd,clonotype247_consensus_2
CARQVEYSSSSWTPRPYYFDYW,IGHV4-39,IGHJ4,heavy,clonotype268_consensus_1,ntd,clonotype268_consensus_1
CARGPGGYYYYYGMDVW,IGHV3-21,IGHJ6,heavy,clonotype294_consensus_1,ntd,clonotype294_consensus_1
CARATRTTYYYDSRDAFDIW,IGHV3-7,IGHJ3,heavy,clonotype58_consensus_1,ntd,clonotype58_consensus_1
CARDPPYGSGSYYIFDYW,IGHV3-33,IGHJ4,heavy,clonotype135_consensus_1,ntd,clonotype135_consensus_1
CARDPSCSFFSYWYFDLW,IGHV4-59,IGHJ2,heavy,clonotype282_consensus_2,ntd,clonotype282_consensus_2
CARGRGYCSGGSCYSDYFDYW,IGHV3-7,IGHJ4,heavy,clonotype130_consensus_1,ntd,clonotype130_consensus_1
CARLCSGGMGGWSTAFDYW,IGHV5-10-1,IGHJ4,heavy,clonotype80_consensus_1,ntd,clonotype80_consensus_1
CARSSQQLVNWFDPW,IGHV4-34,IGHJ5,heavy,clonotype4_consensus_3,ntd,clonotype4_consensus_3
CAKEGYSSGWYFDYW,IGHV3-23,IGHJ4,heavy,clonotype33_consensus_2,ntd,clonotype33_consensus_2
CASGEVGYQLLCLYYYYYGMDVW,IGHV4-39,IGHJ6,heavy,clonotype21_consensus_2,ntd,clonotype21_consensus_2
CAREGNLHYYYYGMDVW,IGHV3-30,IGHJ6,heavy,clonotype72_consensus_1,ntd,clonotype72_consensus_1
CARGAGRNVLLWFGGFDPW,IGHV1-3,IGHJ5,heavy,clonotype186_consensus_2,ntd,clonotype186_consensus_2
CARDSRGSSSWYNLGDYW,IGHV1-3,IGHJ4,heavy,clonotype136_consensus_1,ntd,clonotype136_consensus_1
CAKRTDGWFGDFDYW,IGHV3-23,IGHJ4,heavy,clonotype8_consensus_2,ntd,clonotype8_consensus_2
CARVPTYYYDSSGSKGGMDVW,IGHV3-72,IGHJ6,heavy,clonotype88_consensus_2,ntd,clonotype88_consensus_2
CARPGRRHCSGGSCYIPDYYYGMDVW,IGHV1-69,IGHJ6,heavy,clonotype13_consensus_2,ntd,clonotype13_consensus_2
CARAQQLVGATGFDYW,IGHV3-21,IGHJ4,heavy,clonotype120_consensus_2,ntd,clonotype120_consensus_2
CARDQPARLGYYYYGMDVW,IGHV3-48,IGHJ6,heavy,clonotype46_consensus_1,ntd,clonotype46_consensus_1
CARDGHDYYGSGSYYDFDYW,IGHV3-7,IGHJ4,heavy,clonotype308_consensus_1,ntd,clonotype308_consensus_1
CARDLWGYSSGWYREDYW,IGHV3-30-3,IGHJ4,heavy,clonotype138_consensus_1,ntd,clonotype138_consensus_1
CARSTVVALDVDAFDIW,IGHV3-53,IGHJ3,heavy,clonotype38_consensus_2,ntd,clonotype38_consensus_2
CARSLPNIVVVPAAIRTAEYFQHW,IGHV4-39,IGHJ1,heavy,clonotype163_consensus_1,ntd,clonotype163_consensus_1
CARERVIGIFGVVTAFDIW,IGHV7-4-1,IGHJ3,heavy,clonotype9_consensus_2,ntd,clonotype9_consensus_2
CAKDGWYYDSSGSGNWFDPW,IGHV3-23,IGHJ5,heavy,clonotype323_consensus_1,ntd,clonotype323_consensus_1
CAREPVLRYFDWTRHSYYFDYW,IGHV3-21,IGHJ4,heavy,clonotype85_consensus_1,ntd,clonotype85_consensus_1
CARDFRVCSGSYYYYYYYGMDVW,IGHV3-30-3,IGHJ6,heavy,clonotype45_consensus_1,ntd,clonotype45_consensus_1
CARYPLGVSSPMVRGVIYYYYYGMDVW,IGHV5-10-1,IGHJ6,heavy,clonotype84_consensus_1,ntd,clonotype84_consensus_1
CARVNGSGSRDAFDIW,IGHV1-2,IGHJ3,heavy,clonotype25_consensus_2,ntd,clonotype25_consensus_2
CARAKWLRSYYFDYW,IGHV3-48,IGHJ4,heavy,clonotype75_consensus_1,ntd,clonotype75_consensus_1
CARAGLCSGSYYYYYGMDVW,IGHV1-18,IGHJ6,heavy,clonotype81_consensus_1,ntd,clonotype81_consensus_1
CTTEDIVVVVAATQHPW,IGHV3-15,IGHJ5,heavy,clonotype51_consensus_1,ntd,clonotype51_consensus_1
CAKEGKYCSSTSCPIGDPW,IGHV3-30,IGHJ5,heavy,clonotype133_consensus_2,ntd,clonotype133_consensus_2
CARGYNWNDDAFDIW,IGHV3-21,IGHJ3,heavy,clonotype66_consensus_1,ntd,clonotype66_consensus_1
CAKDHGDGELFLDGWFDPW,IGHV3-23,IGHJ5,heavy,clonotype301_consensus_2,ntd,clonotype301_consensus_2
CARDKGTQHSFTLFVAAAGTGDAFDIW,IGHV3-33,IGHJ3,heavy,clonotype285_consensus_2,ntd,clonotype285_consensus_2
CARGYYDFWSGYFDYW,IGHV3-33,IGHJ4,heavy,clonotype277_consensus_2,ntd,clonotype277_consensus_2
CARSPYYGSGSYYYYYYYGMDVW,IGHV3-33,IGHJ6,heavy,clonotype272_consensus_1,ntd,clonotype272_consensus_1
CTTGMVRGVMDTDPW,IGHV3-15,IGHJ5,heavy,clonotype41_consensus_2,ntd,clonotype41_consensus_2
CARWFLGSSGWSWDYW,IGHV5-10-1,IGHJ4,heavy,clonotype200_consensus_2,ntd,clonotype200_consensus_2
CARGGGGSCYGLGMDVW,IGHV3-30-3,IGHJ6,heavy,clonotype30_consensus_2,ntd,clonotype30_consensus_2
CAREDPNYGSGSGWFDPW,IGHV3-48,IGHJ5,heavy,clonotype295_consensus_2,ntd,clonotype295_consensus_2
CAKGGSSGWYRYFQHW,IGHV3-23,IGHJ1,heavy,clonotype257_consensus_2,ntd,clonotype257_consensus_2
CARDSIVVVVAATEYFQHW,IGHV3-30,IGHJ1,heavy,clonotype141_consensus_2,ntd,clonotype141_consensus_2
CAVGGYDWGGYYYYGMDVW,IGHV4-30-4,IGHJ6,heavy,clonotype159_consensus_1,ntd,clonotype159_consensus_1
CARDLRFLDYYYYYGMDVW,IGHV3-7,IGHJ6,heavy,clonotype332_consensus_1,ntd,clonotype332_consensus_1
CARDTMVRGGLGDNWFDPW,IGHV3-21,IGHJ5,heavy,clonotype19_consensus_2,ntd,clonotype19_consensus_2
CARGLQLELYGMDVW,IGHV3-21,IGHJ6,heavy,clonotype310_consensus_1,ntd,clonotype310_consensus_1
CARDRLGELEYYFDYW,IGHV3-21,IGHJ4,heavy,clonotype123_consensus_1,ntd,clonotype123_consensus_1
CARGQRGDSSGYYYNTLYYFDYW,IGHV3-13,IGHJ4,heavy,clonotype31_consensus_1,ntd,clonotype31_consensus_1
CARDSSGYYFDYW,IGHV3-30-3,IGHJ4,heavy,clonotype214_consensus_1,ntd,clonotype214_consensus_1
CARDITGTAEYFQHW,IGHV3-11,IGHJ1,heavy,clonotype90_consensus_2,ntd,clonotype90_consensus_2
CARVTGTNYFDYW,IGHV4-34,IGHJ4,heavy,clonotype153_consensus_1,ntd,clonotype153_consensus_1
CAKGDYDILTGY*PYYFDYW,IGHV3-23,IGHJ4,heavy,clonotype50_consensus_1,ntd,clonotype50_consensus_1
CARRV*QWLVGGLGAFDIW,IGHV5-51,IGHJ3,heavy,clonotype27_consensus_2,ntd,clonotype27_consensus_2
CAILGRSRWYNQDLNWFDPW,IGHV1-2,IGHJ5,heavy,clonotype230_consensus_2,ntd,clonotype230_consensus_2
CARDHHCTGGAGALGYYYYGMDVW,IGHV4-39,IGHJ6,heavy,clonotype198_consensus_1,ntd,clonotype198_consensus_1
CARTGYSGYYFDYW,IGHV3-11,IGHJ4,heavy,clonotype345_consensus_3,ntd,clonotype345_consensus_3
CAREVVLYWWANYFDYW,IGHV4-31,IGHJ4,heavy,clonotype98_consensus_2,ntd,clonotype98_consensus_2
CARQVGAIGYYGMDVW,IGHV5-51,IGHJ6,heavy,clonotype47_consensus_1,ntd,clonotype47_consensus_1
CARDYYDSSGYYYDAYLYFDYW,IGHV3-48,IGHJ4,heavy,clonotype67_consensus_2,ntd,clonotype67_consensus_2
CARRVHYYDSSGYYYIEYYFDYW,IGHV4-39,IGHJ4,heavy,clonotype242_consensus_2,ntd,clonotype242_consensus_2
CATLYDFWSGYYTSDYW,IGHV3-9,IGHJ4,heavy,clonotype279_consensus_1,ntd,clonotype279_consensus_1
CAKILNYYDSSGYYYFDYW,IGHV3-30,IGHJ4,heavy,clonotype44_consensus_1,ntd,clonotype44_consensus_1
CARGVGSSSWYRSSYFQHW,IGHV3-30,IGHJ1,heavy,clonotype248_consensus_2,ntd,clonotype248_consensus_2
CAREQQLDINWFDPW,IGHV1-3,IGHJ5,heavy,clonotype238_consensus_2,ntd,clonotype238_consensus_2
CARVSYGEGYSSGWYYFDYW,IGHV7-4-1,IGHJ4,heavy,clonotype24_consensus_1,ntd,clonotype24_consensus_1
CARGGWVYYGSGSYPFDYW,IGHV4-34,IGHJ4,heavy,clonotype276_consensus_1,ntd,clonotype276_consensus_1
CARETRGYSYGLYYYYGMDVW,IGHV3-72,IGHJ6,heavy,clonotype302_consensus_2,ntd,clonotype302_consensus_2
CAKDYVVVTAGRYFDYW,IGHV3-23,IGHJ4,heavy,clonotype311_consensus_2,ntd,clonotype311_consensus_2
CARESDRYSSSWYPQYFQHW,IGHV1-3,IGHJ1,heavy,clonotype39_consensus_1,ntd,clonotype39_consensus_1
CTTDRYYDYVWGSYRTPGYW,IGHV3-15,IGHJ4,heavy,clonotype274_consensus_2,ntd,clonotype274_consensus_2
CAREGSLGAFDIW,IGHV3-7,IGHJ3,heavy,clonotype70_consensus_2,ntd,clonotype70_consensus_2
CARHVSSYWGSYRTPIPYFDYW,IGHV4-59,IGHJ4,heavy,clonotype1_consensus_2,ntd,clonotype1_consensus_2
CARCSGSYLYYYYYGMDVW,IGHV3-7,IGHJ6,heavy,clonotype168_consensus_2,ntd,clonotype168_consensus_2
CARRPYSSSSSWYFDLW,IGHV4-39,IGHJ2,heavy,clonotype265_consensus_1,ntd,clonotype265_consensus_1
CARLSSSIAAAGFNWFDPW,IGHV4-59,IGHJ5,heavy,clonotype63_consensus_2,ntd,clonotype63_consensus_2
CARGGFPILYGSGRKIGHYYYGMDVW,IGHV4-59,IGHJ6,heavy,clonotype73_consensus_1,ntd,clonotype73_consensus_1
CARDSSGPYWYFDLW,IGHV3-7,IGHJ2,heavy,clonotype273_consensus_2,ntd,clonotype273_consensus_2
CTTEHSVTGLSYYYDSSGYLEYFQHW,IGHV3-15,IGHJ1,heavy,clonotype231_consensus_1,ntd,clonotype231_consensus_1
CASNPYDSSGYFDPW,IGHV3-21,IGHJ5,heavy,clonotype2_consensus_1,ntd,clonotype2_consensus_1
CARSGHLGRARHFWSGYLYYFDYW,IGHV3-30,IGHJ4,heavy,clonotype117_consensus_1,ntd,clonotype117_consensus_1
CAKDIVGATYFDYW,IGHV3-23,IGHJ4,heavy,clonotype151_consensus_2,ntd,clonotype151_consensus_2
CARHVMGSDAFDIW,IGHV4-39,IGHJ3,heavy,clonotype12_consensus_2,ntd,clonotype12_consensus_2
CARSKMAQWLVWDAFDIW,IGHV4-59,IGHJ3,heavy,clonotype306_consensus_1,ntd,clonotype306_consensus_1
CARDIV*LELRDW,IGHV3-48,IGHJ4,heavy,clonotype284_consensus_1,ntd,clonotype284_consensus_1
CARDFVDFWSGYYTSWGFDYW,IGHV3-30-3,IGHJ4,heavy,clonotype199_consensus_1,ntd,clonotype199_consensus_1
CARGGDYSGYDLSVLYGMDVW,IGHV1-18,IGHJ6,heavy,clonotype199_consensus_2,ntd,clonotype199_consensus_2
